ProductionFileName,class,cbo,wmc,dit,rfc,lcom,tcc,lcc,totalMethodsQty,staticMethodsQty,publicMethodsQty,privateMethodsQty,protectedMethodsQty,defaultMethodsQty,visibleMethodsQty,abstractMethodsQty,finalMethodsQty,synchronizedMethodsQty,totalFieldsQty,staticFieldsQty,publicFieldsQty,privateFieldsQty,protectedFieldsQty,defaultFieldsQty,finalFieldsQty,synchronizedFieldsQty,nosi,loc,returnQty,loopQty,comparisonsQty,tryCatchQty,parenthesizedExpsQty,stringLiteralsQty,numbersQty,assignmentsQty,mathOperationsQty,variablesQty,maxNestedBlocksQty,anonymousClassesQty,innerClassesQty,lambdasQty,uniqueWordsQty,modifiers,logStatementsQty,App,TestFileName,Assertion Roulette,Eager Test,Mystery Guest,Sleepy Test,Unknown Test,Redundant Assertion,Dependent Test,Magic Number Test,Conditional Test Logic,EmptyTest,General Fixture,IgnoredTest,Sensitive Equality,Verbose Test,Default Test,Resource Optimism,Duplicate Assert,Exception Catching Throwing,Constructor Initialization,Print Statement,Lazy Test
/home/luana-martins/.jnose_projects/ExoPlayer/testutils/src/main/java/com/google/android/exoplayer2/testutil/FakeDataSource.java,com.google.android.exoplayer2.testutil.FakeDataSource,13,35,2,28,23,0.0,0.0,11,0,10,0,1,0,11,0,7,0,8,0,0,8,0,0,2,0,13,151,8,3,10,0,3,2,7,31,7,16,3,0,1,0,75,1,0,ExoPlayer,FakeDataSourceTest,38,7,0,0,0,0,0,27,3,0,1,0,0,3,0,0,12,5,0,0,8
/home/luana-martins/.jnose_projects/ExoPlayer/testutils/src/main/java/com/google/android/exoplayer2/testutil/AdditionalFailureInfo.java,com.google.android.exoplayer2.testutil.AdditionalFailureInfo,7,3,4,1,1,0.0,0.0,3,0,3,0,0,0,3,0,0,0,1,0,0,1,0,0,1,0,0,47,1,0,0,0,0,0,1,1,0,1,0,1,1,0,78,17,0,ExoPlayer,AdditionalFailureInfoTest,18,1,0,0,0,0,0,0,0,0,0,0,2,0,0,0,3,0,0,0,2
/home/luana-martins/.jnose_projects/ExoPlayer/testutils/src/main/java/com/google/android/exoplayer2/testutil/FakeAdaptiveDataSet.java,com.google.android.exoplayer2.testutil.FakeAdaptiveDataSet,7,13,3,6,1,0.0,0.0,6,0,5,0,0,1,6,0,0,0,3,0,0,3,0,0,3,0,0,81,5,3,3,0,7,1,13,15,19,14,2,0,2,0,78,17,0,ExoPlayer,FakeAdaptiveDataSetTest,15,3,0,0,0,0,0,2,3,0,0,0,0,0,0,0,0,0,0,0,5
/home/luana-martins/.jnose_projects/ExoPlayer/testutils/src/main/java/com/google/android/exoplayer2/testutil/FakeDataSet.java,com.google.android.exoplayer2.testutil.FakeDataSet,6,13,1,12,39,0.0,0.0,11,0,11,0,0,0,11,0,0,0,2,0,0,2,0,0,1,0,1,140,10,0,2,0,0,0,0,5,0,5,1,0,1,0,125,1,0,ExoPlayer,FakeDataSetTest,7,2,0,0,0,0,0,5,4,0,0,0,0,0,0,0,0,0,0,0,5
/home/luana-martins/.jnose_projects/ExoPlayer/testutils/src/main/java/com/google/android/exoplayer2/testutil/FakeClock.java,com.google.android.exoplayer2.testutil.FakeClock,9,23,1,15,5,0.0,0.0,11,0,8,1,2,0,10,0,0,7,4,0,0,4,0,0,3,0,0,156,11,4,1,1,0,1,5,9,3,8,2,0,2,0,100,1,0,ExoPlayer,FakeClockTest,15,6,0,0,0,0,0,0,2,0,0,0,0,2,0,0,2,0,0,0,9
/home/luana-martins/.jnose_projects/ExoPlayer/testutils/src/main/java/com/google/android/exoplayer2/testutil/WebServerDispatcher.java,com.google.android.exoplayer2.testutil.WebServerDispatcher,14,48,2,45,19,0.0,0.0,7,5,2,5,0,0,2,0,0,0,2,1,0,2,0,0,2,0,24,219,16,2,17,0,5,41,21,35,10,28,3,0,1,0,151,1,0,ExoPlayer,WebServerDispatcherTest,105,0,0,0,0,0,0,0,0,0,0,0,0,0,0,0,0,28,0,0,1
/home/luana-martins/.jnose_projects/ExoPlayer/testutils/src/main/java/com/google/android/exoplayer2/testutil/truth/SpannedSubject.java,com.google.android.exoplayer2.testutil.truth.SpannedSubject,41,89,11,66,683,0.0,0.0,47,14,29,18,0,0,29,0,0,0,10,9,0,10,0,0,10,0,28,596,62,4,24,0,1,47,11,33,0,44,2,0,18,17,185,17,0,ExoPlayer,SpannedSubjectTest,67,51,0,0,36,0,0,0,0,0,0,0,0,3,0,0,13,0,0,0,63
/home/luana-martins/.jnose_projects/ExoPlayer/extensions/okhttp/src/main/java/com/google/android/exoplayer2/ext/okhttp/OkHttpDataSource.java,com.google.android.exoplayer2.ext.okhttp.OkHttpDataSource,26,62,2,57,110,0.0,0.0,21,0,13,5,3,0,17,0,3,0,15,1,0,15,0,0,6,0,17,274,14,2,30,3,3,13,17,49,7,37,2,0,1,0,189,1,0,ExoPlayer,OkHttpDataSourceTest,10,3,0,0,0,0,0,0,0,0,0,0,0,1,0,0,0,0,0,0,3
/home/luana-martins/.jnose_projects/ExoPlayer/extensions/cronet/src/main/java/com/google/android/exoplayer2/ext/cronet/ByteArrayUploadDataProvider.java,com.google.android.exoplayer2.ext.cronet.ByteArrayUploadDataProvider,3,4,2,5,0,0.0,0.0,4,0,4,0,0,0,4,0,0,0,2,0,0,2,0,0,1,0,1,20,1,0,0,0,0,0,1,4,1,3,0,0,0,0,26,16,0,ExoPlayer,ByteArrayUploadDataProviderTest,6,1,0,0,0,0,0,0,0,0,1,0,0,0,0,0,2,0,0,0,1
/home/luana-martins/.jnose_projects/ExoPlayer/extensions/cronet/src/main/java/com/google/android/exoplayer2/ext/cronet/CronetDataSource.java,com.google.android.exoplayer2.ext.cronet.CronetDataSource,31,115,7,97,318,0.0,0.0,33,7,17,13,3,0,21,0,0,1,31,8,2,28,0,1,20,0,43,632,27,6,38,6,1,30,42,100,19,74,4,1,3,0,274,1,0,ExoPlayer,CronetDataSourceTest,98,36,0,0,11,0,0,1,0,0,5,0,0,8,0,0,19,15,0,0,11
/home/luana-martins/.jnose_projects/ExoPlayer/extensions/ima/src/main/java/com/google/android/exoplayer2/ext/ima/ImaAdsLoader.java,com.google.android.exoplayer2.ext.ima.ImaAdsLoader,29,59,1,56,62,0.0,0.0,20,0,16,4,0,0,17,0,0,0,12,0,0,12,0,0,7,0,15,329,16,3,27,0,0,2,0,35,0,30,2,0,2,0,265,17,0,ExoPlayer,ImaAdsLoaderTest,32,15,0,0,15,0,0,0,0,0,5,0,0,12,0,0,0,0,0,0,22
/home/luana-martins/.jnose_projects/ExoPlayer/extensions/cast/src/main/java/com/google/android/exoplayer2/ext/cast/CastTrackSelection.java,com.google.android.exoplayer2.ext.cast.CastTrackSelection,6,17,1,4,6,0.0,0.0,9,0,9,0,0,0,9,0,0,0,1,0,0,1,0,0,1,0,2,38,10,0,8,0,0,3,9,2,0,2,1,0,0,0,42,0,0,ExoPlayer,CastTrackSelectionTest,7,1,0,0,0,0,0,5,0,0,0,0,0,0,0,0,0,0,0,0,3
/home/luana-martins/.jnose_projects/ExoPlayer/extensions/cast/src/main/java/com/google/android/exoplayer2/ext/cast/CastTimelineTracker.java,com.google.android.exoplayer2.ext.cast.CastTimelineTracker,10,13,1,21,0,0.0,0.0,4,0,2,2,0,0,2,0,0,0,1,0,0,1,0,0,1,0,1,50,2,3,5,0,1,0,3,12,2,10,2,0,0,0,72,16,0,ExoPlayer,CastTimelineTrackerTest,0,1,0,0,0,0,0,0,0,0,0,0,0,1,0,0,0,0,0,0,0
/home/luana-martins/.jnose_projects/ExoPlayer/extensions/cast/src/main/java/com/google/android/exoplayer2/ext/cast/CastPlayer.java,com.google.android.exoplayer2.ext.cast.CastPlayer,56,198,3,105,2442,0.0,0.0,81,6,60,21,0,0,61,0,0,0,28,8,0,28,0,0,17,0,18,646,81,5,66,0,1,6,27,106,9,89,2,2,3,10,311,17,0,ExoPlayer,CastPlayerTest,23,6,0,0,10,0,0,0,1,0,1,0,0,0,0,0,7,0,0,0,8
/home/luana-martins/.jnose_projects/ExoPlayer/extensions/media2/src/main/java/com/google/android/exoplayer2/ext/media2/SessionPlayerConnector.java,com.google.android.exoplayer2.ext.media2.SessionPlayerConnector,31,84,2,70,0,0.0,0.0,50,0,37,9,0,4,42,0,0,0,12,3,0,12,0,0,9,0,34,428,51,4,7,5,8,9,18,50,1,51,4,0,2,23,216,17,0,ExoPlayer,SessionPlayerConnectorTest,95,38,0,2,1,0,0,1,10,0,3,1,0,11,0,0,8,11,0,0,36
/home/luana-martins/.jnose_projects/ExoPlayer/extensions/media2/src/main/java/com/google/android/exoplayer2/ext/media2/SessionCallbackBuilder.java,com.google.android.exoplayer2.ext.media2.SessionCallbackBuilder,15,13,1,2,42,0.0,0.0,12,0,12,0,0,0,12,0,0,0,13,1,1,12,0,0,3,0,2,138,11,0,1,0,0,0,1,14,0,13,0,0,9,0,126,17,0,ExoPlayer,SessionCallbackBuilderTest,26,13,0,0,0,0,0,6,4,0,1,0,1,7,0,0,4,14,0,0,24
/home/luana-martins/.jnose_projects/ExoPlayer/extensions/media2/src/main/java/com/google/android/exoplayer2/ext/media2/DefaultMediaItemConverter.java,com.google.android.exoplayer2.ext.media2.DefaultMediaItemConverter,15,17,1,22,3,0.0,0.0,3,0,2,0,1,0,3,0,0,0,0,0,0,0,0,0,0,0,2,70,4,0,10,0,0,4,1,25,1,15,3,0,0,0,70,1,0,ExoPlayer,DefaultMediaItemConverterTest,2,0,0,0,0,0,0,0,0,0,0,0,0,0,0,0,0,0,0,0,2
/home/luana-martins/.jnose_projects/ExoPlayer/robolectricutils/src/main/java/com/google/android/exoplayer2/robolectric/RobolectricUtil.java,com.google.android.exoplayer2.robolectric.RobolectricUtil,7,9,1,8,9,0.0,0.0,6,5,5,1,0,0,5,0,0,0,1,1,1,0,0,0,1,0,3,35,1,1,1,0,0,0,2,3,2,3,2,1,0,0,80,17,0,ExoPlayer,RobolectricUtilTest,4,0,0,0,2,0,0,0,0,0,0,0,0,0,0,0,0,0,0,0,2
/home/luana-martins/.jnose_projects/ExoPlayer/library/core/src/main/java/com/google/android/exoplayer2/metadata/icy/IcyDecoder.java,com.google.android.exoplayer2.metadata.icy.IcyDecoder,8,10,2,14,1,0.0,0.0,3,0,1,1,1,0,2,0,0,0,5,3,0,5,0,0,5,0,2,62,5,1,2,2,0,3,3,16,0,13,3,0,0,0,48,17,0,ExoPlayer,IcyDecoderTest,44,0,0,0,0,0,0,0,0,0,0,0,0,0,0,0,0,0,0,0,0
/home/luana-martins/.jnose_projects/ExoPlayer/library/core/src/main/java/com/google/android/exoplayer2/metadata/icy/IcyHeaders.java,com.google.android.exoplayer2.metadata.icy.IcyHeaders,8,31,1,15,0,0.0,0.0,8,1,7,0,0,1,8,0,0,0,16,10,9,7,0,0,16,0,12,141,7,0,16,2,4,18,23,59,18,28,3,1,0,0,92,17,0,ExoPlayer,IcyHeadersTest,1,1,0,0,0,0,0,0,0,0,0,0,0,0,0,0,0,0,0,0,0
/home/luana-martins/.jnose_projects/ExoPlayer/library/core/src/main/java/com/google/android/exoplayer2/metadata/icy/IcyInfo.java,com.google.android.exoplayer2.metadata.icy.IcyInfo,7,10,1,9,0,0.0,0.0,7,0,6,0,0,1,7,0,0,0,4,1,4,0,0,0,4,0,4,48,6,0,3,0,0,1,1,8,0,5,1,1,0,0,59,17,0,ExoPlayer,IcyInfoTest,1,1,0,0,0,0,0,0,0,0,0,0,0,0,0,0,0,0,0,0,0
/home/luana-martins/.jnose_projects/ExoPlayer/library/core/src/main/java/com/google/android/exoplayer2/metadata/scte35/SpliceInfoDecoder.java,com.google.android.exoplayer2.metadata.scte35.SpliceInfoDecoder,15,10,2,13,0,0.0,0.0,2,0,1,0,1,0,2,0,0,0,8,5,0,8,0,0,7,0,4,52,1,0,3,0,1,1,13,20,2,14,1,0,0,0,60,17,0,ExoPlayer,SpliceInfoDecoderTest,29,0,0,0,0,0,0,0,0,0,2,0,0,1,0,0,11,0,0,0,0
/home/luana-martins/.jnose_projects/ExoPlayer/library/core/src/main/java/com/google/android/exoplayer2/metadata/dvbsi/AppInfoTableDecoder.java,com.google.android.exoplayer2.metadata.dvbsi.AppInfoTableDecoder,7,13,2,12,1,,,2,1,0,1,1,0,1,0,0,0,4,4,1,3,0,0,4,0,1,58,2,4,6,0,0,1,24,24,7,22,6,0,0,0,84,17,0,ExoPlayer,AppInfoTableDecoderTest,9,0,0,0,0,0,0,0,0,0,0,0,0,0,0,0,0,0,0,0,1
/home/luana-martins/.jnose_projects/ExoPlayer/library/core/src/main/java/com/google/android/exoplayer2/metadata/MetadataRenderer.java,com.google.android.exoplayer2.metadata.MetadataRenderer,25,35,2,33,63,0.0,0.0,15,0,8,4,3,0,11,0,0,0,15,3,0,15,0,0,9,0,11,144,6,1,9,0,2,1,9,35,4,27,5,0,0,0,139,17,0,ExoPlayer,MetadataRendererTest,10,0,0,0,0,0,0,3,0,0,0,0,0,0,0,0,0,0,0,0,0
/home/luana-martins/.jnose_projects/ExoPlayer/library/core/src/main/java/com/google/android/exoplayer2/MetadataRetriever.java,com.google.android.exoplayer2.MetadataRetriever,12,5,1,4,10,0.0,0.0,5,4,2,2,0,1,3,0,0,0,0,0,0,0,0,0,0,0,3,112,4,0,0,0,0,0,0,2,0,2,0,0,1,0,44,17,0,ExoPlayer,MetadataRetrieverTest,28,0,0,0,0,0,0,6,0,0,0,0,0,1,0,0,0,0,0,0,0
/home/luana-martins/.jnose_projects/ExoPlayer/library/core/src/main/java/com/google/android/exoplayer2/mediacodec/AsynchronousMediaCodecBufferEnqueuer.java,com.google.android.exoplayer2.mediacodec.AsynchronousMediaCodecBufferEnqueuer,21,41,1,41,142,0.0,0.0,21,6,7,12,0,2,9,0,0,0,12,5,0,12,0,0,10,0,22,209,9,0,6,3,0,3,10,30,0,21,3,1,1,0,191,0,0,ExoPlayer,AsynchronousMediaCodecBufferEnqueuerTest,5,9,0,0,4,0,0,2,0,0,2,0,0,0,0,0,1,0,0,0,10
/home/luana-martins/.jnose_projects/ExoPlayer/library/core/src/main/java/com/google/android/exoplayer2/mediacodec/MediaCodecUtil.java,com.google.android.exoplayer2.mediacodec.MediaCodecUtil,23,355,3,82,629,0.0,0.0,38,37,8,30,0,0,8,0,0,2,11,11,0,11,0,0,10,0,87,902,227,3,31,8,20,179,212,80,41,74,3,0,6,4,300,17,0,ExoPlayer,MediaCodecUtilTest,2,0,0,0,0,0,0,0,0,0,0,0,0,0,0,0,0,0,0,0,1
/home/luana-martins/.jnose_projects/ExoPlayer/library/core/src/main/java/com/google/android/exoplayer2/mediacodec/MediaCodecInfo.java,com.google.android.exoplayer2.mediacodec.MediaCodecInfo,20,141,1,51,0,0.0,0.0,32,16,14,17,0,1,15,0,1,0,13,2,12,1,0,0,13,0,33,368,60,2,46,0,8,44,49,69,13,40,4,0,0,0,314,17,0,ExoPlayer,MediaCodecInfoTest,24,0,0,0,0,0,0,0,0,0,0,0,0,0,0,0,0,0,0,0,2
/home/luana-martins/.jnose_projects/ExoPlayer/library/core/src/main/java/com/google/android/exoplayer2/mediacodec/AsynchronousMediaCodecCallback.java,com.google.android.exoplayer2.mediacodec.AsynchronousMediaCodecCallback,16,38,2,28,14,0.0,0.0,20,0,10,9,0,1,11,0,0,0,13,0,0,13,0,0,6,0,3,183,10,0,6,1,0,17,5,22,0,18,4,0,0,1,141,16,0,ExoPlayer,AsynchronousMediaCodecCallbackTest,48,20,0,0,0,0,0,0,0,0,2,0,0,0,0,0,7,1,0,0,18
/home/luana-martins/.jnose_projects/ExoPlayer/library/core/src/main/java/com/google/android/exoplayer2/mediacodec/C2Mp3TimestampTracker.java,com.google.android.exoplayer2.mediacodec.C2Mp3TimestampTracker,6,7,1,5,0,0.0,0.0,3,0,2,1,0,0,2,0,0,0,5,2,0,5,0,0,2,0,3,40,5,1,2,0,0,2,9,16,4,10,1,0,0,0,91,16,0,ExoPlayer,C2Mp3TimestampTrackerTest,5,1,0,0,0,0,0,0,0,0,0,0,0,0,0,0,0,0,0,0,1
/home/luana-martins/.jnose_projects/ExoPlayer/library/core/src/main/java/com/google/android/exoplayer2/mediacodec/BatchBuffer.java,com.google.android.exoplayer2.mediacodec.BatchBuffer,7,22,3,14,8,0.0,0.0,9,0,8,1,0,0,8,0,0,0,5,2,1,3,0,1,2,0,4,71,11,0,5,0,0,0,9,9,2,7,2,0,0,0,124,16,0,ExoPlayer,BatchBufferTest,30,8,0,0,0,0,0,0,2,0,0,0,0,0,0,0,4,0,0,0,5
/home/luana-martins/.jnose_projects/ExoPlayer/library/core/src/main/java/com/google/android/exoplayer2/mediacodec/AsynchronousMediaCodecAdapter.java,com.google.android.exoplayer2.mediacodec.AsynchronousMediaCodecAdapter,22,32,1,33,0,0.0,0.0,24,3,17,5,0,2,19,0,0,0,10,4,0,10,0,0,8,0,3,152,8,0,5,2,0,6,5,14,0,14,2,0,1,1,106,16,0,ExoPlayer,AsynchronousMediaCodecAdapterTest,15,11,0,0,0,0,0,0,0,0,3,0,0,0,0,0,3,0,0,0,7
/home/luana-martins/.jnose_projects/ExoPlayer/library/core/src/main/java/com/google/android/exoplayer2/MediaPeriodQueue.java,com.google.android.exoplayer2.MediaPeriodQueue,22,110,1,52,176,0.0,0.0,32,1,18,14,0,0,18,0,0,0,14,1,0,14,0,0,5,0,9,386,49,8,63,0,5,0,14,120,6,84,4,0,0,1,292,16,0,ExoPlayer,MediaPeriodQueueTest,10,0,0,0,0,0,0,2,0,0,5,0,0,3,0,0,0,0,0,0,1
/home/luana-martins/.jnose_projects/ExoPlayer/library/core/src/main/java/com/google/android/exoplayer2/MediaSourceList.java,com.google.android.exoplayer2.MediaSourceList,29,62,1,73,149,0.0,0.0,27,5,15,12,0,0,15,0,0,0,12,1,0,12,0,0,9,0,18,367,19,9,8,1,2,2,18,62,11,51,4,0,4,1,204,16,0,ExoPlayer,MediaSourceListTest,33,16,0,0,1,0,0,4,3,0,0,0,0,7,0,0,8,0,0,0,9
/home/luana-martins/.jnose_projects/ExoPlayer/library/core/src/main/java/com/google/android/exoplayer2/DefaultMediaClock.java,com.google.android.exoplayer2.DefaultMediaClock,10,26,1,20,0,0.0,0.0,12,0,10,2,0,0,10,0,0,0,6,0,0,6,0,0,2,0,3,92,6,0,7,0,2,1,0,17,0,10,2,0,1,0,89,16,0,ExoPlayer,DefaultMediaClockTest,17,27,0,0,7,0,0,0,0,0,2,0,0,0,0,0,1,1,0,0,16
/home/luana-martins/.jnose_projects/ExoPlayer/library/core/src/main/java/com/google/android/exoplayer2/DefaultRenderersFactory.java,com.google.android.exoplayer2.DefaultRenderersFactory,26,36,1,20,30,0.0,0.0,21,0,14,0,7,0,21,0,0,0,17,6,5,12,0,0,7,0,11,190,14,0,5,5,0,17,6,45,0,38,1,0,0,0,301,1,0,ExoPlayer,DefaultRenderersFactoryTest,0,0,0,0,0,0,0,0,0,0,0,0,0,0,0,0,0,0,0,0,0
/home/luana-martins/.jnose_projects/ExoPlayer/library/core/src/main/java/com/google/android/exoplayer2/DefaultRenderersFactory.java,com.google.android.exoplayer2.DefaultRenderersFactory,26,36,1,20,30,0.0,0.0,21,0,14,0,7,0,21,0,0,0,17,6,5,12,0,0,7,0,11,190,14,0,5,5,0,17,6,45,0,38,1,0,0,0,301,1,0,ExoPlayer,DefaultRenderersFactoryTest,0,0,0,0,0,0,0,0,0,0,0,0,0,0,0,0,0,0,0,0,0
/home/luana-martins/.jnose_projects/ExoPlayer/library/core/src/main/java/com/google/android/exoplayer2/DefaultRenderersFactory.java,com.google.android.exoplayer2.DefaultRenderersFactory,26,36,1,20,30,0.0,0.0,21,0,14,0,7,0,21,0,0,0,17,6,5,12,0,0,7,0,11,190,14,0,5,5,0,17,6,45,0,38,1,0,0,0,301,1,0,ExoPlayer,DefaultRenderersFactoryTest,0,0,0,0,0,0,0,0,0,0,0,0,0,0,0,0,0,0,0,0,0
/home/luana-martins/.jnose_projects/ExoPlayer/library/core/src/main/java/com/google/android/exoplayer2/DefaultRenderersFactory.java,com.google.android.exoplayer2.DefaultRenderersFactory,26,36,1,20,30,0.0,0.0,21,0,14,0,7,0,21,0,0,0,17,6,5,12,0,0,7,0,11,190,14,0,5,5,0,17,6,45,0,38,1,0,0,0,301,1,0,ExoPlayer,DefaultRenderersFactoryTest,0,0,0,0,0,0,0,0,0,0,0,0,0,0,0,0,0,0,0,0,0
/home/luana-martins/.jnose_projects/ExoPlayer/library/core/src/main/java/com/google/android/exoplayer2/audio/MediaCodecAudioRenderer.java,com.google.android.exoplayer2.audio.MediaCodecAudioRenderer,47,120,3,98,265,0.0,0.0,42,2,15,4,23,0,38,0,0,0,14,2,0,14,0,0,5,0,29,412,31,3,22,6,6,12,24,63,2,43,3,0,1,0,356,1,0,ExoPlayer,MediaCodecAudioRendererTest,0,1,0,0,3,0,0,0,2,0,2,0,0,3,0,0,0,0,0,0,1
/home/luana-martins/.jnose_projects/ExoPlayer/library/core/src/main/java/com/google/android/exoplayer2/audio/SilenceSkippingAudioProcessor.java,com.google.android.exoplayer2.audio.SilenceSkippingAudioProcessor,8,44,2,26,47,0.0,0.0,19,0,7,9,3,0,10,0,0,0,18,6,3,15,0,0,9,0,7,189,8,3,5,0,6,0,20,54,24,33,3,0,0,0,213,17,0,ExoPlayer,SilenceSkippingAudioProcessorTest,23,9,0,0,0,0,0,0,0,0,0,0,0,0,0,0,0,0,0,0,18
/home/luana-martins/.jnose_projects/ExoPlayer/library/core/src/main/java/com/google/android/exoplayer2/audio/SonicAudioProcessor.java,com.google.android.exoplayer2.audio.SonicAudioProcessor,8,33,1,22,0,0.0,0.0,13,0,13,0,0,0,13,0,0,0,18,3,1,17,0,0,3,0,8,145,7,0,12,0,3,0,15,58,7,26,3,0,0,0,161,17,0,ExoPlayer,SonicAudioProcessorTest,13,4,0,0,0,0,0,0,0,0,0,0,0,0,0,0,4,3,0,0,3
/home/luana-martins/.jnose_projects/ExoPlayer/library/core/src/main/java/com/google/android/exoplayer2/audio/DecoderAudioRenderer.java,com.google.android.exoplayer2.audio.DecoderAudioRenderer,41,99,2,84,270,0.0,0.0,37,0,14,11,12,0,26,3,3,0,24,3,0,24,0,0,6,0,15,438,28,2,27,6,2,2,8,71,2,40,3,0,1,0,305,1025,0,ExoPlayer,DecoderAudioRendererTest,2,1,0,0,1,0,0,0,1,0,0,0,0,0,0,0,0,0,0,0,2
/home/luana-martins/.jnose_projects/ExoPlayer/library/core/src/main/java/com/google/android/exoplayer2/audio/TrimmingAudioProcessor.java,com.google.android.exoplayer2.audio.TrimmingAudioProcessor,6,22,2,14,3,0.0,0.0,11,0,8,0,3,0,11,0,0,0,8,1,0,8,0,0,1,0,4,90,6,0,5,0,0,0,16,29,9,16,2,0,0,0,89,16,0,ExoPlayer,TrimmingAudioProcessorTest,2,1,0,0,0,0,0,0,0,0,0,0,0,0,0,0,0,0,0,0,0
/home/luana-martins/.jnose_projects/ExoPlayer/library/core/src/main/java/com/google/android/exoplayer2/audio/DefaultAudioSink.java,com.google.android.exoplayer2.audio.DefaultAudioSink,50,319,4,179,1395,0.0,0.0,67,14,28,39,0,0,28,0,0,0,71,19,6,65,0,0,32,0,69,1300,95,10,82,4,7,19,114,226,25,139,4,1,8,0,494,17,0,ExoPlayer,DefaultAudioSinkTest,15,12,0,0,4,0,0,0,0,0,1,0,0,0,0,0,1,0,0,0,18
/home/luana-martins/.jnose_projects/ExoPlayer/library/core/src/main/java/com/google/android/exoplayer2/audio/TeeAudioProcessor.java,com.google.android.exoplayer2.audio.TeeAudioProcessor,5,9,2,10,15,0.0,0.0,7,0,3,1,3,0,6,0,0,0,1,0,0,1,0,0,1,0,1,139,2,0,1,0,0,0,1,2,0,2,1,0,2,0,83,17,0,ExoPlayer,TeeAudioProcessorTest,0,0,0,0,1,0,0,0,0,0,0,0,0,0,0,0,0,0,0,0,0
/home/luana-martins/.jnose_projects/ExoPlayer/library/core/src/main/java/com/google/android/exoplayer2/drm/DefaultDrmSessionManager.java,com.google.android.exoplayer2.drm.DefaultDrmSessionManager,41,64,4,45,0,0.0,0.0,16,1,8,8,0,0,8,0,2,0,31,8,7,23,0,1,22,0,21,374,18,4,27,0,3,6,17,57,2,51,3,0,6,0,242,1,0,ExoPlayer,DefaultDrmSessionManagerTest,15,7,0,0,0,0,0,0,0,0,0,0,0,2,0,0,4,0,0,0,6
/home/luana-martins/.jnose_projects/ExoPlayer/library/core/src/main/java/com/google/android/exoplayer2/drm/DefaultDrmSessionManagerProvider.java,com.google.android.exoplayer2.drm.DefaultDrmSessionManagerProvider,16,11,1,18,2,0.0,0.0,5,0,4,1,0,0,4,0,0,0,5,0,0,5,0,0,1,0,3,40,3,1,3,0,0,2,2,9,0,9,2,0,0,0,68,17,0,ExoPlayer,DefaultDrmSessionManagerProviderTest,5,3,0,0,0,0,0,0,0,0,0,0,0,1,0,0,1,0,0,0,2
/home/luana-martins/.jnose_projects/ExoPlayer/library/core/src/main/java/com/google/android/exoplayer2/drm/ClearKeyUtil.java,com.google.android.exoplayer2.drm.ClearKeyUtil,6,10,1,13,10,0.0,0.0,5,4,2,3,0,0,2,0,0,0,1,1,0,1,0,0,1,0,9,47,7,1,1,1,0,13,4,7,1,7,3,0,0,0,48,16,0,ExoPlayer,ClearKeyUtilTest,5,0,0,0,0,0,0,0,0,0,0,0,0,0,0,0,0,0,0,0,2
/home/luana-martins/.jnose_projects/ExoPlayer/library/core/src/main/java/com/google/android/exoplayer2/drm/OfflineLicenseHelper.java,com.google.android.exoplayer2.drm.OfflineLicenseHelper,25,16,1,30,0,0.0,0.0,12,3,10,2,0,0,10,0,0,4,5,1,0,5,0,0,5,0,11,93,9,0,3,0,0,1,3,13,0,13,2,1,0,0,141,17,0,ExoPlayer,OfflineLicenseHelperTest,7,3,0,0,0,0,0,0,0,0,0,0,0,0,0,0,0,2,0,0,2
/home/luana-martins/.jnose_projects/ExoPlayer/library/core/src/main/java/com/google/android/exoplayer2/trackselection/DefaultTrackSelector.java,com.google.android.exoplayer2.trackselection.DefaultTrackSelector,38,182,5,73,413,0.0,0.0,30,15,9,12,9,0,18,0,1,0,6,4,0,6,0,0,6,0,34,1236,34,23,61,0,34,3,68,168,10,126,5,0,7,2,450,1,0,ExoPlayer,DefaultTrackSelectorTest,43,54,0,0,3,0,0,23,0,0,2,0,0,14,0,0,25,0,0,0,33
/home/luana-martins/.jnose_projects/ExoPlayer/library/core/src/main/java/com/google/android/exoplayer2/trackselection/AdaptiveTrackSelection.java,com.google.android.exoplayer2.trackselection.AdaptiveTrackSelection,20,76,2,36,130,0.0,0.0,20,4,9,7,4,0,13,0,0,0,19,6,5,14,0,0,14,0,7,303,20,15,16,0,9,1,51,100,26,79,3,0,2,0,271,1,0,ExoPlayer,AdaptiveTrackSelectionTest,36,8,0,0,0,0,0,3,0,0,1,0,0,6,0,0,4,0,0,0,5
/home/luana-martins/.jnose_projects/ExoPlayer/library/core/src/main/java/com/google/android/exoplayer2/trackselection/MappingTrackSelector.java,com.google.android.exoplayer2.trackselection.MappingTrackSelector,20,20,2,15,19,0.0,0.0,7,3,3,3,1,0,4,1,3,0,1,0,0,1,0,0,0,0,9,185,5,7,4,0,1,0,12,48,3,34,2,0,1,0,176,1025,0,ExoPlayer,MappingTrackSelectorTest,0,0,0,0,0,2,0,5,0,0,0,0,0,0,0,0,0,0,0,0,3
/home/luana-martins/.jnose_projects/ExoPlayer/library/core/src/main/java/com/google/android/exoplayer2/trackselection/TrackSelector.java,com.google.android.exoplayer2.trackselection.TrackSelector,9,6,1,2,6,0.0,0.0,5,0,3,0,2,0,5,2,3,0,2,0,0,2,0,0,0,0,1,21,1,0,1,0,0,0,0,2,0,2,1,0,1,0,226,1025,0,ExoPlayer,TrackSelectorTest,2,1,0,0,0,0,0,0,0,0,0,0,0,0,0,0,0,1,0,0,1
/home/luana-martins/.jnose_projects/ExoPlayer/library/core/src/main/java/com/google/android/exoplayer2/DefaultLoadControl.java,com.google.android.exoplayer2.DefaultLoadControl,11,41,1,16,67,0.0,0.0,15,2,10,3,2,0,12,0,0,0,26,15,15,11,0,0,24,0,20,205,13,1,5,0,1,16,22,41,9,32,2,0,1,0,182,1,0,ExoPlayer,DefaultLoadControlTest,32,13,0,0,0,0,0,0,0,0,2,0,0,0,0,0,1,0,0,0,5
/home/luana-martins/.jnose_projects/ExoPlayer/library/core/src/main/java/com/google/android/exoplayer2/analytics/AnalyticsCollector.java,com.google.android.exoplayer2.analytics.AnalyticsCollector,48,87,1,103,2116,0.0,0.0,68,0,60,5,3,0,63,0,56,0,8,0,0,8,0,0,5,0,10,461,9,0,12,0,0,11,2,80,0,133,1,0,1,56,270,1,0,ExoPlayer,AnalyticsCollectorTest,287,2,0,0,1,0,0,0,5,0,0,0,0,13,0,0,0,0,0,0,0
/home/luana-martins/.jnose_projects/ExoPlayer/library/core/src/main/java/com/google/android/exoplayer2/analytics/DefaultPlaybackSessionManager.java,com.google.android.exoplayer2.analytics.DefaultPlaybackSessionManager,18,51,1,30,1,0.0,0.0,11,1,9,2,0,0,9,0,0,5,10,3,1,9,0,0,7,0,6,242,6,4,21,0,1,0,2,51,1,38,4,0,1,0,110,17,0,ExoPlayer,DefaultPlaybackSessionManagerTest,32,28,0,0,14,0,0,0,0,0,0,0,0,12,0,0,0,0,0,0,5
/home/luana-martins/.jnose_projects/ExoPlayer/library/core/src/main/java/com/google/android/exoplayer2/analytics/PlaybackStatsListener.java,com.google.android.exoplayer2.analytics.PlaybackStatsListener,25,60,1,41,77,0.0,0.0,19,0,16,3,0,0,16,0,0,0,19,0,0,10,0,9,6,0,8,531,5,4,18,0,2,0,9,63,2,49,2,0,2,0,183,17,0,ExoPlayer,PlaybackStatsListenerTest,9,5,0,0,1,0,0,0,0,0,0,0,0,0,0,0,0,0,0,0,2
/home/luana-martins/.jnose_projects/ExoPlayer/library/core/src/main/java/com/google/android/exoplayer2/util/AtomicFile.java,com.google.android.exoplayer2.util.AtomicFile,3,15,2,9,0,0.0,0.0,7,0,6,1,0,0,6,0,0,0,3,1,0,3,0,0,3,0,1,92,3,0,1,2,0,6,0,6,4,5,3,0,1,0,190,17,0,ExoPlayer,AtomicFileTest,2,2,0,0,0,0,0,0,0,0,2,0,0,0,0,1,1,0,0,0,0
/home/luana-martins/.jnose_projects/ExoPlayer/library/core/src/main/java/com/google/android/exoplayer2/util/RunnableFutureTask.java,com.google.android.exoplayer2.util.RunnableFutureTask,5,21,1,12,8,0.0,0.0,12,0,8,1,3,0,11,1,8,0,7,0,0,7,0,0,3,0,2,91,8,0,2,1,0,1,0,10,0,9,3,0,0,0,91,1025,0,ExoPlayer,RunnableFutureTaskTest,10,4,0,3,0,0,0,0,0,0,0,0,0,2,0,0,0,0,0,0,4
/home/luana-martins/.jnose_projects/ExoPlayer/library/core/src/main/java/com/google/android/exoplayer2/util/UriUtil.java,com.google.android.exoplayer2.util.UriUtil,4,43,1,24,13,0.0,0.0,6,5,3,3,0,0,3,0,0,0,5,5,0,5,0,0,5,0,8,142,13,3,23,0,0,3,38,45,22,25,3,0,0,0,136,17,0,ExoPlayer,UriUtilTest,49,0,0,0,0,0,0,0,0,0,0,0,6,0,0,0,1,0,0,0,2
/home/luana-martins/.jnose_projects/ExoPlayer/library/core/src/main/java/com/google/android/exoplayer2/util/ReusableBufferedOutputStream.java,com.google.android.exoplayer2.util.ReusableBufferedOutputStream,2,8,4,4,4,0.0,0.0,4,0,4,0,0,0,4,0,0,0,1,0,0,1,0,0,0,0,2,36,0,0,2,2,0,0,1,7,0,2,2,0,0,0,49,17,0,ExoPlayer,ReusableBufferedOutputStreamTest,2,1,0,0,0,0,0,0,0,0,0,0,0,0,0,0,0,0,0,0,0
/home/luana-martins/.jnose_projects/ExoPlayer/library/core/src/main/java/com/google/android/exoplayer2/util/ColorParser.java,com.google.android.exoplayer2.util.ColorParser,4,15,1,21,6,0.0,0.0,4,3,2,2,0,0,3,0,0,0,6,6,0,6,0,0,6,0,24,204,6,0,4,0,5,156,174,13,3,10,2,0,0,0,58,17,0,ExoPlayer,ColorParserTest,15,0,0,0,0,0,0,0,0,0,0,0,0,0,0,0,1,0,0,0,1
/home/luana-martins/.jnose_projects/ExoPlayer/library/core/src/main/java/com/google/android/exoplayer2/util/IntArrayQueue.java,com.google.android.exoplayer2.util.IntArrayQueue,2,12,1,2,0,0.0,0.0,8,0,7,1,0,0,7,0,0,0,6,1,0,6,0,0,1,0,2,61,4,0,3,0,2,0,19,21,7,11,1,0,0,0,79,17,0,ExoPlayer,IntArrayQueueTest,11,9,0,0,0,0,0,0,7,0,0,0,0,0,0,0,0,1,0,1,6
/home/luana-martins/.jnose_projects/ExoPlayer/library/core/src/main/java/com/google/android/exoplayer2/util/TimedValueQueue.java,com.google.android.exoplayer2.util.TimedValueQueue,6,24,1,10,23,0.0,0.0,14,1,8,6,0,0,8,0,0,6,5,1,0,5,0,0,1,0,8,93,8,1,1,0,4,1,17,25,10,16,2,0,0,0,112,17,0,ExoPlayer,TimedValueQueueTest,32,9,0,0,0,0,0,9,2,0,0,0,0,0,0,0,4,0,0,0,5
/home/luana-martins/.jnose_projects/ExoPlayer/library/core/src/main/java/com/google/android/exoplayer2/DefaultLivePlaybackSpeedControl.java,com.google.android.exoplayer2.DefaultLivePlaybackSpeedControl,5,30,1,11,0,0.0,0.0,10,1,5,5,0,0,5,0,0,0,26,7,7,19,0,0,14,0,13,202,7,0,13,0,7,0,18,64,21,37,2,0,1,0,157,17,0,ExoPlayer,DefaultLivePlaybackSpeedControlTest,47,33,0,0,0,0,0,0,5,0,0,0,0,2,0,0,4,0,0,0,11
/home/luana-martins/.jnose_projects/ExoPlayer/library/core/src/main/java/com/google/android/exoplayer2/WakeLockManager.java,com.google.android.exoplayer2.WakeLockManager,7,10,1,8,0,0.0,0.0,4,0,3,1,0,0,3,0,0,0,6,2,0,6,0,0,3,0,1,40,2,0,3,0,0,4,0,6,0,6,3,0,0,0,70,16,0,ExoPlayer,WakeLockManagerTest,4,2,0,0,0,0,0,0,0,0,0,0,0,0,0,0,2,0,0,0,3
/home/luana-martins/.jnose_projects/ExoPlayer/library/core/src/main/java/com/google/android/exoplayer2/database/VersionTable.java,com.google.android.exoplayer2.database.VersionTable,7,11,1,11,4,0.0,0.0,5,4,3,2,0,0,3,0,0,0,12,12,5,7,0,0,12,0,5,61,5,0,1,4,0,15,7,14,4,14,3,0,0,0,92,17,0,ExoPlayer,VersionTableTest,13,3,0,0,0,0,0,0,0,0,1,0,0,0,0,0,4,0,0,0,2
/home/luana-martins/.jnose_projects/ExoPlayer/library/core/src/main/java/com/google/android/exoplayer2/text/span/SpanUtil.java,com.google.android.exoplayer2.text.span.SpanUtil,1,6,1,7,1,,,2,1,1,1,0,0,1,0,0,0,0,0,0,0,0,0,0,0,0,13,0,1,3,0,0,0,0,1,0,1,2,0,0,0,60,17,0,ExoPlayer,SpanUtilTest,3,0,0,0,0,0,0,0,0,0,0,0,0,0,0,0,0,0,0,0,1
/home/luana-martins/.jnose_projects/ExoPlayer/library/core/src/main/java/com/google/android/exoplayer2/text/subrip/SubripDecoder.java,com.google.android.exoplayer2.text.subrip.SubripDecoder,15,41,3,42,9,0.0,0.0,6,2,1,3,1,1,3,0,0,0,19,17,0,19,0,0,19,0,16,164,8,4,6,1,1,22,23,49,14,40,3,0,0,0,104,17,0,ExoPlayer,SubripDecoderTest,17,10,0,0,0,0,0,29,0,0,0,0,5,1,0,0,0,0,0,0,2
/home/luana-martins/.jnose_projects/ExoPlayer/library/core/src/main/java/com/google/android/exoplayer2/text/ssa/SsaDecoder.java,com.google.android.exoplayer2.text.ssa.SsaDecoder,23,101,3,63,43,0.0,0.0,15,8,2,12,1,0,3,0,0,0,11,6,0,9,0,2,8,0,42,292,30,6,29,2,6,29,29,54,19,42,3,0,0,0,194,17,0,ExoPlayer,SsaDecoderTest,75,11,0,0,0,0,0,18,0,0,0,0,11,4,0,0,2,0,0,0,2
/home/luana-martins/.jnose_projects/ExoPlayer/library/core/src/main/java/com/google/android/exoplayer2/text/tx3g/Tx3gDecoder.java,com.google.android.exoplayer2.text.tx3g.Tx3gDecoder,15,38,3,29,0,0.0,0.0,8,5,1,6,1,0,2,0,0,0,26,19,0,26,0,0,26,0,15,162,6,2,15,0,18,12,60,59,14,49,3,0,0,0,121,17,0,ExoPlayer,Tx3gDecoderTest,42,13,0,0,0,0,0,13,0,0,0,0,12,0,0,0,7,0,0,0,2
/home/luana-martins/.jnose_projects/ExoPlayer/library/core/src/main/java/com/google/android/exoplayer2/text/webvtt/WebvttDecoder.java,com.google.android.exoplayer2.text.webvtt.WebvttDecoder,13,17,3,15,0,0.0,0.0,4,2,1,2,1,0,2,0,0,0,9,7,0,9,0,0,9,0,4,75,2,4,7,1,1,4,6,21,0,16,3,0,0,0,80,17,0,ExoPlayer,WebvttDecoderTest,180,1,0,0,0,0,0,52,0,0,0,0,42,4,0,0,9,1,0,0,0
/home/luana-martins/.jnose_projects/ExoPlayer/library/core/src/main/java/com/google/android/exoplayer2/text/webvtt/WebvttSubtitle.java,com.google.android.exoplayer2.text.webvtt.WebvttSubtitle,7,14,1,14,0,0.0,0.0,5,0,5,0,0,0,5,0,0,0,3,0,0,3,0,0,3,0,8,50,4,3,1,0,3,0,11,15,7,15,3,0,0,1,35,16,0,ExoPlayer,WebvttSubtitleTest,106,0,0,0,0,0,0,18,0,0,0,0,0,3,0,0,0,0,0,0,3
/home/luana-martins/.jnose_projects/ExoPlayer/library/core/src/main/java/com/google/android/exoplayer2/text/webvtt/Mp4WebvttDecoder.java,com.google.android.exoplayer2.text.webvtt.Mp4WebvttDecoder,12,12,3,16,0,0.0,0.0,3,1,1,1,1,0,2,0,0,0,5,4,0,5,0,0,5,0,6,57,2,2,5,0,0,8,6,19,3,14,2,0,0,0,62,17,0,ExoPlayer,Mp4WebvttDecoderTest,4,4,0,0,0,0,0,2,0,0,0,0,0,0,0,0,0,1,0,0,2
/home/luana-martins/.jnose_projects/ExoPlayer/library/core/src/main/java/com/google/android/exoplayer2/text/webvtt/CssParser.java,com.google.android.exoplayer2.text.webvtt.CssParser,8,83,1,54,49,0.0,0.0,14,11,2,9,0,3,5,0,0,0,21,19,0,21,0,0,21,0,27,280,25,8,17,0,5,32,18,70,7,60,4,0,0,0,157,16,0,ExoPlayer,CssParserTest,27,0,0,0,0,0,0,0,0,0,1,0,0,1,0,0,1,0,0,0,0
/home/luana-martins/.jnose_projects/ExoPlayer/library/core/src/main/java/com/google/android/exoplayer2/text/webvtt/WebvttCueParser.java,com.google.android.exoplayer2.text.webvtt.WebvttCueParser,33,124,1,97,207,0.0,0.0,23,23,1,19,0,3,6,0,0,0,31,31,1,29,0,1,31,0,64,640,39,10,18,2,2,69,92,107,25,84,5,0,4,0,263,17,0,ExoPlayer,WebvttCueParserTest,47,0,0,0,0,0,0,0,0,0,0,0,29,0,0,0,7,0,0,0,0
/home/luana-martins/.jnose_projects/ExoPlayer/library/core/src/main/java/com/google/android/exoplayer2/text/ttml/TextEmphasis.java,com.google.android.exoplayer2.text.ttml.TextEmphasis,8,18,1,12,1,,,3,2,1,2,0,0,1,0,0,0,10,7,5,5,0,0,10,0,2,84,6,0,1,0,0,1,2,25,0,19,2,0,0,0,85,16,0,ExoPlayer,TextEmphasisTest,0,0,0,0,0,0,0,0,0,0,0,0,0,0,0,0,0,0,0,0,1
/home/luana-martins/.jnose_projects/ExoPlayer/library/core/src/main/java/com/google/android/exoplayer2/text/ttml/TtmlRenderUtil.java,com.google.android.exoplayer2.text.ttml.TtmlRenderUtil,28,54,1,34,21,0.0,0.0,7,6,2,3,0,2,4,0,0,0,1,1,0,1,0,0,1,0,15,162,11,6,25,0,1,10,15,24,3,17,3,0,0,0,106,16,0,ExoPlayer,TtmlRenderUtilTest,15,0,0,0,0,0,0,0,0,0,0,0,0,0,0,0,1,0,0,0,1
/home/luana-martins/.jnose_projects/ExoPlayer/library/core/src/main/java/com/google/android/exoplayer2/text/ttml/TtmlDecoder.java,com.google.android.exoplayer2.text.ttml.TtmlDecoder,24,154,3,84,70,0.0,0.0,16,14,1,14,1,0,2,0,0,0,19,18,0,17,0,2,19,0,150,676,33,6,43,13,6,75,61,179,44,111,7,0,3,0,251,17,0,ExoPlayer,TtmlDecoderTest,254,0,0,0,0,0,0,2,0,0,0,0,36,6,0,0,45,0,0,0,0
/home/luana-martins/.jnose_projects/ExoPlayer/library/core/src/main/java/com/google/android/exoplayer2/text/ttml/TtmlStyle.java,com.google.android.exoplayer2.text.ttml.TtmlStyle,10,73,1,3,466,0.0,0.0,37,0,36,1,0,0,36,0,0,0,33,15,13,20,0,0,15,0,0,230,37,0,23,0,2,2,10,55,0,33,2,0,0,0,109,16,0,ExoPlayer,TtmlStyleTest,74,17,0,0,0,0,0,0,0,0,0,0,0,0,0,0,14,0,0,0,17
/home/luana-martins/.jnose_projects/ExoPlayer/library/core/src/main/java/com/google/android/exoplayer2/source/SinglePeriodTimeline.java,com.google.android.exoplayer2.source.SinglePeriodTimeline,8,20,2,11,8,0.0,0.0,12,0,12,0,0,0,12,0,0,0,14,2,0,14,0,0,14,0,4,79,6,0,2,0,0,3,17,19,0,16,3,0,0,0,110,17,0,ExoPlayer,SinglePeriodTimelineTest,20,6,0,0,0,0,0,0,0,0,2,0,0,0,0,0,2,0,0,0,5
/home/luana-martins/.jnose_projects/ExoPlayer/library/core/src/main/java/com/google/android/exoplayer2/source/LoopingMediaSource.java,com.google.android.exoplayer2.source.LoopingMediaSource,17,17,7,16,0,0.0,0.0,11,0,8,0,3,0,11,0,0,0,4,0,0,4,0,0,4,0,2,116,7,0,5,0,0,1,1,9,0,9,1,0,2,0,67,17,0,ExoPlayer,LoopingMediaSourceTest,0,0,0,0,3,0,0,24,3,0,1,1,0,0,0,0,1,1,0,0,0
/home/luana-martins/.jnose_projects/ExoPlayer/library/core/src/main/java/com/google/android/exoplayer2/source/ConcatenatingMediaSource.java,com.google.android.exoplayer2.source.ConcatenatingMediaSource,27,123,6,101,1307,0.0,0.0,59,3,29,23,7,0,36,0,0,24,19,7,0,19,0,0,15,0,25,544,18,10,35,0,10,12,33,87,12,65,2,0,5,0,292,17,0,ExoPlayer,ConcatenatingMediaSourceTest,41,26,0,0,2,3,0,103,5,0,1,0,0,9,0,0,16,10,0,0,16
/home/luana-martins/.jnose_projects/ExoPlayer/library/core/src/main/java/com/google/android/exoplayer2/source/MergingMediaPeriod.java,com.google.android.exoplayer2.source.MergingMediaPeriod,18,57,1,35,20,0.0,0.0,17,0,17,0,0,0,17,0,0,0,8,0,0,8,0,0,4,0,7,293,12,16,20,0,1,5,21,52,0,37,5,0,2,0,99,16,0,ExoPlayer,MergingMediaPeriodTest,17,2,0,0,0,0,0,4,0,0,0,0,0,2,0,0,2,0,0,0,12
/home/luana-martins/.jnose_projects/ExoPlayer/library/core/src/main/java/com/google/android/exoplayer2/source/SilenceMediaSource.java,com.google.android.exoplayer2.source.SilenceMediaSource,17,12,2,13,23,0.0,0.0,11,2,6,3,2,0,8,0,0,0,9,7,1,8,0,0,9,0,5,171,5,0,0,0,0,2,4,11,7,11,0,0,3,0,81,17,0,ExoPlayer,SilenceMediaSourceTest,10,4,0,0,0,0,0,0,0,0,0,0,0,0,0,0,0,0,0,0,4
/home/luana-martins/.jnose_projects/ExoPlayer/library/core/src/main/java/com/google/android/exoplayer2/source/ProgressiveMediaPeriod.java,com.google.android.exoplayer2.source.ProgressiveMediaPeriod,61,152,1,106,198,0.0,0.0,44,1,23,15,0,6,29,0,0,0,41,3,0,41,0,0,19,0,31,697,41,21,38,0,6,7,38,156,3,107,4,0,5,2,288,16,0,ExoPlayer,ProgressiveMediaPeriodTest,1,1,0,0,0,0,0,0,0,0,0,0,0,1,0,0,0,0,0,0,0
/home/luana-martins/.jnose_projects/ExoPlayer/library/core/src/main/java/com/google/android/exoplayer2/source/CompositeSequenceableLoader.java,com.google.android.exoplayer2.source.CompositeSequenceableLoader,2,20,1,7,0,0.0,0.0,6,0,6,0,0,0,6,0,3,0,1,0,0,0,1,0,1,0,2,60,5,6,7,0,0,0,0,14,0,10,3,0,0,0,32,1,0,ExoPlayer,CompositeSequenceableLoaderTest,15,11,0,0,0,0,0,2,0,0,0,0,0,0,0,0,0,0,0,0,8
/home/luana-martins/.jnose_projects/ExoPlayer/library/core/src/main/java/com/google/android/exoplayer2/source/ClippingMediaSource.java,com.google.android.exoplayer2.source.ClippingMediaSource,18,28,8,26,0,0.0,0.0,13,0,8,1,4,0,12,0,0,0,12,0,0,12,0,0,8,0,8,192,7,1,7,1,1,1,5,28,6,21,2,0,2,0,159,17,0,ExoPlayer,ClippingMediaSourceTest,68,0,0,0,0,0,0,6,0,0,2,0,0,4,0,0,0,2,0,0,0
/home/luana-martins/.jnose_projects/ExoPlayer/library/core/src/main/java/com/google/android/exoplayer2/source/MergingMediaSource.java,com.google.android.exoplayer2.source.MergingMediaSource,23,41,8,41,0,0.0,0.0,15,0,9,2,4,0,13,0,0,0,13,2,0,13,0,0,10,0,4,197,6,9,8,0,0,2,21,46,3,35,3,0,2,0,132,17,0,ExoPlayer,MergingMediaSourceTest,4,0,0,0,0,0,0,0,2,0,0,0,0,0,0,0,0,1,0,0,0
/home/luana-martins/.jnose_projects/ExoPlayer/library/core/src/main/java/com/google/android/exoplayer2/source/DefaultMediaSourceFactory.java,com.google.android.exoplayer2.source.DefaultMediaSourceFactory,34,57,1,40,139,0.0,0.0,22,2,19,3,0,0,19,0,0,0,12,1,0,12,0,0,4,0,15,176,22,8,22,3,5,12,12,44,4,34,2,0,1,0,189,17,0,ExoPlayer,DefaultMediaSourceFactoryTest,26,18,1,0,0,0,0,0,0,0,0,0,0,0,0,0,0,0,0,0,6
/home/luana-martins/.jnose_projects/ExoPlayer/library/core/src/main/java/com/google/android/exoplayer2/source/DefaultMediaSourceFactory.java,com.google.android.exoplayer2.source.DefaultMediaSourceFactory,34,57,1,40,139,0.0,0.0,22,2,19,3,0,0,19,0,0,0,12,1,0,12,0,0,4,0,15,176,22,8,22,3,5,12,12,44,4,34,2,0,1,0,189,17,0,ExoPlayer,DefaultMediaSourceFactoryTest,6,6,0,0,0,0,0,0,0,0,0,0,0,0,0,0,0,0,0,0,2
/home/luana-martins/.jnose_projects/ExoPlayer/library/core/src/main/java/com/google/android/exoplayer2/source/DefaultMediaSourceFactory.java,com.google.android.exoplayer2.source.DefaultMediaSourceFactory,34,57,1,40,139,0.0,0.0,22,2,19,3,0,0,19,0,0,0,12,1,0,12,0,0,4,0,15,176,22,8,22,3,5,12,12,44,4,34,2,0,1,0,189,17,0,ExoPlayer,DefaultMediaSourceFactoryTest,5,5,0,0,0,0,0,0,0,0,0,0,0,0,0,0,0,0,0,0,2
/home/luana-martins/.jnose_projects/ExoPlayer/library/core/src/main/java/com/google/android/exoplayer2/source/DefaultMediaSourceFactory.java,com.google.android.exoplayer2.source.DefaultMediaSourceFactory,34,57,1,40,139,0.0,0.0,22,2,19,3,0,0,19,0,0,0,12,1,0,12,0,0,4,0,15,176,22,8,22,3,5,12,12,44,4,34,2,0,1,0,189,17,0,ExoPlayer,DefaultMediaSourceFactoryTest,5,5,0,0,0,0,0,0,0,0,0,0,0,0,0,0,0,0,0,0,2
/home/luana-martins/.jnose_projects/ExoPlayer/library/core/src/main/java/com/google/android/exoplayer2/source/ads/AdsMediaSource.java,com.google.android.exoplayer2.source.ads.AdsMediaSource,32,38,6,49,0,0.0,0.0,13,0,5,4,4,0,9,0,0,0,13,1,0,13,0,0,9,0,8,305,7,4,14,0,0,1,11,52,1,40,5,0,4,2,146,17,0,ExoPlayer,AdsMediaSourceTest,1,1,0,0,1,0,0,0,0,0,1,0,0,0,0,0,1,0,0,0,1
/home/luana-martins/.jnose_projects/ExoPlayer/library/core/src/main/java/com/google/android/exoplayer2/source/SampleQueue.java,com.google.android.exoplayer2.source.SampleQueue,31,165,1,62,713,0.0,0.0,58,2,38,17,3,0,41,0,29,19,37,2,0,36,0,1,7,0,34,552,62,3,48,0,12,4,64,150,30,82,3,0,2,0,398,1,0,ExoPlayer,SampleQueueTest,109,37,0,0,0,1,0,100,2,1,7,0,0,6,0,0,46,1,0,0,57
/home/luana-martins/.jnose_projects/ExoPlayer/library/core/src/main/java/com/google/android/exoplayer2/PlayerMessage.java,com.google.android.exoplayer2.PlayerMessage,10,33,1,14,85,0.0,0.0,22,0,22,0,0,0,22,0,0,5,14,0,0,14,0,0,4,0,16,139,20,2,4,0,1,1,2,22,2,16,1,0,2,0,163,17,0,ExoPlayer,PlayerMessageTest,2,3,0,0,0,0,0,0,0,0,1,0,0,1,0,0,0,1,0,0,3
/home/luana-martins/.jnose_projects/ExoPlayer/library/core/src/main/java/com/google/android/exoplayer2/upstream/ContentDataSource.java,com.google.android.exoplayer2.upstream.ContentDataSource,10,25,5,18,0,0.0,0.0,5,0,5,0,0,0,5,0,0,0,6,0,0,6,0,0,1,0,2,126,6,0,13,4,0,3,7,24,5,16,5,0,1,0,63,17,0,ExoPlayer,ContentDataSourceTest,4,3,0,0,0,0,0,6,0,0,0,0,0,0,0,0,0,3,0,0,3
/home/luana-martins/.jnose_projects/ExoPlayer/library/core/src/main/java/com/google/android/exoplayer2/upstream/AssetDataSource.java,com.google.android.exoplayer2.upstream.AssetDataSource,10,21,5,16,0,0.0,0.0,5,0,5,0,0,0,5,0,0,0,5,0,0,5,0,0,1,0,3,97,6,0,9,3,0,2,6,17,0,9,3,0,1,0,51,17,0,ExoPlayer,AssetDataSourceTest,0,0,0,0,0,0,0,0,0,0,0,0,0,0,0,0,0,0,0,0,1
/home/luana-martins/.jnose_projects/ExoPlayer/library/core/src/main/java/com/google/android/exoplayer2/upstream/ByteArrayDataSource.java,com.google.android.exoplayer2.upstream.ByteArrayDataSource,6,12,2,8,0,0.0,0.0,5,0,5,0,0,0,5,0,0,0,5,0,0,5,0,0,1,0,4,49,5,0,3,0,3,3,5,10,3,5,1,0,0,0,37,17,0,ExoPlayer,ByteArrayDataSourceTest,0,0,0,0,8,0,0,0,0,0,0,0,0,0,0,0,0,0,0,0,0
/home/luana-martins/.jnose_projects/ExoPlayer/library/core/src/main/java/com/google/android/exoplayer2/upstream/cache/DefaultContentMetadata.java,com.google.android.exoplayer2.upstream.cache.DefaultContentMetadata,5,32,1,33,0,0.0,0.0,15,5,10,5,0,0,10,0,4,0,3,1,1,2,0,0,2,0,14,113,21,4,8,0,2,0,4,13,0,12,2,0,0,0,71,17,0,ExoPlayer,DefaultContentMetadataTest,17,7,0,0,1,0,0,1,0,0,1,0,0,0,0,0,0,0,0,0,4
/home/luana-martins/.jnose_projects/ExoPlayer/library/core/src/main/java/com/google/android/exoplayer2/upstream/cache/SimpleCache.java,com.google.android.exoplayer2.upstream.cache.SimpleCache,22,133,1,108,178,0.0,0.0,44,8,27,16,0,1,28,0,0,23,15,4,0,15,0,0,11,0,60,522,36,12,36,13,2,19,18,87,17,71,3,1,0,0,314,17,0,ExoPlayer,SimpleCacheTest,113,30,2,0,0,0,0,8,0,0,1,0,0,0,0,3,1,0,0,0,14
/home/luana-martins/.jnose_projects/ExoPlayer/library/core/src/main/java/com/google/android/exoplayer2/upstream/cache/CacheFileMetadataIndex.java,com.google.android.exoplayer2.upstream.cache.CacheFileMetadataIndex,11,19,1,23,0,0.0,0.0,10,3,7,3,0,0,7,0,0,0,13,11,0,13,0,0,12,0,13,129,3,2,1,9,0,12,4,29,6,29,3,0,0,0,113,16,0,ExoPlayer,CacheFileMetadataIndexTest,23,4,0,0,0,0,0,0,0,0,0,0,0,0,0,0,5,0,0,0,2
/home/luana-martins/.jnose_projects/ExoPlayer/library/core/src/main/java/com/google/android/exoplayer2/upstream/cache/LeastRecentlyUsedCacheEvictor.java,com.google.android.exoplayer2.upstream.cache.LeastRecentlyUsedCacheEvictor,4,14,1,9,24,0.0,0.0,9,1,7,2,0,0,7,0,0,0,3,0,0,3,0,0,2,0,0,44,3,1,2,0,0,0,4,5,2,4,1,0,0,0,38,17,0,ExoPlayer,LeastRecentlyUsedCacheEvictorTest,0,1,0,0,1,0,0,0,0,0,0,0,0,0,0,0,0,0,0,0,0
/home/luana-martins/.jnose_projects/ExoPlayer/library/core/src/main/java/com/google/android/exoplayer2/upstream/cache/CachedContentIndex.java,com.google.android.exoplayer2.upstream.cache.CachedContentIndex,19,52,1,50,86,0.0,0.0,21,6,16,4,0,1,17,0,0,0,8,2,0,7,0,1,6,0,10,556,13,6,16,1,2,6,14,39,6,32,3,0,3,0,296,0,0,ExoPlayer,CachedContentIndexTest,41,8,5,0,0,3,0,1,1,0,1,0,0,2,0,4,5,2,0,0,7
/home/luana-martins/.jnose_projects/ExoPlayer/library/core/src/main/java/com/google/android/exoplayer2/upstream/cache/SimpleCacheSpan.java,com.google.android.exoplayer2.upstream.cache.SimpleCacheSpan,6,19,2,20,26,0.0,0.0,8,6,6,2,0,0,6,0,0,0,5,5,0,4,0,1,5,0,21,79,13,0,6,0,0,7,8,22,2,15,2,0,0,0,123,16,0,ExoPlayer,SimpleCacheSpanTest,12,0,1,0,0,1,0,10,4,0,2,0,0,1,0,2,1,0,0,0,0
/home/luana-martins/.jnose_projects/ExoPlayer/library/core/src/main/java/com/google/android/exoplayer2/upstream/cache/CachedRegionTracker.java,com.google.android.exoplayer2.upstream.cache.CachedRegionTracker,8,27,1,13,0,0.0,0.0,8,0,6,2,0,0,6,0,0,3,8,3,2,6,0,0,8,0,3,113,5,2,8,0,6,2,14,36,14,26,2,0,1,0,94,17,0,ExoPlayer,CachedRegionTrackerTest,13,5,0,0,0,0,0,13,0,0,2,0,0,0,0,0,0,0,0,0,2
/home/luana-martins/.jnose_projects/ExoPlayer/library/core/src/main/java/com/google/android/exoplayer2/upstream/cache/CacheWriter.java,com.google.android.exoplayer2.upstream.cache.CacheWriter,13,36,1,21,0,0.0,0.0,8,0,3,5,0,0,3,0,0,0,13,1,1,12,0,0,8,0,4,131,3,2,17,2,0,0,8,35,7,24,4,0,1,0,168,17,0,ExoPlayer,CacheWriterTest,1,7,0,0,0,6,0,10,0,0,1,0,0,2,0,0,0,0,0,0,4
/home/luana-martins/.jnose_projects/ExoPlayer/library/core/src/main/java/com/google/android/exoplayer2/upstream/cache/CacheDataSource.java,com.google.android.exoplayer2.upstream.cache.CacheDataSource,29,93,1,58,50,0.0,0.0,25,1,12,13,0,0,12,0,0,0,27,7,5,22,0,0,16,0,20,418,20,0,33,6,3,0,23,74,7,46,4,0,2,0,243,17,0,ExoPlayer,CacheDataSourceTest,15,6,0,0,1,0,0,0,4,0,12,0,0,4,0,0,0,3,0,0,4
/home/luana-martins/.jnose_projects/ExoPlayer/library/core/src/main/java/com/google/android/exoplayer2/upstream/cache/CacheDataSource.java,com.google.android.exoplayer2.upstream.cache.CacheDataSource,29,93,1,58,50,0.0,0.0,25,1,12,13,0,0,12,0,0,0,27,7,5,22,0,0,16,0,20,418,20,0,33,6,3,0,23,74,7,46,4,0,2,0,243,17,0,ExoPlayer,CacheDataSourceTest2,1,1,0,0,2,0,0,1,2,0,0,2,0,0,0,0,1,0,0,0,0
/home/luana-martins/.jnose_projects/ExoPlayer/library/core/src/main/java/com/google/android/exoplayer2/upstream/DataSchemeDataSource.java,com.google.android.exoplayer2.upstream.DataSchemeDataSource,8,16,2,16,0,0.0,0.0,5,0,5,0,0,0,5,0,0,0,5,1,1,4,0,0,1,0,6,67,5,0,6,1,0,6,6,16,6,10,2,0,0,0,58,17,0,ExoPlayer,DataSchemeDataSourceTest,15,1,0,0,0,0,0,6,0,0,0,0,0,0,0,0,1,5,0,0,1
/home/luana-martins/.jnose_projects/ExoPlayer/library/core/src/main/java/com/google/android/exoplayer2/upstream/crypto/AesFlushingCipher.java,com.google.android.exoplayer2.upstream.crypto.AesFlushingCipher,4,14,1,14,6,0.0,0.0,5,0,3,2,0,0,3,0,0,0,5,0,0,5,0,0,4,0,5,63,4,2,4,2,2,2,9,14,5,10,2,0,0,0,73,17,0,ExoPlayer,AesFlushingCipherTest,10,1,0,0,0,0,0,2,6,0,0,0,0,1,0,0,1,0,0,0,1
/home/luana-martins/.jnose_projects/ExoPlayer/library/core/src/main/java/com/google/android/exoplayer2/upstream/DataSourceInputStream.java,com.google.android.exoplayer2.upstream.DataSourceInputStream,6,12,2,7,12,0.0,0.0,8,0,7,1,0,0,7,0,0,0,6,0,0,6,0,0,3,0,1,50,5,0,2,0,1,0,7,10,0,8,1,0,0,0,72,17,0,ExoPlayer,DataSourceInputStreamTest,18,3,0,0,0,0,0,3,3,0,0,0,0,0,0,0,3,0,0,0,3
/home/luana-martins/.jnose_projects/ExoPlayer/library/core/src/main/java/com/google/android/exoplayer2/upstream/DefaultBandwidthMeter.java,com.google.android.exoplayer2.upstream.DefaultBandwidthMeter,21,42,2,28,64,0.0,0.0,17,3,11,6,0,0,11,0,0,7,31,16,8,23,0,0,20,0,11,500,12,0,15,0,4,238,1238,50,5,40,2,0,2,0,184,17,0,ExoPlayer,DefaultBandwidthMeterTest,35,31,0,0,0,0,0,0,0,0,8,0,0,0,0,0,3,0,0,0,4
/home/luana-martins/.jnose_projects/ExoPlayer/library/core/src/main/java/com/google/android/exoplayer2/upstream/DefaultLoadErrorHandlingPolicy.java,com.google.android.exoplayer2.upstream.DefaultLoadErrorHandlingPolicy,6,18,1,1,6,0.0,0.0,5,0,5,0,0,0,5,0,0,0,5,4,3,2,0,0,5,0,1,33,5,0,8,0,2,0,13,8,2,8,1,0,0,0,109,1,0,ExoPlayer,DefaultLoadErrorHandlingPolicyTest,11,0,0,0,0,0,0,4,0,0,0,0,0,0,0,0,0,0,0,0,0
/home/luana-martins/.jnose_projects/ExoPlayer/library/core/src/main/java/com/google/android/exoplayer2/upstream/DefaultDataSource.java,com.google.android.exoplayer2.upstream.DefaultDataSource,19,45,1,37,59,0.0,0.0,19,0,10,9,0,0,10,0,0,0,19,8,0,19,0,0,11,0,8,172,11,1,14,2,0,9,1,33,0,23,2,0,0,0,182,17,0,ExoPlayer,DefaultDataSourceTest,0,1,0,0,1,0,0,0,0,0,0,0,0,0,0,0,0,1,0,0,0
/home/luana-martins/.jnose_projects/ExoPlayer/library/core/src/main/java/com/google/android/exoplayer2/offline/DownloadRequest.java,com.google.android.exoplayer2.offline.DownloadRequest,12,25,4,41,0,0.0,0.0,11,0,9,1,0,1,10,0,1,0,8,1,8,0,0,0,8,0,18,146,9,3,8,0,3,2,14,33,15,19,3,1,2,0,122,17,0,ExoPlayer,DownloadRequestTest,15,3,0,0,0,0,0,0,0,0,2,0,0,2,0,0,6,1,0,0,5
/home/luana-martins/.jnose_projects/ExoPlayer/library/core/src/main/java/com/google/android/exoplayer2/offline/DefaultDownloaderFactory.java,com.google.android.exoplayer2.offline.DefaultDownloaderFactory,14,16,1,17,3,0.0,0.0,6,2,3,3,0,0,3,0,0,0,3,1,0,3,0,0,3,0,10,65,5,0,1,5,0,7,0,7,3,7,1,0,0,0,95,1,0,ExoPlayer,DefaultDownloaderFactoryTest,1,1,0,0,0,0,0,0,0,0,0,0,0,0,0,0,0,0,0,0,0
/home/luana-martins/.jnose_projects/ExoPlayer/library/core/src/main/java/com/google/android/exoplayer2/offline/ActionFileUpgradeUtil.java,com.google.android.exoplayer2.offline.ActionFileUpgradeUtil,9,10,1,10,3,0.0,0.0,3,2,1,1,0,1,2,0,0,0,0,0,0,0,0,0,0,0,3,38,0,1,2,1,0,1,0,8,0,4,4,0,1,0,91,17,0,ExoPlayer,ActionFileUpgradeUtilTest,14,0,4,0,0,0,0,0,0,0,2,0,0,6,0,0,0,4,0,0,1
/home/luana-martins/.jnose_projects/ExoPlayer/library/core/src/main/java/com/google/android/exoplayer2/offline/DefaultDownloadIndex.java,com.google.android.exoplayer2.offline.DefaultDownloadIndex,24,50,1,56,56,0.0,0.0,20,6,10,9,0,1,11,0,0,0,43,38,0,42,0,1,42,0,17,310,18,5,8,11,0,62,43,85,10,81,5,0,1,0,157,17,0,ExoPlayer,DefaultDownloadIndexTest,14,15,3,0,1,0,0,0,0,0,1,0,0,1,0,1,2,3,0,0,6
/home/luana-martins/.jnose_projects/ExoPlayer/library/core/src/main/java/com/google/android/exoplayer2/offline/DownloadManager.java,com.google.android.exoplayer2.offline.DownloadManager,29,76,3,43,328,0.0,0.0,36,1,27,8,0,1,28,0,0,0,36,20,3,33,0,0,26,0,9,871,19,9,13,1,0,5,37,75,0,56,3,0,4,0,350,17,0,ExoPlayer,DownloadManagerTest,18,0,0,0,0,0,0,65,6,0,1,0,0,3,0,0,5,0,0,0,3
/home/luana-martins/.jnose_projects/ExoPlayer/library/core/src/main/java/com/google/android/exoplayer2/offline/ProgressiveDownloader.java,com.google.android.exoplayer2.offline.ProgressiveDownloader,20,20,1,25,14,0.0,0.0,8,0,7,1,0,0,7,0,0,0,8,0,0,8,0,0,5,0,4,91,1,1,7,2,2,2,2,14,2,13,4,1,0,0,95,17,0,ExoPlayer,ProgressiveDownloaderTest,2,1,0,0,0,0,0,0,0,0,1,0,0,0,0,0,1,0,0,0,0
/home/luana-martins/.jnose_projects/ExoPlayer/library/core/src/main/java/com/google/android/exoplayer2/offline/DownloadHelper.java,com.google.android.exoplayer2.offline.DownloadHelper,54,79,5,91,622,0.0,0.0,40,19,33,7,0,0,33,0,0,0,17,3,3,14,0,0,10,0,42,476,30,20,15,1,0,25,24,67,0,62,5,2,5,6,349,17,0,ExoPlayer,DownloadHelperTest,50,7,0,0,0,0,0,22,0,0,0,0,0,4,0,0,0,0,0,0,8
/home/luana-martins/.jnose_projects/ExoPlayer/library/core/src/main/java/com/google/android/exoplayer2/offline/DownloadHelper.java,com.google.android.exoplayer2.offline.DownloadHelper,54,79,5,91,622,0.0,0.0,40,19,33,7,0,0,33,0,0,0,17,3,3,14,0,0,10,0,42,476,30,20,15,1,0,25,24,67,0,62,5,2,5,6,349,17,0,ExoPlayer,DownloadHelperTest,0,0,0,0,1,0,0,0,0,0,0,0,0,0,0,0,0,0,0,0,0
/home/luana-martins/.jnose_projects/ExoPlayer/library/core/src/main/java/com/google/android/exoplayer2/offline/DownloadHelper.java,com.google.android.exoplayer2.offline.DownloadHelper,54,79,5,91,622,0.0,0.0,40,19,33,7,0,0,33,0,0,0,17,3,3,14,0,0,10,0,42,476,30,20,15,1,0,25,24,67,0,62,5,2,5,6,349,17,0,ExoPlayer,DownloadHelperTest,0,0,0,0,1,0,0,0,0,0,0,0,0,0,0,0,0,0,0,0,0
/home/luana-martins/.jnose_projects/ExoPlayer/library/core/src/main/java/com/google/android/exoplayer2/offline/DownloadHelper.java,com.google.android.exoplayer2.offline.DownloadHelper,54,79,5,91,622,0.0,0.0,40,19,33,7,0,0,33,0,0,0,17,3,3,14,0,0,10,0,42,476,30,20,15,1,0,25,24,67,0,62,5,2,5,6,349,17,0,ExoPlayer,DownloadHelperTest,0,0,0,0,1,0,0,0,0,0,0,0,0,0,0,0,0,0,0,0,0
/home/luana-martins/.jnose_projects/ExoPlayer/library/core/src/main/java/com/google/android/exoplayer2/offline/ActionFile.java,com.google.android.exoplayer2.offline.ActionFile,10,29,1,24,10,0.0,0.0,8,4,4,4,0,0,4,0,0,0,6,5,0,6,0,0,6,0,5,109,10,2,4,2,2,5,11,34,1,28,3,0,0,0,101,16,0,ExoPlayer,ActionFileTest,10,0,0,0,0,0,0,0,0,0,3,0,0,0,0,0,1,3,0,0,1
/home/luana-martins/.jnose_projects/ExoPlayer/library/core/src/main/java/com/google/android/exoplayer2/SimpleExoPlayer.java,com.google.android.exoplayer2.SimpleExoPlayer,85,239,2,201,5140,0.0,0.0,152,2,137,13,2,0,139,0,0,0,44,3,1,42,1,0,19,0,29,1254,64,8,45,1,1,7,23,83,2,64,3,0,2,0,428,1,0,ExoPlayer,SimpleExoPlayerTest,1,1,0,0,1,0,0,0,0,0,0,0,0,0,0,0,0,0,0,0,1
/home/luana-martins/.jnose_projects/ExoPlayer/library/core/src/main/java/com/google/android/exoplayer2/StreamVolumeManager.java,com.google.android.exoplayer2.StreamVolumeManager,12,29,2,20,0,0.0,0.0,14,2,11,3,0,0,11,0,0,0,11,3,0,11,0,0,7,0,9,127,12,0,5,3,0,5,5,19,1,15,2,0,2,0,108,16,0,ExoPlayer,StreamVolumeManagerTest,26,9,0,0,0,0,0,0,10,0,2,0,0,0,0,0,3,0,0,0,12
/home/luana-martins/.jnose_projects/ExoPlayer/library/core/src/main/java/com/google/android/exoplayer2/video/MediaCodecVideoRenderer.java,com.google.android.exoplayer2.video.MediaCodecVideoRenderer,55,408,3,155,1948,0.0,0.0,72,10,9,21,41,1,51,0,0,0,48,10,0,47,0,1,14,0,72,1089,61,4,75,4,23,173,102,200,40,127,4,0,2,0,506,1,0,ExoPlayer,MediaCodecVideoRendererTest,1,0,0,0,8,0,0,0,11,0,0,0,0,6,0,0,0,0,0,0,0
/home/luana-martins/.jnose_projects/ExoPlayer/library/core/src/main/java/com/google/android/exoplayer2/video/spherical/Projection.java,com.google.android.exoplayer2.video.spherical.Projection,7,20,1,6,0,0.0,0.0,4,2,4,0,0,0,4,0,0,0,9,5,9,0,0,0,9,0,15,92,2,3,6,0,9,0,35,33,30,26,4,0,2,0,114,17,0,ExoPlayer,ProjectionTest,2,1,0,0,1,0,0,0,1,0,0,0,0,0,0,0,0,0,0,0,0
/home/luana-martins/.jnose_projects/ExoPlayer/library/core/src/main/java/com/google/android/exoplayer2/video/spherical/FrameRotationQueue.java,com.google.android.exoplayer2.video.spherical.FrameRotationQueue,3,9,1,11,0,0.0,0.0,6,2,5,1,0,0,5,0,0,0,4,0,0,4,0,0,3,0,4,53,2,0,2,0,0,0,24,17,10,12,1,0,0,0,102,17,0,ExoPlayer,FrameRotationQueueTest,4,1,0,0,1,0,0,2,0,0,2,0,0,0,0,0,0,0,0,0,1
/home/luana-martins/.jnose_projects/ExoPlayer/library/core/src/main/java/com/google/android/exoplayer2/video/spherical/ProjectionDecoder.java,com.google.android.exoplayer2.video.spherical.ProjectionDecoder,12,41,1,25,28,,,8,7,1,7,0,0,1,0,0,0,9,9,0,9,0,0,9,0,14,170,22,7,9,2,4,0,65,64,32,50,3,0,0,0,141,17,0,ExoPlayer,ProjectionDecoderTest,10,0,0,0,2,0,0,0,0,0,0,3,0,0,0,0,0,0,0,0,0
/home/luana-martins/.jnose_projects/ExoPlayer/library/core/src/main/java/com/google/android/exoplayer2/video/DecoderVideoRenderer.java,com.google.android.exoplayer2.video.DecoderVideoRenderer,31,145,2,84,737,0.0,0.0,50,2,4,20,26,0,30,3,2,0,38,3,0,37,1,0,8,0,14,562,38,2,53,3,5,1,25,113,10,62,3,0,0,0,360,1025,0,ExoPlayer,DecoderVideoRendererTest,0,1,0,0,3,0,0,0,3,0,0,2,0,0,0,0,0,0,0,0,1
/home/luana-martins/.jnose_projects/ExoPlayer/library/core/src/main/java/com/google/android/exoplayer2/video/FixedFrameRateEstimator.java,com.google.android.exoplayer2.video.FixedFrameRateEstimator,3,19,1,7,0,0.0,0.0,8,0,8,0,0,0,8,0,0,0,8,2,1,6,0,1,2,0,0,128,5,0,1,0,1,0,5,17,2,9,2,0,1,0,130,16,0,ExoPlayer,FixedFrameRateEstimatorTest,32,5,0,0,0,0,0,0,8,0,0,0,0,2,0,0,10,0,0,0,4
/home/luana-martins/.jnose_projects/ExoPlayer/library/core/src/main/java/com/google/android/exoplayer2/AudioFocusManager.java,com.google.android.exoplayer2.AudioFocusManager,21,65,1,29,67,0.0,0.0,18,1,5,12,0,1,6,0,0,0,19,10,3,16,0,0,12,0,10,203,28,0,20,0,1,6,14,26,3,23,2,0,2,0,152,16,0,ExoPlayer,AudioFocusManagerTest,74,20,0,0,0,0,0,0,0,0,2,0,0,0,0,0,16,1,0,0,6
/home/luana-martins/.jnose_projects/ExoPlayer/library/smoothstreaming/src/main/java/com/google/android/exoplayer2/source/smoothstreaming/manifest/SsManifestParser.java,com.google.android.exoplayer2.source.smoothstreaming.manifest.SsManifestParser,8,4,9,5,0,0.0,0.0,2,0,2,0,0,0,2,0,0,0,1,0,0,1,0,0,1,0,0,568,1,0,0,2,0,1,0,3,0,3,1,0,6,0,173,1,0,ExoPlayer,SsManifestParserTest,0,1,0,0,1,0,0,0,0,0,0,0,0,0,0,0,0,0,0,0,0
/home/luana-martins/.jnose_projects/ExoPlayer/library/smoothstreaming/src/main/java/com/google/android/exoplayer2/source/smoothstreaming/manifest/SsManifest.java,com.google.android.exoplayer2.source.smoothstreaming.manifest.SsManifest,8,9,1,10,0,0.0,0.0,3,0,2,1,0,0,2,0,1,0,9,1,9,0,0,0,9,0,3,120,1,1,5,0,0,0,7,18,0,17,2,0,2,0,93,1,0,ExoPlayer,SsManifestTest,0,0,0,0,0,0,0,0,0,0,0,0,0,0,0,0,0,0,0,0,1
/home/luana-martins/.jnose_projects/ExoPlayer/library/smoothstreaming/src/main/java/com/google/android/exoplayer2/source/smoothstreaming/SsMediaSource.java,com.google.android.exoplayer2.source.smoothstreaming.SsMediaSource,39,36,2,47,9,0.0,0.0,14,0,8,4,2,0,11,0,0,0,23,3,1,22,0,0,16,0,12,293,6,2,8,0,1,3,17,58,12,45,2,0,1,0,138,17,0,ExoPlayer,SsMediaSourceTest,14,6,0,0,0,0,0,0,0,0,0,0,0,0,0,0,0,0,0,0,5
/home/luana-martins/.jnose_projects/ExoPlayer/library/smoothstreaming/src/main/java/com/google/android/exoplayer2/source/smoothstreaming/SsMediaPeriod.java,com.google.android.exoplayer2.source.smoothstreaming.SsMediaPeriod,28,37,1,32,90,0.0,0.0,21,2,18,3,0,0,18,0,0,0,14,0,0,14,0,0,10,0,3,152,14,10,5,0,0,3,6,40,0,31,3,0,0,0,100,16,0,ExoPlayer,SsMediaPeriodTest,0,0,0,0,0,0,0,0,0,0,0,0,0,1,0,0,0,0,0,0,0
/home/luana-martins/.jnose_projects/ExoPlayer/library/smoothstreaming/src/main/java/com/google/android/exoplayer2/source/smoothstreaming/offline/SsDownloader.java,com.google.android.exoplayer2.source.smoothstreaming.offline.SsDownloader,15,9,2,9,15,0.0,0.0,6,0,5,0,1,0,6,0,0,0,0,0,0,0,0,0,0,0,2,28,1,3,0,0,0,1,2,3,0,3,3,0,0,0,90,17,0,ExoPlayer,SsDownloaderTest,1,0,0,0,0,0,0,0,0,0,0,0,0,0,0,0,0,0,0,0,0
/home/luana-martins/.jnose_projects/ExoPlayer/library/transformer/src/main/java/com/google/android/exoplayer2/transformer/SegmentSpeedProvider.java,com.google.android.exoplayer2.transformer.SegmentSpeedProvider,13,18,1,18,4,0.0,0.0,5,3,2,3,0,0,2,0,0,0,3,1,0,3,0,0,3,0,7,59,7,4,4,0,2,0,7,18,2,18,3,0,0,0,63,0,0,ExoPlayer,SegmentSpeedProviderTest,13,3,0,0,0,0,0,1,0,0,0,0,0,0,0,0,0,0,0,0,2
/home/luana-martins/.jnose_projects/ExoPlayer/library/transformer/src/main/java/com/google/android/exoplayer2/transformer/Transformer.java,com.google.android.exoplayer2.transformer.Transformer,30,16,1,27,21,0.0,0.0,11,0,7,4,0,0,7,0,0,0,14,4,4,10,0,0,10,0,3,255,3,0,5,0,1,3,10,26,4,20,1,0,4,0,232,17,0,ExoPlayer,TransformerTest,14,21,0,0,1,0,0,1,1,0,2,0,0,4,0,0,1,4,0,0,10
/home/luana-martins/.jnose_projects/ExoPlayer/library/transformer/src/main/java/com/google/android/exoplayer2/transformer/SefSlowMotionVideoSampleTransformer.java,com.google.android.exoplayer2.transformer.SefSlowMotionVideoSampleTransformer,17,46,1,23,0,0.0,0.0,9,1,2,5,0,2,4,0,0,0,13,4,0,12,0,1,10,0,10,184,11,5,20,0,13,8,32,44,29,34,3,0,2,0,243,16,0,ExoPlayer,SefSlowMotionVideoSampleTransformerTest,9,0,0,0,0,0,0,5,0,0,0,0,0,0,0,0,0,0,0,0,1
/home/luana-martins/.jnose_projects/ExoPlayer/library/hls/src/main/java/com/google/android/exoplayer2/source/hls/HlsMediaPeriod.java,com.google.android.exoplayer2.source.hls.HlsMediaPeriod,44,114,1,104,142,0.0,0.0,28,3,21,7,0,0,21,0,0,0,23,0,0,23,0,0,15,0,25,484,17,31,23,0,3,1,68,196,4,144,5,0,0,0,312,17,0,ExoPlayer,HlsMediaPeriodTest,0,0,0,0,0,0,0,0,0,0,0,0,0,1,0,0,0,0,0,0,0
/home/luana-martins/.jnose_projects/ExoPlayer/library/hls/src/main/java/com/google/android/exoplayer2/source/hls/HlsMediaSource.java,com.google.android.exoplayer2.source.hls.HlsMediaSource,33,31,2,30,26,0.0,0.0,13,1,6,5,2,0,9,0,0,0,16,2,2,14,0,0,14,0,11,262,6,1,10,0,1,2,9,44,10,35,2,0,1,0,138,17,0,ExoPlayer,HlsMediaSourceTest,34,7,0,0,0,0,0,0,0,0,0,0,0,6,0,0,0,0,0,0,5
/home/luana-martins/.jnose_projects/ExoPlayer/library/hls/src/main/java/com/google/android/exoplayer2/source/hls/WebvttExtractor.java,com.google.android.exoplayer2.source.hls.WebvttExtractor,17,19,1,34,8,0.0,0.0,8,0,6,2,0,0,6,0,0,0,10,4,0,10,0,0,7,0,16,91,6,1,6,0,1,7,14,28,10,24,3,0,0,0,108,17,0,ExoPlayer,WebvttExtractorTest,5,0,0,0,0,0,0,0,0,0,0,0,0,0,0,0,0,0,0,0,0
/home/luana-martins/.jnose_projects/ExoPlayer/library/hls/src/main/java/com/google/android/exoplayer2/source/hls/HlsTrackMetadataEntry.java,com.google.android.exoplayer2.source.hls.HlsTrackMetadataEntry,6,15,1,16,0,0.0,0.0,7,0,6,0,0,1,7,0,0,0,4,1,4,0,0,0,4,0,2,123,6,2,6,0,3,5,8,16,6,11,1,1,1,0,78,17,0,ExoPlayer,HlsTrackMetadataEntryTest,1,1,0,0,0,0,0,0,0,0,0,0,0,0,0,0,0,0,0,0,0
/home/luana-martins/.jnose_projects/ExoPlayer/library/hls/src/main/java/com/google/android/exoplayer2/source/hls/DefaultHlsExtractorFactory.java,com.google.android.exoplayer2.source.hls.DefaultHlsExtractorFactory,28,37,1,26,28,0.0,0.0,9,5,3,6,0,0,3,0,0,0,3,1,0,3,0,0,3,0,18,113,17,3,9,1,2,1,7,24,0,17,2,0,0,0,130,17,0,ExoPlayer,DefaultHlsExtractorFactoryTest,9,9,0,0,0,0,0,0,0,0,2,0,0,0,0,0,0,0,0,0,2
/home/luana-martins/.jnose_projects/ExoPlayer/library/hls/src/main/java/com/google/android/exoplayer2/source/hls/offline/HlsDownloader.java,com.google.android.exoplayer2.source.hls.offline.HlsDownloader,18,18,2,17,28,0.0,0.0,8,0,5,2,1,0,6,0,0,0,0,0,0,0,0,0,0,0,5,72,1,3,3,1,0,1,3,17,1,16,3,0,0,0,109,17,0,ExoPlayer,HlsDownloaderTest,1,0,0,0,0,0,0,1,0,0,4,0,0,0,0,0,0,0,0,0,2
/home/luana-martins/.jnose_projects/ExoPlayer/library/hls/src/main/java/com/google/android/exoplayer2/source/hls/playlist/DefaultHlsPlaylistTracker.java,com.google.android.exoplayer2.source.hls.playlist.DefaultHlsPlaylistTracker,28,68,1,67,170,0.0,0.0,28,1,17,11,0,0,17,0,0,0,17,2,2,15,0,0,8,0,10,446,27,6,17,0,2,1,10,68,5,57,3,0,1,0,181,17,0,ExoPlayer,DefaultHlsPlaylistTrackerTest,46,0,0,0,0,0,0,0,0,0,2,0,0,1,0,0,1,0,0,0,0
/home/luana-martins/.jnose_projects/ExoPlayer/library/hls/src/main/java/com/google/android/exoplayer2/source/hls/Aes128DataSource.java,com.google.android.exoplayer2.source.hls.Aes128DataSource,10,12,1,11,0,0.0,0.0,8,0,7,0,1,0,8,0,5,0,4,0,0,4,0,0,3,0,3,59,6,0,1,2,0,2,1,10,0,9,1,0,0,0,88,0,0,ExoPlayer,Aes128DataSourceTest,7,2,0,0,0,0,0,0,0,0,0,0,0,0,0,0,3,1,0,0,6
/home/luana-martins/.jnose_projects/ExoPlayer/library/hls/src/main/java/com/google/android/exoplayer2/source/hls/FullSegmentEncryptionKeyCache.java,com.google.android.exoplayer2.source.hls.FullSegmentEncryptionKeyCache,4,6,1,6,0,0.0,0.0,5,0,5,0,0,0,5,0,0,0,1,0,0,1,0,0,1,0,4,26,5,0,1,0,0,0,2,1,1,1,1,1,0,0,62,16,0,ExoPlayer,FullSegmentEncryptionKeyCacheTest,13,8,0,0,0,0,0,0,0,0,0,0,0,0,0,0,0,4,0,0,4
/home/luana-martins/.jnose_projects/ExoPlayer/library/common/src/main/java/com/google/android/exoplayer2/metadata/flac/VorbisComment.java,com.google.android.exoplayer2.metadata.flac.VorbisComment,6,10,1,6,0,0.0,0.0,7,0,6,0,0,1,7,0,0,0,3,1,3,0,0,0,3,0,2,47,6,0,3,0,0,2,4,9,5,5,1,1,0,0,36,17,0,ExoPlayer,VorbisCommentTest,1,1,0,0,0,0,0,0,0,0,0,0,0,0,0,0,0,0,0,0,0
/home/luana-martins/.jnose_projects/ExoPlayer/library/common/src/main/java/com/google/android/exoplayer2/metadata/flac/PictureFrame.java,com.google.android.exoplayer2.metadata.flac.PictureFrame,7,15,1,12,0,0.0,0.0,7,0,6,0,0,1,7,0,0,0,9,1,9,0,0,0,9,0,5,77,6,0,8,0,5,2,10,27,17,11,1,1,0,0,60,17,0,ExoPlayer,PictureFrameTest,1,1,0,0,0,0,0,0,0,0,0,0,0,0,0,0,0,0,0,0,0
/home/luana-martins/.jnose_projects/ExoPlayer/library/common/src/main/java/com/google/android/exoplayer2/metadata/SimpleMetadataDecoder.java,com.google.android.exoplayer2.metadata.SimpleMetadataDecoder,7,5,1,7,1,0.0,0.0,2,0,1,0,1,0,2,1,1,0,0,0,0,0,0,0,0,0,2,8,1,0,2,0,0,0,2,1,0,1,0,0,0,0,41,1025,0,ExoPlayer,SimpleMetadataDecoderTest,8,0,0,0,0,0,0,0,0,0,0,0,0,0,0,0,0,0,0,0,2
/home/luana-martins/.jnose_projects/ExoPlayer/library/common/src/main/java/com/google/android/exoplayer2/metadata/id3/Id3Decoder.java,com.google.android.exoplayer2.metadata.id3.Id3Decoder,24,166,2,55,319,0.0,0.0,27,23,3,23,1,0,4,0,0,0,17,16,3,14,0,0,17,0,79,566,52,9,108,2,50,35,192,218,69,173,5,0,2,1,252,17,0,ExoPlayer,Id3DecoderTest,65,8,0,0,0,0,0,0,0,0,0,0,0,1,0,0,25,0,0,0,4
/home/luana-martins/.jnose_projects/ExoPlayer/library/common/src/main/java/com/google/android/exoplayer2/metadata/id3/MlltFrame.java,com.google.android.exoplayer2.metadata.id3.MlltFrame,7,12,2,8,0,0.0,0.0,6,0,5,0,0,1,6,0,0,0,7,2,7,0,0,0,7,0,6,62,5,0,6,0,0,1,7,19,10,9,1,1,0,0,43,17,0,ExoPlayer,MlltFrameTest,1,1,0,0,0,0,0,0,0,0,0,0,0,0,0,0,0,0,0,0,0
/home/luana-martins/.jnose_projects/ExoPlayer/library/common/src/main/java/com/google/android/exoplayer2/metadata/id3/ChapterFrame.java,com.google.android.exoplayer2.metadata.id3.ChapterFrame,6,18,2,14,0,0.0,0.0,8,0,7,0,0,1,8,0,0,0,8,2,7,1,0,0,8,0,3,79,7,2,8,0,1,1,10,24,10,12,1,1,0,0,58,17,0,ExoPlayer,ChapterFrameTest,1,1,0,0,0,0,0,0,0,0,0,0,0,0,0,0,0,0,0,0,0
/home/luana-martins/.jnose_projects/ExoPlayer/library/common/src/main/java/com/google/android/exoplayer2/metadata/id3/ChapterTocFrame.java,com.google.android.exoplayer2.metadata.id3.ChapterTocFrame,6,21,2,16,0,0.0,0.0,7,0,6,0,0,1,7,0,0,0,7,2,6,1,0,0,7,0,5,70,6,2,8,0,5,1,17,20,6,11,1,1,0,0,53,17,0,ExoPlayer,ChapterTocFrameTest,1,1,0,0,0,0,0,0,0,0,0,0,0,0,0,0,0,0,0,0,0
/home/luana-martins/.jnose_projects/ExoPlayer/library/common/src/main/java/com/google/android/exoplayer2/metadata/mp4/MotionPhotoMetadata.java,com.google.android.exoplayer2.metadata.mp4.MotionPhotoMetadata,5,15,1,4,0,0.0,0.0,7,0,6,1,0,0,6,0,0,0,6,1,6,0,0,0,6,0,0,62,6,0,8,0,0,5,7,18,11,8,1,1,0,0,51,17,0,ExoPlayer,MotionPhotoMetadataTest,1,1,0,0,0,0,0,0,0,0,0,0,0,0,0,0,0,0,0,0,0
/home/luana-martins/.jnose_projects/ExoPlayer/library/common/src/main/java/com/google/android/exoplayer2/metadata/mp4/SlowMotionData.java,com.google.android.exoplayer2.metadata.mp4.SlowMotionData,8,13,1,9,0,0.0,0.0,7,1,6,1,0,0,6,0,0,0,2,1,2,0,0,0,2,0,2,101,9,1,3,0,0,1,3,6,1,5,2,1,1,0,68,17,0,ExoPlayer,SlowMotionDataTest,2,2,0,0,0,0,0,0,0,0,0,0,0,0,0,0,0,0,0,0,2
/home/luana-martins/.jnose_projects/ExoPlayer/library/common/src/main/java/com/google/android/exoplayer2/metadata/mp4/SmtaMetadataEntry.java,com.google.android.exoplayer2.metadata.mp4.SmtaMetadataEntry,5,12,1,6,0,0.0,0.0,7,0,6,1,0,0,6,0,0,0,3,1,3,0,0,0,3,0,0,47,6,0,5,0,0,2,4,9,5,5,1,1,0,0,64,17,0,ExoPlayer,SmtaMetadataEntryTest,1,1,0,0,0,0,0,0,0,0,0,0,0,0,0,0,0,0,0,0,0
/home/luana-martins/.jnose_projects/ExoPlayer/library/common/src/main/java/com/google/android/exoplayer2/metadata/mp4/MdtaMetadataEntry.java,com.google.android.exoplayer2.metadata.mp4.MdtaMetadataEntry,7,12,1,12,0,0.0,0.0,7,0,6,1,0,0,6,0,0,0,6,2,6,0,0,0,6,0,4,58,6,0,5,0,0,2,6,16,9,8,1,1,0,0,74,17,0,ExoPlayer,MdtaMetadataEntryTest,1,1,0,0,0,0,0,0,0,0,0,0,0,0,0,0,0,0,0,0,0
/home/luana-martins/.jnose_projects/ExoPlayer/library/common/src/main/java/com/google/android/exoplayer2/metadata/emsg/EventMessageEncoder.java,com.google.android.exoplayer2.metadata.emsg.EventMessageEncoder,3,6,1,8,0,0.0,0.0,4,2,2,2,0,0,2,0,0,0,2,0,0,2,0,0,2,0,4,34,1,0,1,1,3,1,9,3,3,3,1,0,0,0,45,17,0,ExoPlayer,EventMessageEncoderTest,5,3,0,0,0,0,0,1,0,0,0,0,0,0,0,0,0,0,0,0,2
/home/luana-martins/.jnose_projects/ExoPlayer/library/common/src/main/java/com/google/android/exoplayer2/metadata/emsg/EventMessage.java,com.google.android.exoplayer2.metadata.emsg.EventMessage,10,21,1,15,0,0.0,0.0,9,0,8,0,0,1,9,0,0,0,12,6,8,4,0,0,11,0,7,85,10,0,9,0,6,7,12,24,13,14,1,1,0,0,86,17,0,ExoPlayer,EventMessageTest,1,1,0,0,0,0,0,0,0,0,0,0,0,0,0,0,0,0,0,0,0
/home/luana-martins/.jnose_projects/ExoPlayer/library/common/src/main/java/com/google/android/exoplayer2/metadata/emsg/EventMessageDecoder.java,com.google.android.exoplayer2.metadata.emsg.EventMessageDecoder,8,2,2,10,1,0.0,0.0,2,0,1,0,1,0,2,0,0,0,0,0,0,0,0,0,0,0,3,13,2,0,0,0,0,1,0,5,0,5,0,0,0,0,27,17,0,ExoPlayer,EventMessageDecoderTest,6,0,0,0,0,0,0,0,0,0,0,0,0,0,0,0,0,0,0,0,1
/home/luana-martins/.jnose_projects/ExoPlayer/library/common/src/main/java/com/google/android/exoplayer2/metadata/Metadata.java,com.google.android.exoplayer2.metadata.Metadata,6,19,1,12,0,0.0,0.0,12,0,11,0,0,1,12,0,0,0,2,1,1,1,0,0,2,0,4,75,12,2,5,0,0,1,5,7,1,4,1,1,1,0,59,17,0,ExoPlayer,MetadataTest,1,1,0,0,0,0,0,0,0,0,0,0,0,0,0,0,0,0,0,0,0
/home/luana-martins/.jnose_projects/ExoPlayer/library/common/src/main/java/com/google/android/exoplayer2/MediaItem.java,com.google.android.exoplayer2.MediaItem,9,9,1,10,3,0.0,0.0,6,2,5,1,0,0,5,0,0,0,5,0,5,0,0,0,5,0,4,476,7,0,2,0,2,0,5,11,8,7,1,0,7,0,51,17,0,ExoPlayer,MediaItemTest,42,25,0,0,0,0,0,0,0,0,0,0,2,1,0,0,0,0,0,0,28
/home/luana-martins/.jnose_projects/ExoPlayer/library/common/src/main/java/com/google/android/exoplayer2/MediaMetadata.java,com.google.android.exoplayer2.MediaMetadata,3,7,1,3,0,0.0,0.0,3,0,2,1,0,0,2,0,0,0,1,0,1,0,0,0,1,0,1,29,4,0,4,0,0,0,1,2,0,2,1,0,1,0,18,17,0,ExoPlayer,MediaMetadataTest,2,1,0,0,0,0,0,0,0,0,0,0,0,0,0,0,0,0,0,0,1
/home/luana-martins/.jnose_projects/ExoPlayer/library/common/src/main/java/com/google/android/exoplayer2/audio/Ac3Util.java,com.google.android.exoplayer2.audio.Ac3Util,12,119,1,22,29,0.0,0.0,10,9,8,2,0,0,8,0,0,0,13,13,5,8,0,0,13,0,3,359,17,2,39,0,39,0,281,79,60,58,7,0,1,0,203,17,0,ExoPlayer,Ac3UtilTest,2,0,0,0,0,0,0,0,0,0,0,0,0,0,0,0,0,0,0,0,1
/home/luana-martins/.jnose_projects/ExoPlayer/library/common/src/main/java/com/google/android/exoplayer2/audio/OpusUtil.java,com.google.android.exoplayer2.audio.OpusUtil,2,11,1,14,28,0.0,0.0,9,8,4,5,0,0,4,0,0,0,3,3,1,2,0,0,3,0,14,46,10,0,2,0,5,0,14,9,5,9,1,0,0,0,90,1,0,ExoPlayer,OpusUtilTest,9,0,0,0,0,0,0,3,0,0,0,0,0,0,0,0,0,0,0,0,2
/home/luana-martins/.jnose_projects/ExoPlayer/library/common/src/main/java/com/google/android/exoplayer2/drm/DrmInitData.java,com.google.android.exoplayer2.drm.DrmInitData,7,39,1,24,0,0.0,0.0,16,2,13,2,0,1,14,0,0,0,5,1,3,2,0,0,4,0,9,189,13,3,11,0,2,0,10,20,2,13,3,1,1,0,119,17,0,ExoPlayer,DrmInitDataTest,24,3,0,0,0,0,0,2,0,0,0,0,0,1,0,0,3,0,0,0,1
/home/luana-martins/.jnose_projects/ExoPlayer/library/common/src/main/java/com/google/android/exoplayer2/util/ListenerSet.java,com.google.android.exoplayer2.util.ListenerSet,13,24,1,24,0,0.0,0.0,11,0,9,2,0,0,9,0,0,0,10,2,0,10,0,0,9,0,1,152,5,5,2,0,0,2,3,15,0,15,3,0,3,1,159,17,0,ExoPlayer,ListenerSetTest,0,13,0,0,13,0,0,0,0,0,0,0,0,4,0,0,0,0,0,0,15
/home/luana-martins/.jnose_projects/ExoPlayer/library/common/src/main/java/com/google/android/exoplayer2/util/MutableFlags.java,com.google.android.exoplayer2.util.MutableFlags,5,15,1,10,0,0.0,0.0,9,0,9,0,0,0,9,0,0,0,1,0,0,1,0,0,1,0,1,43,9,1,1,0,1,0,1,2,0,2,2,0,0,0,68,1,0,ExoPlayer,MutableFlagsTest,19,9,0,0,0,0,0,0,1,0,0,0,0,0,0,0,0,0,0,0,6
/home/luana-martins/.jnose_projects/ExoPlayer/library/common/src/main/java/com/google/android/exoplayer2/util/CodecSpecificDataUtil.java,com.google.android.exoplayer2.util.CodecSpecificDataUtil,8,30,1,20,33,0.0,0.0,10,9,7,3,0,0,7,0,0,0,2,2,0,2,0,0,2,0,10,96,13,8,6,0,1,7,41,31,11,27,2,0,0,0,203,17,0,ExoPlayer,CodecSpecificDataUtilTest,2,0,0,0,0,0,0,0,0,0,0,0,0,0,0,0,0,0,0,0,0
/home/luana-martins/.jnose_projects/ExoPlayer/library/common/src/main/java/com/google/android/exoplayer2/util/ParsableBitArray.java,com.google.android.exoplayer2.util.ParsableBitArray,5,44,1,16,0,0.0,0.0,23,0,22,1,0,0,22,0,0,0,4,0,1,3,0,0,0,0,8,169,12,3,12,0,43,0,69,54,50,20,1,0,0,0,154,17,0,ExoPlayer,ParsableBitArrayTest,55,28,0,0,0,0,0,13,1,0,0,0,0,1,0,0,4,0,0,0,12
/home/luana-martins/.jnose_projects/ExoPlayer/library/common/src/main/java/com/google/android/exoplayer2/util/ParsableNalUnitBitArray.java,com.google.android.exoplayer2.util.ParsableNalUnitBitArray,3,45,1,9,2,0.0,0.0,13,0,10,3,0,0,10,0,0,0,4,0,0,4,0,0,0,0,1,111,8,5,12,0,17,2,59,38,30,20,2,0,0,0,113,17,0,ExoPlayer,ParsableNalUnitBitArrayTest,38,7,0,0,0,0,0,25,0,0,0,0,0,0,0,0,6,2,0,0,6
/home/luana-martins/.jnose_projects/ExoPlayer/library/common/src/main/java/com/google/android/exoplayer2/util/MimeTypes.java,com.google.android.exoplayer2.util.MimeTypes,9,154,1,35,201,0.0,0.0,22,21,17,4,0,1,18,0,0,0,83,83,81,2,0,0,83,0,33,461,95,7,23,1,0,120,37,114,79,111,3,0,2,0,248,17,0,ExoPlayer,MimeTypesTest,124,0,0,0,0,0,0,8,0,0,0,0,0,1,0,0,0,0,0,0,1
/home/luana-martins/.jnose_projects/ExoPlayer/library/common/src/main/java/com/google/android/exoplayer2/util/FileTypes.java,com.google.android.exoplayer2.util.FileTypes,7,61,1,9,4,0.0,0.0,4,3,3,1,0,0,3,0,0,0,46,46,16,29,0,1,46,0,2,158,34,0,3,0,6,30,23,50,12,49,1,0,0,0,66,17,0,ExoPlayer,FileTypesTest,10,0,0,0,0,0,0,0,0,0,0,0,0,0,0,0,0,0,0,0,3
/home/luana-martins/.jnose_projects/ExoPlayer/library/common/src/main/java/com/google/android/exoplayer2/util/NalUnitUtil.java,com.google.android.exoplayer2.util.NalUnitUtil,11,85,1,21,66,0.0,0.0,12,11,9,3,0,0,9,0,0,0,9,9,3,6,0,0,8,0,11,287,15,8,51,0,23,2,199,102,68,73,4,0,2,0,297,17,0,ExoPlayer,NalUnitUtilTest,28,0,0,0,0,5,0,0,0,0,0,0,0,1,0,0,4,0,0,0,1
/home/luana-martins/.jnose_projects/ExoPlayer/library/common/src/main/java/com/google/android/exoplayer2/util/Util.java,com.google.android.exoplayer2.util.Util,51,485,1,220,8439,0.0,0.0,131,130,116,15,0,0,116,0,0,0,18,18,6,12,0,0,17,0,134,1274,224,44,88,10,43,195,747,211,110,160,5,0,0,1,913,17,0,ExoPlayer,UtilTest,221,13,2,0,0,1,0,6,1,0,0,0,3,1,0,0,17,0,0,0,14
/home/luana-martins/.jnose_projects/ExoPlayer/library/common/src/main/java/com/google/android/exoplayer2/util/ParsableByteArray.java,com.google.android.exoplayer2.util.ParsableByteArray,6,86,1,20,0,0.0,0.0,50,0,50,0,0,0,50,0,0,0,3,0,0,3,0,0,0,0,10,258,41,4,16,0,71,6,141,47,65,24,3,0,0,0,233,17,0,ExoPlayer,ParsableByteArrayTest,136,36,0,0,4,0,0,8,0,0,0,6,0,1,0,0,36,7,0,0,16
/home/luana-martins/.jnose_projects/ExoPlayer/library/common/src/main/java/com/google/android/exoplayer2/util/ConditionVariable.java,com.google.android.exoplayer2.util.ConditionVariable,2,17,1,7,0,0.0,0.0,8,0,8,0,0,0,8,0,0,6,2,0,0,2,0,0,1,0,1,62,6,3,0,1,0,0,1,9,2,6,2,0,0,0,107,1,0,ExoPlayer,ConditionVariableTest,18,5,0,5,0,0,0,1,0,0,0,0,0,0,0,0,2,3,0,0,3
/home/luana-martins/.jnose_projects/ExoPlayer/library/common/src/main/java/com/google/android/exoplayer2/util/CopyOnWriteMultiset.java,com.google.android.exoplayer2.util.CopyOnWriteMultiset,3,9,1,12,0,0.0,0.0,5,0,5,0,0,0,5,0,0,0,4,0,0,4,0,0,2,0,6,56,3,0,4,0,0,4,4,14,2,10,2,0,0,0,85,17,0,ExoPlayer,CopyOnWriteMultisetTest,6,5,0,0,1,0,0,0,0,0,0,0,0,0,0,0,0,0,0,0,3
/home/luana-martins/.jnose_projects/ExoPlayer/library/common/src/main/java/com/google/android/exoplayer2/Format.java,com.google.android.exoplayer2.Format,18,113,1,74,0,0.0,0.0,38,16,36,1,0,1,37,0,0,0,35,3,34,1,0,0,34,0,25,574,42,3,70,0,10,28,52,118,54,57,2,1,1,0,302,17,0,ExoPlayer,FormatTest,3,2,0,0,0,0,0,0,0,0,0,0,0,0,0,0,0,0,0,0,2
/home/luana-martins/.jnose_projects/ExoPlayer/library/common/src/main/java/com/google/android/exoplayer2/decoder/DecoderInputBuffer.java,com.google.android.exoplayer2.decoder.DecoderInputBuffer,8,24,6,12,3,0.0,0.0,10,1,9,1,0,0,9,0,3,0,10,3,8,2,0,0,6,0,3,99,7,0,11,0,0,2,6,18,1,16,1,0,1,0,177,1,0,ExoPlayer,DecoderInputBufferTest,7,5,0,0,0,0,0,0,0,0,0,0,0,0,0,0,1,0,0,0,2
/home/luana-martins/.jnose_projects/ExoPlayer/library/common/src/main/java/com/google/android/exoplayer2/decoder/CryptoInfo.java,com.google.android.exoplayer2.decoder.CryptoInfo,9,9,1,3,0,0.0,0.0,5,0,5,0,0,0,5,0,0,0,10,0,8,2,0,0,2,0,1,63,3,0,2,0,0,0,5,19,0,10,1,0,1,0,103,17,0,ExoPlayer,CryptoInfoTest,6,3,0,0,0,0,0,0,0,0,0,0,0,0,0,0,0,0,0,0,2
/home/luana-martins/.jnose_projects/ExoPlayer/library/common/src/main/java/com/google/android/exoplayer2/Timeline.java,com.google.android.exoplayer2.Timeline,7,52,1,23,210,0.0,0.0,21,0,21,0,0,0,21,6,8,0,1,1,1,0,0,0,1,0,3,338,27,5,14,0,1,0,21,25,15,18,2,1,2,0,288,1025,0,ExoPlayer,TimelineTest,27,0,0,0,0,0,0,12,0,0,0,0,0,2,0,0,4,0,0,0,2
/home/luana-martins/.jnose_projects/ExoPlayer/library/common/src/main/java/com/google/android/exoplayer2/C.java,com.google.android.exoplayer2.C,6,15,1,2,2,0.0,0.0,5,4,4,1,0,0,4,0,0,0,202,202,202,0,0,0,202,0,0,255,8,0,5,0,5,22,145,203,25,203,1,0,0,0,479,17,0,ExoPlayer,CTest,6,0,0,0,0,0,0,0,0,0,0,0,0,0,0,0,0,0,0,0,0
/home/luana-martins/.jnose_projects/ExoPlayer/library/common/src/main/java/com/google/android/exoplayer2/text/Cue.java,com.google.android.exoplayer2.text.Cue,11,7,1,4,0,0.0,0.0,6,0,5,1,0,0,5,0,0,0,29,13,29,0,0,0,29,0,2,234,1,0,2,0,0,4,12,29,0,29,1,0,1,0,204,17,0,ExoPlayer,CueTest,27,3,0,0,0,0,0,0,0,0,0,0,1,1,0,0,0,0,0,0,4
/home/luana-martins/.jnose_projects/ExoPlayer/library/common/src/main/java/com/google/android/exoplayer2/source/TrackGroup.java,com.google.android.exoplayer2.source.TrackGroup,6,18,1,9,0,0.0,0.0,8,0,7,0,0,1,8,0,0,0,4,1,2,2,0,0,3,0,3,64,8,3,6,0,0,1,9,13,2,9,2,1,0,0,70,17,0,ExoPlayer,TrackGroupTest,1,1,0,0,0,0,0,0,0,0,0,0,0,0,0,0,0,0,0,0,0
/home/luana-martins/.jnose_projects/ExoPlayer/library/common/src/main/java/com/google/android/exoplayer2/source/TrackGroupArray.java,com.google.android.exoplayer2.source.TrackGroupArray,5,19,1,8,0,0.0,0.0,9,0,8,0,0,1,9,0,0,0,5,2,3,2,0,0,4,0,2,65,9,3,7,0,0,1,7,12,0,9,2,1,0,0,64,17,0,ExoPlayer,TrackGroupArrayTest,1,1,0,0,0,0,0,0,0,0,0,0,0,0,0,0,0,0,0,0,0
/home/luana-martins/.jnose_projects/ExoPlayer/library/common/src/main/java/com/google/android/exoplayer2/source/ads/AdPlaybackState.java,com.google.android.exoplayer2.source.ads.AdPlaybackState,9,59,1,21,0,0.0,0.0,18,0,16,2,0,0,16,0,0,0,12,6,12,0,0,0,12,0,13,303,26,6,19,0,3,11,25,44,13,30,3,0,1,0,165,17,0,ExoPlayer,AdPlaybackStateTest,23,8,0,0,0,0,0,1,0,0,0,0,0,0,0,0,1,1,0,0,5
/home/luana-martins/.jnose_projects/ExoPlayer/library/common/src/main/java/com/google/android/exoplayer2/upstream/DataSourceException.java,com.google.android.exoplayer2.upstream.DataSourceException,2,5,4,1,0,0.0,0.0,2,1,2,0,0,0,2,0,0,0,2,1,2,0,0,0,2,0,0,20,2,1,2,0,1,0,1,5,0,4,3,0,0,0,52,17,0,ExoPlayer,DataSourceExceptionTest,4,4,0,0,0,0,0,0,0,0,0,0,0,0,0,0,0,0,0,0,2
/home/luana-martins/.jnose_projects/ExoPlayer/library/common/src/main/java/com/google/android/exoplayer2/upstream/BaseDataSource.java,com.google.android.exoplayer2.upstream.BaseDataSource,6,11,1,9,0,0.0,0.0,6,0,1,0,5,0,6,0,5,0,4,0,0,4,0,0,2,0,3,41,0,4,0,0,0,0,5,10,0,10,1,0,0,0,61,1025,0,ExoPlayer,BaseDataSourceTest,26,0,0,0,0,0,0,0,0,0,0,0,0,0,0,0,0,0,0,0,3
/home/luana-martins/.jnose_projects/ExoPlayer/library/common/src/main/java/com/google/android/exoplayer2/upstream/DataSpec.java,com.google.android.exoplayer2.upstream.DataSpec,9,35,1,7,0,0.0,0.0,21,1,20,1,0,0,20,0,1,0,18,7,18,0,0,0,18,0,7,191,13,0,8,0,1,18,20,19,9,19,1,0,1,0,282,17,0,ExoPlayer,DataSpecTest,43,3,0,0,0,0,0,0,0,0,0,0,0,4,0,0,3,0,0,0,13
/home/luana-martins/.jnose_projects/ExoPlayer/library/common/src/main/java/com/google/android/exoplayer2/upstream/DefaultHttpDataSource.java,com.google.android.exoplayer2.upstream.DefaultHttpDataSource,21,111,2,85,190,0.0,0.0,29,4,14,10,4,1,19,0,4,0,25,8,2,23,0,0,14,0,31,441,24,3,48,11,6,36,35,85,16,66,4,0,1,0,290,1,0,ExoPlayer,DefaultHttpDataSourceTest,10,3,0,0,0,0,0,0,0,0,0,0,0,1,0,0,0,0,0,0,5
/home/luana-martins/.jnose_projects/ExoPlayer/library/common/src/main/java/com/google/android/exoplayer2/offline/StreamKey.java,com.google.android.exoplayer2.offline.StreamKey,4,17,1,3,0,0.0,0.0,9,0,8,0,0,1,9,0,0,0,4,1,4,0,0,0,4,0,0,64,7,0,8,0,0,2,6,14,8,7,2,1,0,0,59,17,0,ExoPlayer,StreamKeyTest,1,1,0,0,0,0,0,0,0,0,0,0,0,0,0,0,0,0,0,0,0
/home/luana-martins/.jnose_projects/ExoPlayer/library/common/src/main/java/com/google/android/exoplayer2/video/HevcConfig.java,com.google.android.exoplayer2.video.HevcConfig,7,10,1,9,0,,,2,1,1,1,0,0,1,0,0,0,4,1,3,1,0,0,4,0,4,54,1,4,3,1,0,1,16,26,3,22,4,0,0,0,91,17,0,ExoPlayer,HevcConfigTest,2,0,0,0,0,0,0,0,0,0,0,0,0,0,0,0,0,0,0,0,0
/home/luana-martins/.jnose_projects/ExoPlayer/library/dash/src/main/java/com/google/android/exoplayer2/source/dash/DashUtil.java,com.google.android.exoplayer2.source.dash.DashUtil,21,22,1,30,45,0.0,0.0,10,9,5,5,0,0,5,0,0,0,0,0,0,0,0,0,0,0,13,88,12,0,9,2,1,0,3,20,0,16,2,0,0,0,114,17,0,ExoPlayer,DashUtilTest,4,0,0,0,0,0,0,0,0,0,0,0,0,0,0,0,0,0,0,0,1
/home/luana-martins/.jnose_projects/ExoPlayer/library/dash/src/main/java/com/google/android/exoplayer2/source/dash/manifest/UrlTemplate.java,com.google.android.exoplayer2.source.dash.manifest.UrlTemplate,2,20,1,12,0,0.0,0.0,4,2,2,2,0,0,2,0,0,0,14,10,0,14,0,0,14,0,4,105,3,2,7,0,0,16,18,44,4,27,5,0,0,0,118,17,0,ExoPlayer,UrlTemplateTest,6,3,0,0,0,0,0,0,0,0,0,0,0,0,0,0,1,1,0,0,2
/home/luana-martins/.jnose_projects/ExoPlayer/library/dash/src/main/java/com/google/android/exoplayer2/source/dash/manifest/RangedUri.java,com.google.android.exoplayer2.source.dash.manifest.RangedUri,5,22,1,6,0,0.0,0.0,7,0,7,0,0,0,7,0,0,0,4,0,2,2,0,0,3,0,2,55,11,0,14,0,0,6,5,10,12,7,1,0,0,0,78,17,0,ExoPlayer,RangedUriTest,0,0,0,0,0,0,0,0,0,0,0,0,0,0,0,0,1,0,0,0,1
/home/luana-martins/.jnose_projects/ExoPlayer/library/dash/src/main/java/com/google/android/exoplayer2/source/dash/manifest/DashManifestParser.java,com.google.android.exoplayer2.source.dash.manifest.DashManifestParser,46,328,2,190,2338,0.0,0.0,69,21,3,6,60,0,63,0,0,0,6,5,0,6,0,0,6,0,215,1136,110,32,72,2,15,219,87,326,14,220,4,0,1,0,384,1,0,ExoPlayer,DashManifestParserTest,128,21,0,0,1,0,0,0,3,0,0,0,0,5,0,0,7,0,0,0,4
/home/luana-martins/.jnose_projects/ExoPlayer/library/dash/src/main/java/com/google/android/exoplayer2/source/dash/manifest/DashManifest.java,com.google.android.exoplayer2.source.dash.manifest.DashManifest,12,18,1,18,2,0.0,0.0,8,1,7,1,0,0,7,0,5,0,13,0,12,1,0,0,13,0,4,89,6,3,9,0,3,0,7,32,6,30,3,0,0,0,96,1,0,ExoPlayer,DashManifestTest,0,0,0,0,0,0,0,0,0,0,0,0,0,2,0,0,0,0,0,0,1
/home/luana-martins/.jnose_projects/ExoPlayer/library/dash/src/main/java/com/google/android/exoplayer2/source/dash/manifest/SegmentBase.java,com.google.android.exoplayer2.source.dash.manifest.SegmentBase,6,3,7,1,0,0.0,0.0,3,0,3,0,0,0,3,0,0,0,3,0,0,0,0,3,3,0,1,217,2,0,0,0,0,0,0,3,0,3,0,0,5,0,43,1025,0,ExoPlayer,SegmentBaseTest,20,0,0,0,0,0,0,0,0,0,0,0,0,3,0,0,0,0,0,0,0
/home/luana-martins/.jnose_projects/ExoPlayer/library/dash/src/main/java/com/google/android/exoplayer2/source/dash/DefaultDashChunkSource.java,com.google.android.exoplayer2.source.dash.DefaultDashChunkSource,35,83,2,54,2,0.0,0.0,17,0,11,4,2,0,13,0,0,0,13,0,0,12,1,0,8,0,12,423,25,8,32,1,4,0,23,103,18,83,3,0,3,0,203,1,0,ExoPlayer,DefaultDashChunkSourceTest,3,2,0,0,0,0,0,0,0,0,0,0,0,2,0,0,1,0,0,0,2
/home/luana-martins/.jnose_projects/ExoPlayer/library/dash/src/main/java/com/google/android/exoplayer2/source/dash/EventSampleStream.java,com.google.android.exoplayer2.source.dash.EventSampleStream,11,17,1,9,2,0.0,0.0,8,0,8,0,0,0,8,0,0,0,8,0,0,8,0,0,2,0,4,72,7,0,5,0,0,0,2,21,2,14,2,0,0,0,61,16,0,ExoPlayer,EventSampleStreamTest,22,7,0,0,0,0,0,0,0,0,3,0,0,0,0,0,0,0,0,0,4
/home/luana-martins/.jnose_projects/ExoPlayer/library/dash/src/main/java/com/google/android/exoplayer2/source/dash/DashMediaSource.java,com.google.android.exoplayer2.source.dash.DashMediaSource,56,127,3,96,310,0.0,0.0,33,5,6,18,2,7,16,0,0,0,39,6,3,36,0,0,23,0,52,836,20,7,40,1,4,19,47,179,35,128,3,1,8,1,259,17,0,ExoPlayer,DashMediaSourceTest,58,18,0,0,0,0,0,1,0,0,0,0,0,0,0,0,0,1,0,0,7
/home/luana-martins/.jnose_projects/ExoPlayer/library/dash/src/main/java/com/google/android/exoplayer2/source/dash/offline/DashDownloader.java,com.google.android.exoplayer2.source.dash.offline.DashDownloader,25,21,2,24,36,0.0,0.0,9,1,5,3,1,0,6,0,0,0,0,0,0,0,0,0,0,0,4,84,3,4,6,1,0,3,4,21,3,21,3,1,0,0,122,17,0,ExoPlayer,DashDownloaderTest,22,0,0,0,0,0,0,2,0,0,3,0,0,0,0,0,0,3,0,0,4
/home/luana-martins/.jnose_projects/ExoPlayer/library/dash/src/main/java/com/google/android/exoplayer2/source/dash/DashMediaPeriod.java,com.google.android.exoplayer2.source.dash.DashMediaPeriod,47,128,1,104,442,0.0,0.0,37,12,19,18,0,0,19,0,0,1,24,2,0,23,0,1,17,0,30,547,33,35,34,0,5,17,41,182,8,138,5,0,1,0,267,16,0,ExoPlayer,DashMediaPeriodTest,0,0,0,0,0,0,0,0,0,0,0,0,0,0,0,0,0,0,0,0,0
/home/luana-martins/.jnose_projects/ExoPlayer/library/extractor/src/main/java/com/google/android/exoplayer2/extractor/FlacMetadataReader.java,com.google.android.exoplayer2.extractor.FlacMetadataReader,17,25,1,33,64,0.0,0.0,12,11,7,5,0,0,7,0,0,0,3,3,0,3,0,0,3,0,11,140,10,1,11,0,2,2,23,52,6,44,2,0,1,0,187,17,0,ExoPlayer,FlacMetadataReaderTest,55,10,0,0,0,0,0,0,0,0,0,0,0,0,0,0,0,0,0,0,8
/home/luana-martins/.jnose_projects/ExoPlayer/library/extractor/src/main/java/com/google/android/exoplayer2/extractor/rawcc/RawCcExtractor.java,com.google.android.exoplayer2.extractor.rawcc.RawCcExtractor,13,24,1,19,2,0.0,0.0,9,0,6,3,0,0,6,0,0,0,16,8,0,16,0,0,10,0,1,115,9,2,4,0,0,3,30,23,7,16,3,0,0,0,72,17,0,ExoPlayer,RawCcExtractorTest,0,0,0,0,0,0,0,0,0,0,0,0,0,0,0,0,0,0,0,0,0
/home/luana-martins/.jnose_projects/ExoPlayer/library/extractor/src/main/java/com/google/android/exoplayer2/extractor/mp3/IndexSeeker.java,com.google.android.exoplayer2.extractor.mp3.IndexSeeker,7,13,1,5,8,0.0,0.0,9,0,8,0,0,1,9,0,0,0,5,1,0,4,0,1,4,0,2,53,8,0,2,0,0,0,6,11,6,10,1,0,0,0,83,16,0,ExoPlayer,IndexSeekerTest,6,0,0,0,0,0,0,0,0,0,1,0,0,0,0,0,0,0,0,0,0
/home/luana-martins/.jnose_projects/ExoPlayer/library/extractor/src/main/java/com/google/android/exoplayer2/extractor/mp3/ConstantBitrateSeeker.java,com.google.android.exoplayer2.extractor.mp3.ConstantBitrateSeeker,3,3,2,1,3,0.0,0.0,3,0,3,0,0,0,3,0,0,0,0,0,0,0,0,0,0,0,0,11,2,0,0,0,0,0,0,0,0,0,0,0,0,0,49,16,0,ExoPlayer,ConstantBitrateSeekerTest,8,0,0,0,0,0,0,0,0,0,0,0,0,0,0,0,0,0,0,0,0
/home/luana-martins/.jnose_projects/ExoPlayer/library/extractor/src/main/java/com/google/android/exoplayer2/extractor/mp3/XingSeeker.java,com.google.android.exoplayer2.extractor.mp3.XingSeeker,11,27,1,12,0,0.0,0.0,9,1,6,3,0,0,6,0,0,0,7,1,0,7,0,0,7,0,9,94,11,1,10,0,14,3,28,37,30,32,1,0,0,0,124,16,0,ExoPlayer,XingSeekerTest,16,1,0,0,0,0,0,2,1,0,2,0,0,0,0,0,2,0,0,0,2
/home/luana-martins/.jnose_projects/ExoPlayer/library/extractor/src/main/java/com/google/android/exoplayer2/extractor/mp3/Mp3Extractor.java,com.google.android.exoplayer2.extractor.mp3.Mp3Extractor,37,112,1,63,101,0.0,0.0,22,4,9,13,0,0,9,0,0,0,33,13,4,29,0,0,20,0,15,358,28,3,53,2,22,8,74,93,17,71,4,0,0,2,293,17,0,ExoPlayer,Mp3ExtractorTest,0,0,0,0,0,0,0,0,0,0,0,0,0,0,0,0,0,0,0,0,1
/home/luana-martins/.jnose_projects/ExoPlayer/library/extractor/src/main/java/com/google/android/exoplayer2/extractor/Id3Peeker.java,com.google.android.exoplayer2.extractor.Id3Peeker,7,6,1,10,0,0.0,0.0,2,0,2,0,0,0,2,0,0,0,1,0,0,1,0,0,1,0,1,38,1,1,2,1,0,0,6,8,1,6,2,0,0,0,63,17,0,ExoPlayer,Id3PeekerTest,13,3,0,0,0,0,0,0,0,0,0,0,0,0,0,0,1,0,0,0,2
/home/luana-martins/.jnose_projects/ExoPlayer/library/extractor/src/main/java/com/google/android/exoplayer2/extractor/FlacStreamMetadata.java,com.google.android.exoplayer2.extractor.FlacStreamMetadata,13,43,1,27,0,0.0,0.0,16,3,12,4,0,0,12,0,0,0,15,3,12,3,0,0,15,0,13,165,30,1,4,0,5,3,62,42,18,28,1,0,1,0,183,17,0,ExoPlayer,FlacStreamMetadataTest,22,4,0,0,0,0,0,0,0,0,0,0,0,0,0,0,2,0,0,0,2
/home/luana-martins/.jnose_projects/ExoPlayer/library/extractor/src/main/java/com/google/android/exoplayer2/extractor/DefaultExtractorsFactory.java,com.google.android.exoplayer2.extractor.DefaultExtractorsFactory,32,46,1,14,77,0.0,0.0,15,0,14,1,0,0,15,0,0,13,13,2,0,13,0,0,2,0,4,159,13,1,6,2,3,6,4,21,0,18,3,0,0,0,181,17,0,ExoPlayer,DefaultExtractorsFactoryTest,6,3,0,0,0,0,0,6,0,0,0,0,0,0,0,0,0,0,0,0,2
/home/luana-martins/.jnose_projects/ExoPlayer/library/extractor/src/main/java/com/google/android/exoplayer2/extractor/ConstantBitrateSeekMap.java,com.google.android.exoplayer2.extractor.ConstantBitrateSeekMap,5,13,1,5,0,0.0,0.0,7,1,5,2,0,0,5,0,0,0,6,0,0,6,0,0,6,0,4,57,8,0,4,0,3,0,4,17,13,13,1,0,0,0,68,1,0,ExoPlayer,ConstantBitrateSeekMapTest,26,13,0,0,0,0,0,0,0,0,0,0,0,0,0,0,0,0,0,0,5
/home/luana-martins/.jnose_projects/ExoPlayer/library/extractor/src/main/java/com/google/android/exoplayer2/extractor/flac/FlacExtractor.java,com.google.android.exoplayer2.extractor.flac.FlacExtractor,27,46,1,50,20,0.0,0.0,16,0,7,9,0,0,7,0,0,0,24,10,2,22,0,0,14,0,22,212,17,3,11,1,1,0,26,50,10,36,3,0,0,1,176,17,0,ExoPlayer,FlacExtractorTest,0,0,0,0,0,0,0,0,0,0,0,0,0,0,0,0,0,0,0,0,0
/home/luana-martins/.jnose_projects/ExoPlayer/library/extractor/src/main/java/com/google/android/exoplayer2/extractor/flac/FlacExtractor.java,com.google.android.exoplayer2.extractor.flac.FlacExtractor,27,46,1,50,20,0.0,0.0,16,0,7,9,0,0,7,0,0,0,24,10,2,22,0,0,14,0,22,212,17,3,11,1,1,0,26,50,10,36,3,0,0,1,176,17,0,ExoPlayer,FlacExtractorTest,0,0,0,0,0,0,0,0,0,0,0,0,0,0,0,0,0,0,0,0,0
/home/luana-martins/.jnose_projects/ExoPlayer/library/extractor/src/main/java/com/google/android/exoplayer2/extractor/flv/FlvExtractor.java,com.google.android.exoplayer2.extractor.flv.FlvExtractor,19,48,1,32,6,0.0,0.0,13,0,6,7,0,0,6,0,0,0,27,11,1,26,0,0,16,0,2,190,13,1,16,0,7,3,49,51,6,35,3,0,0,1,130,17,0,ExoPlayer,FlvExtractorTest,0,0,0,0,0,0,0,0,0,0,0,0,0,0,0,0,0,0,0,0,0
/home/luana-martins/.jnose_projects/ExoPlayer/library/extractor/src/main/java/com/google/android/exoplayer2/extractor/mkv/MatroskaExtractor.java,com.google.android.exoplayer2.extractor.mkv.MatroskaExtractor,40,404,1,90,470,0.0,0.0,37,4,7,19,10,1,19,0,4,0,214,161,2,212,0,0,175,0,33,1861,33,18,73,0,45,84,414,447,97,285,7,0,3,1,656,1,0,ExoPlayer,MatroskaExtractorTest,0,0,0,0,0,0,0,0,0,0,0,0,0,0,0,0,0,0,0,0,0
/home/luana-martins/.jnose_projects/ExoPlayer/library/extractor/src/main/java/com/google/android/exoplayer2/extractor/mkv/DefaultEbmlReader.java,com.google.android.exoplayer2.extractor.mkv.DefaultEbmlReader,14,34,1,28,8,0.0,0.0,8,1,4,4,0,0,4,0,0,0,15,8,0,15,0,0,11,0,6,151,12,4,11,0,2,6,23,39,7,28,3,0,1,0,132,16,0,ExoPlayer,DefaultEbmlReaderTest,0,0,0,0,0,0,0,0,0,0,0,0,0,0,0,0,0,0,0,0,0
/home/luana-martins/.jnose_projects/ExoPlayer/library/extractor/src/main/java/com/google/android/exoplayer2/extractor/mkv/VarintReader.java,com.google.android.exoplayer2.extractor.mkv.VarintReader,4,16,1,4,0,0.0,0.0,6,2,6,0,0,0,6,0,0,0,6,3,0,6,0,0,4,0,2,60,6,2,4,0,3,1,28,18,4,11,2,0,0,0,155,16,0,ExoPlayer,VarintReaderTest,8,2,0,0,2,0,0,0,2,0,0,2,0,2,0,0,0,2,0,0,2
/home/luana-martins/.jnose_projects/ExoPlayer/library/extractor/src/main/java/com/google/android/exoplayer2/extractor/mp4/FragmentedMp4Extractor.java,com.google.android.exoplayer2.extractor.mp4.FragmentedMp4Extractor,49,273,1,140,637,0.0,0.0,47,21,11,35,1,0,12,0,0,0,49,15,5,44,0,0,30,0,78,1156,34,28,144,0,35,25,213,373,36,261,4,0,2,1,499,1,0,ExoPlayer,FragmentedMp4ExtractorTest,0,0,0,0,0,0,0,0,0,0,0,0,0,0,0,0,0,0,0,0,0
/home/luana-martins/.jnose_projects/ExoPlayer/library/extractor/src/main/java/com/google/android/exoplayer2/extractor/mp4/Mp4Extractor.java,com.google.android.exoplayer2.extractor.mp4.Mp4Extractor,45,159,1,85,256,0.0,0.0,29,7,10,19,0,0,10,0,0,0,37,13,4,33,0,0,21,0,29,563,31,12,84,0,8,3,81,199,26,132,4,0,1,2,354,17,0,ExoPlayer,Mp4ExtractorTest,0,0,0,0,0,0,0,0,0,0,0,0,0,0,0,0,0,0,0,0,0
/home/luana-martins/.jnose_projects/ExoPlayer/library/extractor/src/main/java/com/google/android/exoplayer2/extractor/mp4/PsshAtomUtil.java,com.google.android.exoplayer2.extractor.mp4.PsshAtomUtil,7,26,1,20,26,0.0,0.0,8,7,6,2,0,0,6,0,0,0,1,1,0,1,0,0,1,0,9,103,16,1,14,0,1,5,17,16,8,15,2,0,1,0,86,17,0,ExoPlayer,PsshAtomUtilTest,7,0,0,0,0,0,0,0,0,0,0,0,0,0,0,0,1,0,0,0,0
/home/luana-martins/.jnose_projects/ExoPlayer/library/extractor/src/main/java/com/google/android/exoplayer2/extractor/mp4/AtomParsers.java,com.google.android.exoplayer2.extractor.mp4.AtomParsers,47,323,1,115,427,0.0,0.0,30,29,4,25,0,1,5,0,0,0,11,11,0,11,0,0,11,0,117,1167,47,28,224,0,22,32,213,429,73,266,5,0,6,0,490,16,0,ExoPlayer,AtomParsersTest,1,0,0,0,3,0,0,1,0,0,0,0,0,0,0,0,0,0,0,0,0
/home/luana-martins/.jnose_projects/ExoPlayer/library/extractor/src/main/java/com/google/android/exoplayer2/extractor/mp4/MetadataUtil.java,com.google.android.exoplayer2.extractor.mp4.MetadataUtil,18,81,1,30,22,0.0,0.0,13,12,4,9,0,0,4,0,0,0,35,35,0,34,0,1,35,0,47,307,47,4,52,1,3,231,68,89,20,80,5,0,0,0,179,16,0,ExoPlayer,MetadataUtilTest,1,0,0,0,0,0,0,0,0,0,0,0,0,0,0,0,0,0,0,0,0
/home/luana-martins/.jnose_projects/ExoPlayer/library/extractor/src/main/java/com/google/android/exoplayer2/extractor/jpeg/MotionPhotoDescription.java,com.google.android.exoplayer2.extractor.jpeg.MotionPhotoDescription,3,12,1,3,0,0.0,0.0,2,0,2,0,0,0,2,0,0,0,2,0,2,0,0,0,2,0,0,57,3,1,7,0,0,0,6,21,2,11,2,0,1,0,50,16,0,ExoPlayer,MotionPhotoDescriptionTest,16,4,0,0,0,0,0,0,0,0,0,0,0,2,0,0,0,0,0,0,2
/home/luana-martins/.jnose_projects/ExoPlayer/library/extractor/src/main/java/com/google/android/exoplayer2/extractor/jpeg/JpegExtractor.java,com.google.android.exoplayer2.extractor.jpeg.JpegExtractor,23,49,1,40,6,0.0,0.0,16,1,6,10,0,0,6,0,0,0,24,14,0,24,0,0,15,0,8,195,14,0,22,0,1,1,37,44,2,31,4,0,0,0,142,17,0,ExoPlayer,JpegExtractorTest,0,0,0,0,0,0,0,0,0,0,0,0,0,0,0,0,0,0,0,0,0
/home/luana-martins/.jnose_projects/ExoPlayer/library/extractor/src/main/java/com/google/android/exoplayer2/extractor/ExtractorUtil.java,com.google.android.exoplayer2.extractor.ExtractorUtil,2,4,1,1,1,,,2,1,1,1,0,0,1,0,0,0,0,0,0,0,0,0,0,0,0,15,1,1,1,0,0,0,1,3,2,2,2,0,0,0,54,16,0,ExoPlayer,ExtractorUtilTest,6,0,0,0,0,0,0,0,0,0,0,0,0,0,0,0,0,0,0,0,1
/home/luana-martins/.jnose_projects/ExoPlayer/library/extractor/src/main/java/com/google/android/exoplayer2/extractor/DefaultExtractorInput.java,com.google.android.exoplayer2.extractor.DefaultExtractorInput,7,45,1,17,151,0.0,0.0,23,0,17,6,0,0,17,0,0,0,10,3,0,10,0,0,6,0,13,168,18,3,13,0,0,0,21,40,17,24,2,0,0,0,143,17,0,ExoPlayer,DefaultExtractorInputTest,98,32,0,0,1,0,0,10,2,0,0,0,0,0,0,0,13,14,0,0,11
/home/luana-martins/.jnose_projects/ExoPlayer/library/extractor/src/main/java/com/google/android/exoplayer2/extractor/wav/WavExtractor.java,com.google.android.exoplayer2.extractor.wav.WavExtractor,20,19,1,15,11,0.0,0.0,7,0,6,1,0,0,6,0,0,0,7,2,1,6,0,0,2,0,7,275,2,0,11,0,0,4,3,16,2,11,3,0,3,1,96,17,0,ExoPlayer,WavExtractorTest,0,0,0,0,0,0,0,0,0,0,0,0,0,0,0,0,0,0,0,0,0
/home/luana-martins/.jnose_projects/ExoPlayer/library/extractor/src/main/java/com/google/android/exoplayer2/extractor/ts/Ac3Extractor.java,com.google.android.exoplayer2.extractor.ts.Ac3Extractor,11,15,1,18,3,0.0,0.0,6,0,6,0,0,0,6,0,0,0,7,4,1,6,0,0,6,0,1,80,5,2,4,0,0,0,21,18,4,15,3,0,0,1,88,17,0,ExoPlayer,Ac3ExtractorTest,0,0,0,0,0,0,0,0,0,0,0,0,0,0,0,0,0,0,0,0,0
/home/luana-martins/.jnose_projects/ExoPlayer/library/extractor/src/main/java/com/google/android/exoplayer2/extractor/ts/TsExtractor.java,com.google.android.exoplayer2.extractor.ts.TsExtractor,30,69,1,52,21,0.0,0.0,15,0,10,5,0,0,10,0,0,0,51,32,24,27,0,0,42,0,5,477,15,6,28,0,9,1,73,92,15,86,3,0,2,1,275,17,0,ExoPlayer,TsExtractorTest,4,2,0,0,0,0,0,1,4,0,0,0,0,1,0,0,0,0,0,0,12
/home/luana-martins/.jnose_projects/ExoPlayer/library/extractor/src/main/java/com/google/android/exoplayer2/extractor/ts/PsDurationReader.java,com.google.android.exoplayer2.extractor.ts.PsDurationReader,7,37,1,23,33,0.0,0.0,14,3,5,8,0,1,6,0,0,0,9,1,0,9,0,0,3,0,6,144,27,2,13,0,18,0,60,33,21,28,3,0,0,0,183,16,0,ExoPlayer,PsDurationReaderTest,5,2,0,0,0,0,0,0,4,0,1,0,0,0,0,0,0,0,0,0,3
/home/luana-martins/.jnose_projects/ExoPlayer/library/extractor/src/main/java/com/google/android/exoplayer2/extractor/ts/SectionReader.java,com.google.android.exoplayer2.extractor.ts.SectionReader,8,17,1,15,0,0.0,0.0,4,0,4,0,0,0,4,0,0,0,9,3,0,9,0,0,5,0,5,86,3,1,7,0,5,0,22,26,8,18,5,0,0,0,89,17,0,ExoPlayer,SectionReaderTest,15,1,0,0,0,0,0,0,0,0,1,0,0,0,0,0,5,0,0,0,2
/home/luana-martins/.jnose_projects/ExoPlayer/library/extractor/src/main/java/com/google/android/exoplayer2/extractor/ts/AdtsReader.java,com.google.android.exoplayer2.extractor.ts.AdtsReader,21,76,1,50,166,0.0,0.0,25,1,9,16,0,0,9,0,0,0,38,17,0,38,0,0,21,0,11,323,24,2,22,0,8,9,77,84,28,59,4,0,0,0,247,17,0,ExoPlayer,AdtsReaderTest,0,0,0,0,0,4,0,16,3,0,5,0,0,0,0,0,0,0,0,0,0
/home/luana-martins/.jnose_projects/ExoPlayer/library/extractor/src/main/java/com/google/android/exoplayer2/extractor/ts/PsExtractor.java,com.google.android.exoplayer2.extractor.ts.PsExtractor,24,61,1,39,10,0.0,0.0,8,0,7,1,0,0,7,0,0,0,24,13,6,14,0,4,17,0,1,243,16,1,26,0,25,1,82,48,13,41,3,0,1,1,124,17,0,ExoPlayer,PsExtractorTest,0,0,0,0,0,0,0,0,0,0,0,0,0,0,0,0,0,0,0,0,0
/home/luana-martins/.jnose_projects/ExoPlayer/library/extractor/src/main/java/com/google/android/exoplayer2/extractor/ts/AdtsExtractor.java,com.google.android.exoplayer2.extractor.ts.AdtsExtractor,19,44,1,31,18,0.0,0.0,12,1,7,5,0,0,7,0,0,0,17,5,2,15,0,0,10,0,4,192,11,3,9,1,4,2,45,47,9,35,4,0,0,1,174,17,0,ExoPlayer,AdtsExtractorTest,0,0,0,0,0,0,0,0,0,0,0,0,0,0,0,0,0,0,0,0,1
/home/luana-martins/.jnose_projects/ExoPlayer/library/extractor/src/main/java/com/google/android/exoplayer2/extractor/ts/TsDurationReader.java,com.google.android.exoplayer2.extractor.ts.TsDurationReader,7,23,1,17,0,0.0,0.0,10,0,4,5,0,1,5,0,0,0,9,0,0,9,0,0,3,0,4,112,18,2,8,0,0,0,6,29,3,24,2,0,0,0,138,16,0,ExoPlayer,TsDurationReaderTest,3,2,0,0,0,0,0,2,6,0,1,0,0,0,0,0,0,0,0,0,3
/home/luana-martins/.jnose_projects/ExoPlayer/library/extractor/src/main/java/com/google/android/exoplayer2/extractor/ts/Ac4Extractor.java,com.google.android.exoplayer2.extractor.ts.Ac4Extractor,11,16,1,18,3,0.0,0.0,6,0,6,0,0,0,6,0,0,0,7,4,1,6,0,0,6,0,1,80,5,2,5,0,0,0,19,18,4,15,3,0,0,1,99,17,0,ExoPlayer,Ac4ExtractorTest,0,0,0,0,0,0,0,0,0,0,0,0,0,0,0,0,0,0,0,0,0
/home/luana-martins/.jnose_projects/ExoPlayer/library/extractor/src/main/java/com/google/android/exoplayer2/extractor/VorbisBitArray.java,com.google.android.exoplayer2.extractor.VorbisBitArray,3,16,1,4,0,0.0,0.0,9,0,8,1,0,0,8,0,0,0,4,0,0,4,0,0,2,0,2,55,4,1,3,0,14,0,24,17,19,9,1,0,0,0,74,17,0,ExoPlayer,VorbisBitArrayTest,49,9,0,0,0,0,0,13,0,0,0,0,0,0,0,0,9,0,0,0,6
/home/luana-martins/.jnose_projects/ExoPlayer/library/extractor/src/main/java/com/google/android/exoplayer2/extractor/VorbisUtil.java,com.google.android.exoplayer2.extractor.VorbisUtil,12,80,1,28,78,0.0,0.0,13,12,6,7,0,0,6,0,0,0,1,1,0,1,0,0,1,0,20,371,12,23,17,0,10,13,144,107,34,81,5,0,4,0,217,17,0,ExoPlayer,VorbisUtilTest,39,0,0,0,0,0,0,9,0,0,0,0,0,0,0,0,0,2,0,0,1
/home/luana-martins/.jnose_projects/ExoPlayer/library/extractor/src/main/java/com/google/android/exoplayer2/extractor/FlacFrameReader.java,com.google.android.exoplayer2.extractor.FlacFrameReader,9,47,1,23,55,0.0,0.0,11,10,4,7,0,0,4,0,0,0,0,0,0,0,0,0,0,0,13,143,25,0,17,1,13,0,76,28,20,26,2,0,1,0,148,17,0,ExoPlayer,FlacFrameReaderTest,19,0,0,0,0,0,0,0,0,0,0,0,0,0,0,0,0,0,0,0,4
/home/luana-martins/.jnose_projects/ExoPlayer/library/extractor/src/main/java/com/google/android/exoplayer2/extractor/ogg/OggPageHeader.java,com.google.android.exoplayer2.extractor.ogg.OggPageHeader,7,20,1,18,6,0.0,0.0,5,1,4,1,0,0,4,0,0,0,17,6,14,3,0,0,8,0,3,91,8,3,7,1,2,1,23,28,4,18,2,0,0,0,168,16,0,ExoPlayer,OggPageHeaderTest,19,0,0,0,0,0,0,0,0,0,0,0,0,0,0,0,0,0,1,0,4
/home/luana-martins/.jnose_projects/ExoPlayer/library/extractor/src/main/java/com/google/android/exoplayer2/extractor/ogg/VorbisReader.java,com.google.android.exoplayer2.extractor.ogg.VorbisReader,15,22,2,28,16,0.0,0.0,9,4,1,1,4,3,8,0,0,0,5,0,0,5,0,0,0,0,12,116,12,0,7,1,12,1,31,31,16,18,1,0,1,0,93,16,0,ExoPlayer,VorbisReaderTest,30,0,0,0,0,0,0,4,0,0,0,0,0,1,0,0,1,0,0,0,0
/home/luana-martins/.jnose_projects/ExoPlayer/library/extractor/src/main/java/com/google/android/exoplayer2/extractor/ogg/OggPacket.java,com.google.android.exoplayer2.extractor.ogg.OggPacket,6,20,1,15,0,0.0,0.0,6,0,5,1,0,0,5,0,0,0,5,0,0,5,0,0,2,0,3,69,6,2,7,0,1,0,14,19,6,11,3,0,0,0,104,16,0,ExoPlayer,OggPacketTest,33,0,0,0,0,0,0,1,1,0,0,0,0,1,0,0,8,0,0,0,1
/home/luana-martins/.jnose_projects/ExoPlayer/library/extractor/src/main/java/com/google/android/exoplayer2/extractor/ogg/DefaultOggSeeker.java,com.google.android.exoplayer2.extractor.ogg.DefaultOggSeeker,11,34,1,12,0,0.0,0.0,7,0,4,2,0,1,5,0,0,0,20,8,0,20,0,0,12,0,3,149,12,2,6,0,6,1,23,41,18,27,2,0,1,0,138,16,0,ExoPlayer,DefaultOggSeekerTest,13,1,0,0,0,0,0,3,4,0,0,0,0,1,0,0,2,3,0,0,2
/home/luana-martins/.jnose_projects/ExoPlayer/library/ui/src/main/java/com/google/android/exoplayer2/ui/SpannedToHtmlConverter.java,com.google.android.exoplayer2.ui.SpannedToHtmlConverter,24,63,1,39,36,,,9,8,1,8,0,0,1,0,0,0,1,1,0,1,0,0,1,0,25,255,35,6,5,0,6,39,5,32,5,30,2,0,3,0,214,16,0,ExoPlayer,SpannedToHtmlConverterTest,47,0,0,0,0,0,0,0,0,0,0,0,0,2,0,0,0,0,1,0,1
/home/luana-martins/.jnose_projects/ExoPlayer/library/ui/src/main/java/com/google/android/exoplayer2/ui/HtmlUtils.java,com.google.android.exoplayer2.ui.HtmlUtils,2,3,1,5,3,0.0,0.0,3,2,2,1,0,0,2,0,0,0,0,0,0,0,0,0,0,0,1,10,2,0,0,0,0,4,1,0,2,0,0,0,0,0,39,16,0,ExoPlayer,HtmlUtilsTest,2,0,0,0,0,0,0,0,0,0,0,0,0,0,0,0,0,0,0,0,1
/home/luana-martins/.jnose_projects/ExoPlayer/library/ui/src/main/java/com/google/android/exoplayer2/ui/spherical/TouchTracker.java,com.google.android.exoplayer2.ui.spherical.TouchTracker,13,8,2,10,5,0.0,0.0,7,0,7,0,0,0,7,0,0,0,8,1,0,7,0,1,6,0,4,51,5,0,1,0,2,2,1,17,10,13,1,0,1,0,174,0,0,ExoPlayer,TouchTrackerTest,20,0,0,0,0,0,0,0,0,0,1,0,0,0,0,0,3,0,0,0,1
