ProductionFileName,class,cbo,wmc,dit,rfc,lcom,tcc,lcc,totalMethodsQty,staticMethodsQty,publicMethodsQty,privateMethodsQty,protectedMethodsQty,defaultMethodsQty,abstractMethodsQty,finalMethodsQty,synchronizedMethodsQty,totalFieldsQty,staticFieldsQty,publicFieldsQty,privateFieldsQty,protectedFieldsQty,defaultFieldsQty,visibleFieldsQty,finalFieldsQty,synchronizedFieldsQty,nosi,loc,returnQty,loopQty,comparisonsQty,tryCatchQty,parenthesizedExpsQty,stringLiteralsQty,numbersQty,assignmentsQty,mathOperationsQty,variablesQty,maxNestedBlocksQty,anonymousClassesQty,innerClassesQty,lambdasQty,uniqueWordsQty,modifiers,logStatementsQty,App,TestFileName,Assertion Roulette,Eager Test,Mystery Guest,Sleepy Test,Unknown Test,Redundant Assertion,Dependent Test,Magic Number Test,Conditional Test Logic,EmptyTest,General Fixture,IgnoredTest,Sensitive Equality,Verbose Test,Default Test,Resource Optimism,Duplicate Assert,Exception Catching Throwing,Constructor Initialization,Print Statement,Lazy Test
/home/luana-martins/.jnose_projects/java-design-patterns/combinator/src/main/java/com/iluwatar/combinator/CombinatorApp.java,com.iluwatar.combinator.CombinatorApp,4,2,1,7,1,,,2,2,1,1,0,0,1,0,0,0,0,0,0,0,0,0,0,0,8,20,1,0,0,0,0,26,0,9,1,4,0,0,0,0,99,1,4,java-design-patterns,CombinatorAppTest,0.0,0.0,0.0,0.0,0.0,0.0,0.0,0.0,0.0,0.0,0.0,0.0,0.0,0.0,0.0,0.0,0.0,0.0,0.0,0.0,0.0
/home/luana-martins/.jnose_projects/java-design-patterns/combinator/src/main/java/com/iluwatar/combinator/Finders.java,com.iluwatar.combinator.Finders,2,10,1,10,21,0.0,0.0,7,6,4,3,0,0,4,0,0,0,0,0,0,0,0,0,0,0,11,34,6,3,0,0,0,1,0,6,0,5,1,0,0,2,47,1,0,java-design-patterns,FindersTest,10.0,0.0,0.0,0.0,0.0,0.0,0.0,10.0,0.0,0.0,0.0,0.0,0.0,0.0,0.0,0.0,0.0,0.0,0.0,0.0,0.0
/home/luana-martins/.jnose_projects/java-design-patterns/strangler/src/main/java/com/iluwatar/strangler/HalfArithmetic.java,com.iluwatar.strangler.HalfArithmetic,4,4,1,4,0,1.0,1.0,4,0,4,0,0,0,4,0,0,0,3,1,0,3,0,0,3,0,0,21,3,0,0,0,0,4,0,3,0,3,0,0,0,0,43,1,3,java-design-patterns,HalfArithmeticTest,3.0,0.0,0.0,0.0,0.0,0.0,0.0,3.0,0.0,0.0,0.0,3.0,0.0,0.0,0.0,0.0,0.0,0.0,0.0,0.0,0.0
/home/luana-martins/.jnose_projects/java-design-patterns/strangler/src/main/java/com/iluwatar/strangler/HalfSource.java,com.iluwatar.strangler.HalfSource,2,3,1,4,0,1.0,1.0,2,0,2,0,0,0,2,0,0,0,1,1,0,1,0,0,1,0,2,11,2,0,1,0,0,3,2,1,0,2,0,0,0,1,39,1,2,java-design-patterns,HalfSourceTest,2.0,0.0,0.0,0.0,0.0,0.0,0.0,2.0,0.0,0.0,0.0,2.0,0.0,0.0,0.0,0.0,0.0,0.0,0.0,0.0,0.0
/home/luana-martins/.jnose_projects/java-design-patterns/strangler/src/main/java/com/iluwatar/strangler/OldSource.java,com.iluwatar.strangler.OldSource,2,4,1,1,0,1.0,1.0,2,0,2,0,0,0,2,0,0,0,1,1,0,1,0,0,1,0,0,19,2,2,0,0,0,3,2,5,0,3,1,0,0,0,25,1,2,java-design-patterns,OldSourceTest,2.0,0.0,0.0,0.0,0.0,0.0,0.0,2.0,0.0,0.0,0.0,2.0,0.0,0.0,0.0,0.0,0.0,0.0,0.0,0.0,0.0
/home/luana-martins/.jnose_projects/java-design-patterns/strangler/src/main/java/com/iluwatar/strangler/OldArithmetic.java,com.iluwatar.strangler.OldArithmetic,3,3,1,3,0,1.0,1.0,3,0,3,0,0,0,3,0,0,0,2,1,0,2,0,0,2,0,0,15,2,0,0,0,0,3,0,2,0,2,0,0,0,0,28,1,2,java-design-patterns,OldArithmeticTest,2.0,0.0,0.0,0.0,0.0,0.0,0.0,2.0,0.0,0.0,0.0,2.0,0.0,0.0,0.0,0.0,0.0,0.0,0.0,0.0,0.0
/home/luana-martins/.jnose_projects/java-design-patterns/strangler/src/main/java/com/iluwatar/strangler/NewSource.java,com.iluwatar.strangler.NewSource,2,4,1,4,0,1.0,1.0,3,0,3,0,0,0,3,0,0,0,2,2,1,1,0,0,2,0,3,16,3,0,1,0,0,2,3,2,1,5,0,0,0,2,44,1,3,java-design-patterns,NewSourceTest,3.0,0.0,0.0,0.0,0.0,0.0,0.0,3.0,0.0,0.0,0.0,3.0,0.0,0.0,0.0,0.0,0.0,0.0,0.0,0.0,0.0
/home/luana-martins/.jnose_projects/java-design-patterns/strangler/src/main/java/com/iluwatar/strangler/NewArithmetic.java,com.iluwatar.strangler.NewArithmetic,3,4,1,4,0,1.0,1.0,4,0,4,0,0,0,4,0,0,0,2,1,0,2,0,0,2,0,0,19,3,0,0,0,0,4,0,2,0,2,0,0,0,0,39,1,3,java-design-patterns,NewArithmeticTest,3.0,0.0,0.0,0.0,0.0,0.0,0.0,3.0,0.0,0.0,0.0,3.0,0.0,0.0,0.0,0.0,0.0,0.0,0.0,0.0,0.0
/home/luana-martins/.jnose_projects/java-design-patterns/service-locator/src/main/java/com/iluwatar/servicelocator/ServiceLocator.java,com.iluwatar.servicelocator.ServiceLocator,3,4,1,3,1,,,2,1,1,1,0,0,1,0,0,0,1,1,0,1,0,0,1,0,0,19,2,0,2,0,0,0,0,4,0,3,2,0,0,0,42,17,0,java-design-patterns,ServiceLocatorTest,6.0,0.0,0.0,0.0,0.0,0.0,0.0,1.0,1.0,0.0,0.0,2.0,0.0,0.0,0.0,0.0,0.0,0.0,0.0,0.0,1.0
/home/luana-martins/.jnose_projects/java-design-patterns/api-gateway/image-microservice/src/main/java/com/iluwatar/image/microservice/ImageController.java,com.iluwatar.image.microservice.ImageController,3,1,1,1,0,,,1,0,1,0,0,0,1,0,0,0,0,0,0,0,0,0,0,0,0,6,1,0,0,0,0,3,0,0,0,0,0,0,0,0,17,1,1,java-design-patterns,ImageControllerTest,1.0,0.0,0.0,0.0,0.0,0.0,0.0,0.0,0.0,0.0,0.0,1.0,0.0,0.0,0.0,0.0,0.0,0.0,0.0,0.0,0.0
/home/luana-martins/.jnose_projects/java-design-patterns/api-gateway/price-microservice/src/main/java/com/iluwatar/price/microservice/PriceController.java,com.iluwatar.price.microservice.PriceController,3,1,1,1,0,,,1,0,1,0,0,0,1,0,0,0,0,0,0,0,0,0,0,0,0,6,1,0,0,0,0,3,0,0,0,0,0,0,0,0,14,1,1,java-design-patterns,PriceControllerTest,1.0,0.0,0.0,0.0,0.0,0.0,0.0,0.0,0.0,0.0,0.0,1.0,0.0,0.0,0.0,0.0,0.0,0.0,0.0,0.0,0.0
/home/luana-martins/.jnose_projects/java-design-patterns/api-gateway/api-gateway-service/src/main/java/com/iluwatar/api/gateway/ApiGateway.java,com.iluwatar.api.gateway.ApiGateway,7,2,1,4,0,1.0,1.0,2,0,2,0,0,0,2,0,0,0,2,0,0,2,0,0,0,0,0,15,2,0,0,0,0,2,0,2,0,4,0,0,0,0,32,1,0,java-design-patterns,ApiGatewayTest,3.0,0.0,0.0,0.0,0.0,0.0,0.0,0.0,0.0,0.0,0.0,2.0,0.0,0.0,0.0,0.0,0.0,0.0,0.0,0.0,0.0
/home/luana-martins/.jnose_projects/java-design-patterns/flyweight/src/main/java/com/iluwatar/flyweight/AlchemistShop.java,com.iluwatar.flyweight.AlchemistShop,3,4,1,6,0,0.8333333,1.0,4,0,4,0,0,0,4,0,2,0,2,0,0,2,0,0,2,0,4,21,2,0,0,0,0,2,0,3,0,3,0,0,0,0,33,1,2,java-design-patterns,AlchemistShopTest,6.0,1.0,0.0,0.0,0.0,0.0,0.0,4.0,0.0,0.0,0.0,1.0,0.0,0.0,0.0,0.0,0.0,0.0,0.0,0.0,0.0
/home/luana-martins/.jnose_projects/java-design-patterns/repository/src/main/java/com/iluwatar/repository/AppConfig.java,com.iluwatar.repository.AppConfig,14,5,1,29,10,0.0,0.0,5,2,4,1,0,0,4,0,0,0,0,0,0,0,0,0,0,0,1,55,4,0,0,0,0,26,8,12,0,13,0,0,0,2,75,1,5,java-design-patterns,AppConfigTest,2.0,0.0,0.0,0.0,0.0,0.0,0.0,0.0,1.0,0.0,0.0,2.0,0.0,0.0,0.0,0.0,0.0,0.0,0.0,0.0,0.0
/home/luana-martins/.jnose_projects/java-design-patterns/converter/src/main/java/com/iluwatar/converter/Converter.java,com.iluwatar.converter.Converter,3,4,1,9,6,0.0,0.0,4,0,4,0,0,0,4,0,4,0,2,0,0,2,0,0,2,0,2,16,4,0,0,0,0,0,0,0,0,2,0,0,0,0,63,1,0,java-design-patterns,ConverterTest,4.0,3.0,0.0,0.0,0.0,0.0,0.0,0.0,0.0,0.0,0.0,4.0,0.0,0.0,0.0,0.0,0.0,0.0,0.0,0.0,2.0
/home/luana-martins/.jnose_projects/java-design-patterns/intercepting-filter/src/main/java/com/iluwatar/intercepting/filter/FilterManager.java,com.iluwatar.intercepting.filter.FilterManager,3,3,1,2,0,1.0,1.0,3,0,3,0,0,0,3,0,0,0,1,0,0,1,0,0,1,0,0,12,1,0,0,0,0,0,0,1,0,1,0,0,0,0,13,1,0,java-design-patterns,FilterManagerTest,2.0,2.0,0.0,0.0,0.0,0.0,0.0,0.0,0.0,0.0,0.0,2.0,0.0,0.0,0.0,0.0,0.0,0.0,0.0,0.0,2.0
/home/luana-martins/.jnose_projects/java-design-patterns/reader-writer-lock/src/main/java/com/iluwatar/reader/writer/lock/Reader.java,com.iluwatar.reader.writer.lock.Reader,2,5,1,7,0,0.8333333,1.0,4,0,4,0,0,0,4,0,0,0,3,0,0,3,0,0,3,0,2,31,0,0,0,1,0,3,1,3,0,3,1,0,0,0,32,1,3,java-design-patterns,ReaderTest,4.0,0.0,0.0,1.0,0.0,0.0,0.0,0.0,0.0,0.0,0.0,1.0,0.0,0.0,0.0,0.0,0.0,1.0,0.0,0.0,0.0
/home/luana-martins/.jnose_projects/java-design-patterns/reader-writer-lock/src/main/java/com/iluwatar/reader/writer/lock/Writer.java,com.iluwatar.reader.writer.lock.Writer,2,5,1,7,0,0.8333333,1.0,4,0,4,0,0,0,4,0,0,0,3,0,0,3,0,0,3,0,2,31,0,0,0,1,0,3,1,3,0,3,1,0,0,0,33,1,3,java-design-patterns,WriterTest,4.0,0.0,0.0,1.0,0.0,0.0,0.0,0.0,0.0,0.0,0.0,1.0,0.0,0.0,0.0,0.0,0.0,1.0,0.0,0.0,0.0
/home/luana-martins/.jnose_projects/java-design-patterns/circuit-breaker/src/main/java/com/iluwatar/circuitbreaker/MonitoringService.java,com.iluwatar.circuitbreaker.MonitoringService,1,6,1,2,2,0.33333334,0.5,4,0,4,0,0,0,4,0,0,0,2,0,0,2,0,0,2,0,0,27,5,0,0,2,0,1,0,2,0,2,1,0,0,0,41,1,0,java-design-patterns,MonitoringServiceTest,4.0,4.0,0.0,0.0,0.0,0.0,0.0,0.0,0.0,0.0,0.0,4.0,0.0,0.0,0.0,0.0,0.0,0.0,0.0,0.0,2.0
/home/luana-martins/.jnose_projects/java-design-patterns/circuit-breaker/src/main/java/com/iluwatar/circuitbreaker/DefaultCircuitBreaker.java,com.iluwatar.circuitbreaker.DefaultCircuitBreaker,5,13,1,7,0,0.95238096,1.0,7,0,5,0,1,1,7,0,0,0,9,0,0,7,0,2,5,0,6,79,3,0,1,1,1,0,8,24,6,10,2,0,0,0,109,1,0,java-design-patterns,DefaultCircuitBreakerTest,6.0,3.0,0.0,0.0,0.0,0.0,0.0,0.0,0.0,0.0,0.0,3.0,0.0,0.0,0.0,0.0,1.0,0.0,0.0,0.0,2.0
/home/luana-martins/.jnose_projects/java-design-patterns/circuit-breaker/src/main/java/com/iluwatar/circuitbreaker/DelayedRemoteService.java,com.iluwatar.circuitbreaker.DelayedRemoteService,2,4,1,1,0,1.0,1.0,3,0,3,0,0,0,3,0,0,0,2,0,0,2,0,0,2,0,2,19,1,0,0,0,2,2,5,5,4,3,1,0,0,0,48,1,0,java-design-patterns,DelayedRemoteServiceTest,1.0,2.0,0.0,0.0,0.0,0.0,0.0,0.0,0.0,0.0,0.0,1.0,0.0,0.0,0.0,0.0,0.0,0.0,0.0,0.0,2.0
/home/luana-martins/.jnose_projects/java-design-patterns/balking/src/main/java/com/iluwatar/balking/WashingMachine.java,com.iluwatar.balking.WashingMachine,4,7,1,11,0,0.6,0.6,5,0,5,0,0,0,5,0,0,1,2,0,0,2,0,0,1,0,5,41,2,0,1,1,0,5,1,5,0,6,2,0,0,1,44,1,5,java-design-patterns,WashingMachineTest,3.0,2.0,0.0,0.0,0.0,0.0,0.0,0.0,0.0,0.0,0.0,0.0,0.0,0.0,0.0,0.0,0.0,0.0,0.0,0.0,6.0
/home/luana-martins/.jnose_projects/java-design-patterns/template-method/src/main/java/com/iluwatar/templatemethod/StealingMethod.java,com.iluwatar.templatemethod.StealingMethod,2,4,1,4,6,0.0,0.0,4,0,1,0,3,0,4,3,0,0,0,0,0,0,0,0,0,0,0,11,0,0,0,0,0,1,0,1,0,1,0,0,0,0,17,1025,1,java-design-patterns,StealingMethodTest,11.0,0.0,0.0,0.0,0.0,0.0,0.0,5.0,0.0,0.0,1.0,4.0,0.0,0.0,0.0,0.0,0.0,0.0,1.0,0.0,0.0
/home/luana-martins/.jnose_projects/java-design-patterns/template-method/src/main/java/com/iluwatar/templatemethod/HalflingThief.java,com.iluwatar.templatemethod.HalflingThief,1,3,1,1,0,1.0,1.0,3,0,3,0,0,0,3,0,0,0,1,0,0,1,0,0,0,0,0,12,0,0,0,0,0,0,0,2,0,1,0,0,0,0,10,1,0,java-design-patterns,HalflingThiefTest,0.0,2.0,0.0,0.0,2.0,0.0,0.0,0.0,0.0,0.0,0.0,2.0,0.0,0.0,0.0,0.0,0.0,0.0,0.0,0.0,2.0
/home/luana-martins/.jnose_projects/java-design-patterns/naked-objects/dom/src/main/java/domainapp/dom/modules/simple/SimpleObjects.java,domainapp.dom.modules.simple.SimpleObjects,12,4,2,6,0,0.5,0.5,4,0,4,0,0,0,4,0,0,0,1,0,0,0,0,1,0,0,0,23,4,0,0,0,0,9,0,1,0,2,0,0,1,0,30,1,0,java-design-patterns,SimpleObjectsTest,3.0,0.0,0.0,0.0,0.0,0.0,0.0,0.0,0.0,0.0,0.0,0.0,0.0,0.0,0.0,0.0,0.0,0.0,0.0,0.0,0.0
/home/luana-martins/.jnose_projects/java-design-patterns/naked-objects/dom/src/main/java/domainapp/dom/modules/simple/SimpleObject.java,domainapp.dom.modules.simple.SimpleObject,12,9,2,6,16,0.21428572,0.21428572,8,0,8,0,0,0,8,0,0,0,2,0,0,2,0,0,0,0,0,34,7,0,0,0,0,23,2,1,2,2,0,0,1,0,42,1,0,java-design-patterns,SimpleObjectTest,2.0,1.0,0.0,0.0,0.0,0.0,0.0,0.0,0.0,0.0,0.0,0.0,0.0,0.0,0.0,0.0,0.0,0.0,0.0,0.0,0.0
/home/luana-martins/.jnose_projects/java-design-patterns/saga/src/main/java/com/iluwatar/saga/orchestration/SagaOrchestrator.java,com.iluwatar.saga.orchestration.SagaOrchestrator,9,10,1,16,0,1.0,1.0,2,0,2,0,0,0,2,0,0,0,3,0,0,3,0,0,3,0,0,78,1,1,1,0,0,2,0,17,0,11,3,0,1,0,63,1,1,java-design-patterns,SagaOrchestratorTest,2.0,1.0,0.0,0.0,0.0,0.0,0.0,0.0,0.0,0.0,0.0,0.0,0.0,0.0,0.0,0.0,0.0,0.0,0.0,0.0,0.0
/home/luana-martins/.jnose_projects/java-design-patterns/saga/src/main/java/com/iluwatar/saga/choreography/SagaApplication.java,com.iluwatar.saga.choreography.SagaApplication,9,3,1,10,3,,,3,3,1,2,0,0,1,0,0,0,0,0,0,0,0,0,0,0,4,16,2,0,0,0,0,7,0,5,0,5,0,0,0,0,88,1,1,java-design-patterns,SagaApplicationTest,0.0,0.0,0.0,0.0,1.0,0.0,0.0,0.0,0.0,0.0,0.0,0.0,0.0,0.0,0.0,0.0,0.0,0.0,0.0,0.0,0.0
/home/luana-martins/.jnose_projects/java-design-patterns/saga/src/main/java/com/iluwatar/saga/choreography/SagaApplication.java,com.iluwatar.saga.choreography.SagaApplication,9,3,1,10,3,,,3,3,1,2,0,0,1,0,0,0,0,0,0,0,0,0,0,0,4,16,2,0,0,0,0,7,0,5,0,5,0,0,0,0,88,1,1,java-design-patterns,SagaApplicationTest,0.0,0.0,0.0,0.0,0.0,0.0,0.0,0.0,0.0,0.0,0.0,0.0,0.0,0.0,0.0,0.0,0.0,0.0,0.0,0.0,0.0
/home/luana-martins/.jnose_projects/java-design-patterns/version-number/src/main/java/com/iluwatar/versionnumber/BookRepository.java,com.iluwatar.versionnumber.BookRepository,4,7,1,6,0,1.0,1.0,3,0,3,0,0,0,3,0,0,0,1,0,0,1,0,0,1,0,0,26,1,0,1,0,0,5,1,2,5,2,1,0,0,0,68,1,0,java-design-patterns,BookRepositoryTest,11.0,2.0,0.0,0.0,0.0,0.0,0.0,5.0,0.0,0.0,0.0,3.0,0.0,0.0,0.0,0.0,0.0,1.0,0.0,0.0,2.0
/home/luana-martins/.jnose_projects/java-design-patterns/hexagonal/src/main/java/com/iluwatar/hexagonal/domain/LotteryNumbers.java,com.iluwatar.hexagonal.domain.LotteryNumbers,4,8,1,9,1,0.16666667,0.16666667,7,2,4,3,0,0,4,0,0,0,4,3,3,1,0,0,4,0,1,43,4,1,0,0,0,0,3,7,0,6,1,0,1,0,54,1,0,java-design-patterns,LotteryNumbersTest,8.0,3.0,0.0,0.0,0.0,0.0,0.0,5.0,0.0,0.0,0.0,4.0,0.0,0.0,0.0,0.0,0.0,0.0,0.0,0.0,2.0
/home/luana-martins/.jnose_projects/java-design-patterns/hexagonal/src/main/java/com/iluwatar/hexagonal/domain/LotteryTicketCheckResult.java,com.iluwatar.hexagonal.domain.LotteryTicketCheckResult,4,1,1,0,0,,,1,0,1,0,0,0,1,0,0,0,2,0,0,2,0,0,2,0,0,9,0,0,0,0,0,0,1,2,0,2,0,0,1,0,30,1,0,java-design-patterns,LotteryTicketCheckResultTest,2.0,0.0,0.0,0.0,0.0,0.0,0.0,0.0,0.0,0.0,0.0,1.0,0.0,0.0,0.0,0.0,0.0,0.0,0.0,0.0,0.0
/home/luana-martins/.jnose_projects/java-design-patterns/hexagonal/src/main/java/com/iluwatar/hexagonal/domain/LotteryTicketId.java,com.iluwatar.hexagonal.domain.LotteryTicketId,3,2,1,2,0,1.0,1.0,2,0,2,0,0,0,2,0,0,0,2,1,0,2,0,0,2,0,1,10,1,0,0,0,0,1,1,2,0,2,0,0,0,0,11,1,0,java-design-patterns,LotteryTicketIdTest,3.0,0.0,0.0,0.0,0.0,0.0,0.0,0.0,0.0,0.0,0.0,1.0,0.0,0.0,0.0,0.0,0.0,0.0,0.0,0.0,0.0
/home/luana-martins/.jnose_projects/java-design-patterns/hexagonal/src/main/java/com/iluwatar/hexagonal/domain/PlayerDetails.java,com.iluwatar.hexagonal.domain.PlayerDetails,4,0,1,0,0,-1.0,-1.0,0,0,0,0,0,0,0,0,0,0,3,0,0,3,0,0,3,0,0,5,0,0,0,0,0,0,0,0,0,3,0,0,0,0,13,1,0,java-design-patterns,PlayerDetailsTest,2.0,0.0,0.0,0.0,0.0,0.0,0.0,0.0,0.0,0.0,0.0,1.0,0.0,0.0,0.0,0.0,0.0,0.0,0.0,0.0,0.0
/home/luana-martins/.jnose_projects/java-design-patterns/hexagonal/src/main/java/com/iluwatar/hexagonal/domain/LotteryTicket.java,com.iluwatar.hexagonal.domain.LotteryTicket,7,11,1,3,0,1.0,1.0,2,0,2,0,0,0,2,0,0,0,3,0,0,3,0,0,3,0,0,38,8,0,9,0,4,0,4,5,4,6,2,0,0,0,27,1,0,java-design-patterns,LotteryTicketTest,2.0,0.0,0.0,0.0,0.0,0.0,0.0,0.0,0.0,0.0,0.0,1.0,0.0,0.0,0.0,0.0,0.0,0.0,0.0,0.0,0.0
/home/luana-martins/.jnose_projects/java-design-patterns/hexagonal/src/main/java/com/iluwatar/hexagonal/eventlog/MongoEventLog.java,com.iluwatar.hexagonal.eventlog.MongoEventLog,8,13,1,18,20,0.34848484,0.54545456,12,0,12,0,0,0,12,0,0,0,9,5,1,8,0,0,6,0,5,77,3,0,1,0,0,17,0,14,0,14,1,0,0,0,88,1,0,java-design-patterns,MongoEventLogTest,11.0,2.0,0.0,0.0,0.0,0.0,0.0,11.0,0.0,0.0,0.0,2.0,0.0,0.0,0.0,0.0,0.0,0.0,0.0,0.0,1.0
/home/luana-martins/.jnose_projects/java-design-patterns/hexagonal/src/main/java/com/iluwatar/hexagonal/database/InMemoryTicketRepository.java,com.iluwatar.hexagonal.database.InMemoryTicketRepository,3,4,1,5,0,1.0,1.0,4,0,4,0,0,0,4,0,0,0,1,1,0,1,0,0,1,0,2,17,3,0,0,0,0,0,0,2,0,2,0,0,0,0,18,1,0,java-design-patterns,InMemoryTicketRepositoryTest,4.0,1.0,0.0,0.0,0.0,0.0,0.0,1.0,0.0,0.0,0.0,1.0,0.0,0.0,0.0,0.0,0.0,0.0,0.0,0.0,0.0
/home/luana-martins/.jnose_projects/java-design-patterns/hexagonal/src/main/java/com/iluwatar/hexagonal/database/MongoTicketRepository.java,com.iluwatar.hexagonal.database.MongoTicketRepository,10,15,1,38,20,0.36363637,0.5090909,13,0,11,2,0,0,11,0,0,0,8,4,0,8,0,0,4,0,9,74,7,0,1,0,0,21,4,19,0,19,1,0,0,0,66,1,0,java-design-patterns,MongoTicketRepositoryTest,13.0,2.0,0.0,0.0,0.0,0.0,0.0,7.0,0.0,0.0,0.0,3.0,0.0,0.0,0.0,0.0,0.0,0.0,0.0,0.0,1.0
/home/luana-martins/.jnose_projects/java-design-patterns/hexagonal/src/main/java/com/iluwatar/hexagonal/banking/InMemoryBank.java,com.iluwatar.hexagonal.banking.InMemoryBank,1,5,1,3,0,0.5,0.5,3,0,3,0,0,0,4,0,0,0,1,1,0,1,0,0,1,0,0,22,3,0,0,0,0,0,2,1,2,1,1,0,0,0,18,1,0,java-design-patterns,InMemoryBankTest,6.0,1.0,0.0,0.0,0.0,0.0,0.0,6.0,0.0,0.0,0.0,1.0,0.0,0.0,0.0,0.0,0.0,0.0,0.0,0.0,0.0
/home/luana-martins/.jnose_projects/java-design-patterns/hexagonal/src/main/java/com/iluwatar/hexagonal/banking/MongoBank.java,com.iluwatar.hexagonal.banking.MongoBank,7,12,1,20,29,0.17777778,0.33333334,10,0,10,0,0,0,10,0,0,0,5,2,0,5,0,0,2,0,3,54,6,0,1,0,0,10,2,10,2,11,1,0,0,1,59,1,0,java-design-patterns,MongoBankTest,6.0,2.0,0.0,0.0,0.0,0.0,0.0,6.0,0.0,0.0,0.0,2.0,0.0,0.0,0.0,0.0,0.0,0.0,0.0,0.0,0.0
/home/luana-martins/.jnose_projects/java-design-patterns/null-object/src/main/java/com/iluwatar/nullobject/NullNode.java,com.iluwatar.nullobject.NullNode,2,7,1,0,21,0.0,0.0,7,1,6,1,0,0,6,0,0,0,1,1,0,1,0,0,1,0,0,22,5,0,0,0,0,0,1,1,0,1,0,0,0,0,23,17,0,java-design-patterns,NullNodeTest,6.0,1.0,0.0,0.0,0.0,0.0,0.0,1.0,0.0,0.0,0.0,2.0,0.0,0.0,0.0,0.0,0.0,0.0,0.0,0.0,1.0
/home/luana-martins/.jnose_projects/java-design-patterns/serverless/src/main/java/com/iluwatar/serverless/baas/api/FindPersonApiHandler.java,com.iluwatar.serverless.baas.api.FindPersonApiHandler,8,2,2,8,1,,,2,1,1,1,0,0,1,0,0,0,2,2,0,2,0,0,2,0,0,13,1,0,0,0,0,2,1,4,1,4,0,0,0,0,43,1,1,java-design-patterns,FindPersonApiHandlerTest,0.0,0.0,0.0,0.0,1.0,0.0,0.0,0.0,0.0,0.0,0.0,0.0,0.0,0.0,0.0,0.0,0.0,0.0,0.0,0.0,0.0
/home/luana-martins/.jnose_projects/java-design-patterns/serverless/src/main/java/com/iluwatar/serverless/baas/api/SavePersonApiHandler.java,com.iluwatar.serverless.baas.api.SavePersonApiHandler,9,2,2,8,0,,,1,0,1,0,0,0,1,0,0,0,3,3,0,3,0,0,3,0,0,17,2,0,0,1,0,1,2,5,0,5,1,0,0,0,50,1,1,java-design-patterns,SavePersonApiHandlerTest,4.0,0.0,0.0,0.0,0.0,0.0,0.0,2.0,0.0,0.0,0.0,0.0,0.0,0.0,0.0,0.0,0.0,0.0,0.0,0.0,1.0
/home/luana-martins/.jnose_projects/java-design-patterns/serverless/src/main/java/com/iluwatar/serverless/faas/api/LambdaInfoApiHandler.java,com.iluwatar.serverless.faas.api.LambdaInfoApiHandler,7,3,1,21,3,,,3,0,1,2,0,0,1,0,0,0,2,2,0,2,0,0,2,0,1,21,3,0,0,0,0,3,1,3,1,3,0,0,0,0,34,1,1,java-design-patterns,LambdaInfoApiHandlerTest,1.0,0.0,0.0,0.0,0.0,0.0,0.0,0.0,0.0,0.0,0.0,0.0,0.0,0.0,0.0,0.0,0.0,0.0,0.0,0.0,0.0
/home/luana-martins/.jnose_projects/java-design-patterns/subclass-sandbox/src/main/java/com/iluwatar/subclasssandbox/GroundDive.java,com.iluwatar.subclasssandbox.GroundDive,2,2,2,4,1,0.0,0.0,2,0,1,0,1,0,2,0,0,0,0,0,0,0,0,0,0,0,0,11,0,0,0,0,0,2,5,1,0,0,0,0,0,0,10,1,0,java-design-patterns,GroundDiveTest,7.0,0.0,0.0,0.0,0.0,0.0,0.0,0.0,0.0,0.0,0.0,4.0,0.0,0.0,0.0,0.0,0.0,0.0,0.0,0.0,1.0
/home/luana-martins/.jnose_projects/java-design-patterns/subclass-sandbox/src/main/java/com/iluwatar/subclasssandbox/SkyLaunch.java,com.iluwatar.subclasssandbox.SkyLaunch,2,2,2,4,1,0.0,0.0,2,0,1,0,1,0,2,0,0,0,0,0,0,0,0,0,0,0,0,11,0,0,0,0,0,2,5,1,0,0,0,0,0,0,10,1,0,java-design-patterns,SkyLaunchTest,7.0,0.0,0.0,0.0,0.0,0.0,0.0,0.0,0.0,0.0,0.0,4.0,0.0,0.0,0.0,0.0,0.0,0.0,0.0,0.0,1.0
/home/luana-martins/.jnose_projects/java-design-patterns/monostate/src/main/java/com/iluwatar/monostate/LoadBalancer.java,com.iluwatar.monostate.LoadBalancer,3,7,1,4,0,0.4,0.6,4,0,4,0,0,0,5,0,2,1,2,2,0,2,0,0,1,0,0,28,2,1,0,0,0,1,7,4,0,4,1,0,0,0,52,1,0,java-design-patterns,LoadBalancerTest,2.0,2.0,0.0,0.0,1.0,0.0,0.0,0.0,1.0,0.0,0.0,2.0,0.0,0.0,0.0,0.0,0.0,0.0,0.0,0.0,2.0
/home/luana-martins/.jnose_projects/java-design-patterns/priority-queue/src/main/java/com/iluwatar/priority/queue/QueueManager.java,com.iluwatar.priority.queue.QueueManager,2,4,1,3,0,1.0,1.0,3,0,3,0,0,0,3,0,0,0,1,0,0,1,0,0,1,0,0,15,2,0,0,0,0,0,0,1,0,1,1,0,0,0,16,1,0,java-design-patterns,QueueManagerTest,2.0,2.0,0.0,0.0,0.0,0.0,0.0,0.0,0.0,0.0,0.0,0.0,0.0,0.0,0.0,0.0,0.0,0.0,0.0,0.0,3.0
/home/luana-martins/.jnose_projects/java-design-patterns/priority-queue/src/main/java/com/iluwatar/priority/queue/PriorityMessageQueue.java,com.iluwatar.priority.queue.PriorityMessageQueue,3,31,1,17,7,0.9,1.0,18,0,5,13,0,0,5,0,0,0,3,0,0,3,0,0,0,0,1,94,12,3,2,0,1,3,20,18,11,9,2,0,0,0,75,1,1,java-design-patterns,PriorityMessageQueueTest,6.0,4.0,0.0,0.0,0.0,0.0,0.0,2.0,0.0,0.0,0.0,1.0,0.0,0.0,0.0,0.0,1.0,0.0,0.0,0.0,3.0
/home/luana-martins/.jnose_projects/java-design-patterns/eip-splitter/src/main/java/com/iluwatar/eip/splitter/routes/SplitterRoute.java,com.iluwatar.eip.splitter.routes.SplitterRoute,2,1,2,4,0,,,1,0,1,0,0,0,1,0,0,0,0,0,0,0,0,0,0,0,0,5,0,0,0,0,0,2,0,0,0,0,0,0,0,0,47,1,0,java-design-patterns,SplitterRouteTest,0.0,0.0,0.0,0.0,0.0,0.0,0.0,0.0,0.0,0.0,0.0,1.0,0.0,0.0,0.0,0.0,0.0,0.0,0.0,0.0,0.0
/home/luana-martins/.jnose_projects/java-design-patterns/step-builder/src/main/java/com/iluwatar/stepbuilder/Character.java,com.iluwatar.stepbuilder.Character,0,18,1,3,49,0.23076923,1.0,14,0,14,0,0,0,14,0,0,0,6,0,0,6,0,0,0,0,0,50,7,0,4,0,0,7,0,7,1,6,0,0,0,0,29,1,0,java-design-patterns,CharacterTest,17.0,1.0,0.0,0.0,0.0,0.0,0.0,0.0,2.0,0.0,0.0,5.0,3.0,0.0,0.0,0.0,2.0,0.0,0.0,0.0,1.0
/home/luana-martins/.jnose_projects/java-design-patterns/step-builder/src/main/java/com/iluwatar/stepbuilder/CharacterStepBuilder.java,com.iluwatar.stepbuilder.CharacterStepBuilder,7,2,1,0,1,,,2,1,1,1,0,0,1,0,0,0,0,0,0,0,0,0,0,0,0,93,1,0,0,0,0,0,0,0,0,0,0,0,7,0,7,17,0,java-design-patterns,CharacterStepBuilderTest,36.0,6.0,0.0,0.0,0.0,0.0,0.0,2.0,0.0,0.0,0.0,6.0,6.0,0.0,0.0,0.0,0.0,0.0,0.0,0.0,10.0
/home/luana-martins/.jnose_projects/java-design-patterns/unit-of-work/src/main/java/com/iluwatar/unitofwork/StudentRepository.java,com.iluwatar.unitofwork.StudentRepository,6,17,1,15,8,0.0,0.0,8,0,4,4,0,0,4,0,0,0,2,0,0,2,0,0,2,0,0,61,1,3,3,0,0,8,1,5,0,6,1,0,0,0,45,1,8,java-design-patterns,StudentRepositoryTest,3.0,0.0,0.0,0.0,6.0,0.0,0.0,3.0,0.0,0.0,0.0,0.0,0.0,0.0,0.0,0.0,0.0,0.0,0.0,0.0,1.0
/home/luana-martins/.jnose_projects/java-design-patterns/ambassador/src/main/java/com/iluwatar/ambassador/ServiceAmbassador.java,com.iluwatar.ambassador.ServiceAmbassador,5,8,1,11,6,0.0,0.0,4,0,1,2,0,1,2,0,0,0,2,2,0,2,0,0,2,0,5,40,4,1,1,1,1,3,5,9,2,8,3,0,0,0,64,1,3,java-design-patterns,ServiceAmbassadorTest,1.0,1.0,0.0,0.0,0.0,0.0,0.0,1.0,0.0,0.0,0.0,1.0,0.0,0.0,0.0,0.0,0.0,0.0,0.0,0.0,0.0
/home/luana-martins/.jnose_projects/java-design-patterns/ambassador/src/main/java/com/iluwatar/ambassador/RemoteService.java,com.iluwatar.ambassador.RemoteService,5,7,1,7,4,0.33333334,0.33333334,4,1,1,1,0,2,3,0,0,1,3,2,0,3,0,0,2,0,3,28,2,0,1,1,0,1,3,5,2,4,1,0,0,0,65,1,1,java-design-patterns,RemoteServiceTest,2.0,2.0,0.0,0.0,0.0,0.0,0.0,1.0,0.0,0.0,0.0,2.0,0.0,0.0,0.0,0.0,0.0,0.0,0.0,0.0,4.0
/home/luana-martins/.jnose_projects/java-design-patterns/ambassador/src/main/java/com/iluwatar/ambassador/Client.java,com.iluwatar.ambassador.Client,2,1,1,2,0,,,1,0,0,0,0,1,1,0,0,0,1,0,0,1,0,0,1,0,0,8,1,0,0,0,0,1,0,2,0,2,0,0,0,0,10,1,1,java-design-patterns,ClientTest,1.0,0.0,0.0,0.0,0.0,0.0,0.0,1.0,0.0,0.0,0.0,1.0,0.0,0.0,0.0,0.0,0.0,0.0,0.0,0.0,0.0
/home/luana-martins/.jnose_projects/java-design-patterns/multiton/src/main/java/com/iluwatar/multiton/Nazgul.java,com.iluwatar.multiton.Nazgul,2,4,1,2,0,0.33333334,0.33333334,3,1,2,1,0,0,3,0,0,0,2,1,0,2,0,0,2,0,0,25,2,0,0,0,0,0,0,2,0,2,0,0,0,0,14,17,0,java-design-patterns,NazgulTest,3.0,1.0,0.0,0.0,0.0,0.0,0.0,0.0,1.0,0.0,0.0,1.0,0.0,0.0,0.0,0.0,0.0,0.0,0.0,0.0,0.0
/home/luana-martins/.jnose_projects/java-design-patterns/servant/src/main/java/com/iluwatar/servant/Servant.java,com.iluwatar.servant.Servant,1,5,1,5,10,0.0,0.0,5,0,5,0,0,0,5,0,0,0,1,0,1,0,0,0,0,0,0,18,1,0,0,0,0,0,0,1,0,1,0,0,0,0,20,1,0,java-design-patterns,ServantTest,2.0,4.0,0.0,0.0,3.0,0.0,0.0,0.0,0.0,0.0,0.0,4.0,0.0,0.0,0.0,0.0,0.0,0.0,0.0,0.0,1.0
/home/luana-martins/.jnose_projects/java-design-patterns/data-transfer-object/src/main/java/com/iluwatar/datatransfer/customer/CustomerResource.java,com.iluwatar.datatransfer.customer.CustomerResource,2,3,1,4,0,1.0,1.0,3,0,3,0,0,0,3,0,0,0,1,0,0,1,0,0,1,0,0,12,1,0,0,0,0,0,0,0,0,2,0,0,0,1,31,1,0,java-design-patterns,CustomerResourceTest,8.0,2.0,0.0,0.0,0.0,0.0,0.0,1.0,0.0,0.0,0.0,0.0,0.0,0.0,0.0,0.0,0.0,0.0,0.0,0.0,1.0
/home/luana-martins/.jnose_projects/java-design-patterns/chain/src/main/java/com/iluwatar/chain/OrcKing.java,com.iluwatar.chain.OrcKing,6,3,1,2,1,0.0,0.0,3,0,2,1,0,0,2,0,0,0,1,0,0,1,0,0,0,0,0,12,0,0,0,0,0,0,0,1,0,1,0,0,0,0,20,1,0,java-design-patterns,OrcKingTest,0.0,1.0,0.0,0.0,0.0,0.0,0.0,0.0,0.0,0.0,0.0,1.0,0.0,0.0,0.0,0.0,0.0,0.0,0.0,0.0,0.0
/home/luana-martins/.jnose_projects/java-design-patterns/private-class-data/src/main/java/com/iluwatar/privateclassdata/Stew.java,com.iluwatar.privateclassdata.Stew,1,7,1,1,0,1.0,1.0,3,0,3,0,0,0,3,0,0,0,4,0,0,4,0,0,0,0,0,30,0,0,0,0,0,2,4,4,0,4,1,0,0,0,16,1,2,java-design-patterns,StewTest,2.0,0.0,0.0,0.0,0.0,0.0,0.0,1.0,1.0,0.0,0.0,1.0,0.0,0.0,0.0,0.0,0.0,0.0,0.0,0.0,0.0
/home/luana-martins/.jnose_projects/java-design-patterns/private-class-data/src/main/java/com/iluwatar/privateclassdata/ImmutableStew.java,com.iluwatar.privateclassdata.ImmutableStew,2,2,1,5,0,1.0,1.0,2,0,2,0,0,0,2,0,0,0,1,0,0,1,0,0,1,0,0,9,0,0,0,0,0,1,0,1,0,1,0,0,0,0,17,1,1,java-design-patterns,ImmutableStewTest,5.0,0.0,0.0,0.0,0.0,0.0,0.0,1.0,1.0,0.0,0.0,2.0,0.0,0.0,0.0,0.0,0.0,0.0,0.0,0.0,1.0
/home/luana-martins/.jnose_projects/java-design-patterns/extension-objects/src/main/java/units/CommanderUnit.java,units.CommanderUnit,3,3,2,4,1,0.0,0.0,2,0,2,0,0,0,2,0,0,0,0,0,0,0,0,0,0,0,1,11,2,0,0,0,0,1,0,0,0,0,1,0,0,1,10,1,0,java-design-patterns,CommanderUnitTest,3.0,1.0,0.0,0.0,0.0,0.0,0.0,0.0,0.0,0.0,0.0,0.0,0.0,0.0,0.0,0.0,0.0,0.0,0.0,0.0,0.0
/home/luana-martins/.jnose_projects/java-design-patterns/extension-objects/src/main/java/units/Unit.java,units.Unit,3,2,1,0,1,0.0,0.0,2,0,2,0,0,0,2,0,0,0,2,0,0,1,1,0,0,0,0,10,1,0,0,0,0,0,0,2,0,2,0,0,0,0,14,1,0,java-design-patterns,UnitTest,0.0,0.0,0.0,0.0,1.0,0.0,0.0,0.0,0.0,0.0,0.0,1.0,0.0,0.0,0.0,0.0,0.0,0.0,1.0,0.0,0.0
/home/luana-martins/.jnose_projects/java-design-patterns/extension-objects/src/main/java/units/Unit.java,units.Unit,3,2,1,0,1,0.0,0.0,2,0,2,0,0,0,2,0,0,0,2,0,0,1,1,0,0,0,0,10,1,0,0,0,0,0,0,2,0,2,0,0,0,0,14,1,0,java-design-patterns,UnitTest,6.0,1.0,0.0,0.0,0.0,0.0,0.0,0.0,0.0,0.0,0.0,1.0,0.0,0.0,0.0,0.0,0.0,0.0,0.0,0.0,0.0
/home/luana-martins/.jnose_projects/java-design-patterns/extension-objects/src/main/java/units/SergeantUnit.java,units.SergeantUnit,3,3,2,4,1,0.0,0.0,2,0,2,0,0,0,2,0,0,0,0,0,0,0,0,0,0,0,1,11,2,0,0,0,0,1,0,0,0,0,1,0,0,1,10,1,0,java-design-patterns,SergeantUnitTest,3.0,1.0,0.0,0.0,0.0,0.0,0.0,0.0,0.0,0.0,0.0,0.0,0.0,0.0,0.0,0.0,0.0,0.0,0.0,0.0,0.0
/home/luana-martins/.jnose_projects/java-design-patterns/extension-objects/src/main/java/units/SoldierUnit.java,units.SoldierUnit,3,3,2,4,1,0.0,0.0,2,0,2,0,0,0,2,0,0,0,0,0,0,0,0,0,0,0,1,11,2,0,0,0,0,1,0,0,0,0,1,0,0,1,10,1,0,java-design-patterns,SoldierUnitTest,3.0,1.0,0.0,0.0,0.0,0.0,0.0,0.0,0.0,0.0,0.0,0.0,0.0,0.0,0.0,0.0,0.0,0.0,0.0,0.0,0.0
/home/luana-martins/.jnose_projects/java-design-patterns/extension-objects/src/main/java/concreteextensions/Soldier.java,concreteextensions.Soldier,5,1,1,2,0,,,1,0,1,0,0,0,1,0,0,0,1,0,0,1,0,0,1,0,0,6,0,0,0,0,0,2,0,0,1,1,0,0,0,0,10,1,1,java-design-patterns,SoldierTest,2.0,0.0,0.0,0.0,0.0,0.0,0.0,0.0,0.0,0.0,0.0,0.0,0.0,0.0,0.0,0.0,0.0,0.0,0.0,0.0,0.0
/home/luana-martins/.jnose_projects/java-design-patterns/extension-objects/src/main/java/concreteextensions/Sergeant.java,concreteextensions.Sergeant,5,1,1,2,0,,,1,0,1,0,0,0,1,0,0,0,1,0,0,1,0,0,1,0,0,6,0,0,0,0,0,2,0,0,1,1,0,0,0,0,10,1,1,java-design-patterns,SergeantTest,2.0,0.0,0.0,0.0,0.0,0.0,0.0,0.0,0.0,0.0,0.0,0.0,0.0,0.0,0.0,0.0,0.0,0.0,0.0,0.0,0.0
/home/luana-martins/.jnose_projects/java-design-patterns/business-delegate/src/main/java/com/iluwatar/business/delegate/BusinessDelegate.java,com.iluwatar.business.delegate.BusinessDelegate,3,1,1,2,0,,,1,0,1,0,0,0,1,0,0,0,1,0,0,1,0,0,0,0,0,7,0,0,0,0,0,0,0,1,0,2,0,0,0,0,16,1,0,java-design-patterns,BusinessDelegateTest,0.0,0.0,0.0,0.0,1.0,0.0,0.0,0.0,0.0,0.0,0.0,1.0,0.0,0.0,0.0,0.0,0.0,0.0,0.0,0.0,0.0
/home/luana-martins/.jnose_projects/java-design-patterns/bytecode/src/main/java/com/iluwatar/bytecode/VirtualMachine.java,com.iluwatar.bytecode.VirtualMachine,6,22,1,24,0,0.7777778000000001,0.7777778000000001,10,0,9,1,0,0,9,0,0,0,2,0,0,2,0,0,2,0,2,92,4,1,0,0,0,3,23,24,4,9,2,0,0,0,44,1,1,java-design-patterns,VirtualMachineTest,10.0,8.0,0.0,0.0,0.0,0.0,0.0,10.0,0.0,0.0,0.0,8.0,0.0,0.0,0.0,0.0,0.0,0.0,0.0,0.0,2.0
/home/luana-martins/.jnose_projects/java-design-patterns/bytecode/src/main/java/com/iluwatar/bytecode/util/InstructionConverterUtil.java,com.iluwatar.bytecode.util.InstructionConverterUtil,3,10,1,8,3,,,3,3,1,2,0,0,1,0,0,0,0,0,0,0,0,0,0,0,6,40,6,1,2,2,0,2,3,6,1,4,2,0,0,0,41,1,0,java-design-patterns,InstructionConverterUtilTest,12.0,0.0,0.0,0.0,0.0,0.0,0.0,3.0,0.0,0.0,0.0,2.0,0.0,0.0,0.0,0.0,0.0,0.0,0.0,0.0,1.0
/home/luana-martins/.jnose_projects/java-design-patterns/value-object/src/main/java/com/iluwatar/value/object/HeroStat.java,com.iluwatar.value.object.HeroStat,5,1,1,0,0,,,1,1,1,0,0,0,1,0,0,0,3,0,0,3,0,0,3,0,0,8,1,0,0,0,0,0,0,0,0,3,0,0,0,0,17,1,0,java-design-patterns,HeroStatTest,2.0,0.0,0.0,0.0,1.0,0.0,0.0,0.0,0.0,0.0,0.0,2.0,4.0,0.0,0.0,0.0,0.0,0.0,0.0,0.0,1.0
/home/luana-martins/.jnose_projects/java-design-patterns/game-loop/src/main/java/com/iluwatar/gameloop/GameLoop.java,com.iluwatar.gameloop.GameLoop,3,9,1,9,5,0.3809524,0.71428573,7,0,4,0,3,0,7,1,0,0,4,0,0,1,3,0,2,0,1,35,1,0,1,1,0,1,2,8,2,6,1,0,0,0,70,1025,2,java-design-patterns,GameLoopTest,3.0,0.0,0.0,0.0,0.0,0.0,0.0,0.0,0.0,0.0,0.0,3.0,0.0,0.0,0.0,0.0,0.0,0.0,0.0,0.0,0.0
/home/luana-martins/.jnose_projects/java-design-patterns/game-loop/src/main/java/com/iluwatar/gameloop/GameController.java,com.iluwatar.gameloop.GameController,1,3,1,2,0,1.0,1.0,3,0,3,0,0,0,3,0,0,0,1,0,0,0,1,0,1,0,0,13,1,0,0,0,0,0,0,2,1,2,0,0,0,0,35,1,0,java-design-patterns,GameControllerTest,2.0,0.0,0.0,0.0,0.0,0.0,0.0,2.0,0.0,0.0,0.0,2.0,0.0,0.0,0.0,0.0,0.0,0.0,0.0,0.0,0.0
/home/luana-martins/.jnose_projects/java-design-patterns/game-loop/src/main/java/com/iluwatar/gameloop/FixedStepGameLoop.java,com.iluwatar.gameloop.FixedStepGameLoop,3,4,2,6,0,1.0,1.0,2,0,0,0,2,0,2,0,0,0,1,1,0,1,0,0,1,0,2,22,0,2,0,0,0,0,4,8,3,5,2,0,0,0,53,1,0,java-design-patterns,FixedStepGameLoopTest,1.0,0.0,0.0,0.0,0.0,0.0,0.0,1.0,0.0,0.0,0.0,1.0,0.0,0.0,0.0,0.0,0.0,0.0,0.0,0.0,0.0
/home/luana-martins/.jnose_projects/java-design-patterns/game-loop/src/main/java/com/iluwatar/gameloop/VariableStepGameLoop.java,com.iluwatar.gameloop.VariableStepGameLoop,3,3,2,6,1,0.0,0.0,2,0,0,0,2,0,2,0,0,0,0,0,0,0,0,0,0,0,2,16,0,1,0,0,0,0,2,4,3,3,1,0,0,0,50,1,0,java-design-patterns,VariableStepGameLoopTest,1.0,0.0,0.0,0.0,0.0,0.0,0.0,1.0,0.0,0.0,0.0,1.0,0.0,0.0,0.0,0.0,0.0,0.0,0.0,0.0,0.0
/home/luana-martins/.jnose_projects/java-design-patterns/game-loop/src/main/java/com/iluwatar/gameloop/FrameBasedGameLoop.java,com.iluwatar.gameloop.FrameBasedGameLoop,3,3,2,5,1,0.0,0.0,2,0,0,0,2,0,2,0,0,0,0,0,0,0,0,0,0,0,0,12,0,1,0,0,0,0,1,0,0,0,1,0,0,0,67,1,0,java-design-patterns,FrameBasedGameLoopTest,1.0,0.0,0.0,0.0,0.0,0.0,0.0,1.0,0.0,0.0,0.0,1.0,0.0,0.0,0.0,0.0,0.0,0.0,0.0,0.0,0.0
/home/luana-martins/.jnose_projects/java-design-patterns/poison-pill/src/main/java/com/iluwatar/poison/pill/SimpleMessage.java,com.iluwatar.poison.pill.SimpleMessage,2,5,1,3,2,0.4,0.4,5,0,5,0,0,0,5,0,0,0,2,0,0,2,0,0,1,0,1,19,3,0,0,0,0,0,0,2,0,2,0,0,0,0,13,1,0,java-design-patterns,SimpleMessageTest,5.0,1.0,0.0,0.0,0.0,0.0,0.0,0.0,0.0,0.0,0.0,2.0,0.0,0.0,0.0,0.0,1.0,0.0,0.0,0.0,1.0
/home/luana-martins/.jnose_projects/java-design-patterns/marker/src/main/java/Guard.java,Guard,2,1,1,1,0,,,1,0,0,0,1,0,1,0,0,0,0,0,0,0,0,0,0,0,0,5,0,0,0,0,0,1,0,0,0,0,0,0,0,0,6,1,1,java-design-patterns,GuardTest,1.0,0.0,0.0,0.0,0.0,0.0,0.0,0.0,0.0,0.0,0.0,1.0,0.0,0.0,0.0,0.0,0.0,0.0,0.0,0.0,0.0
/home/luana-martins/.jnose_projects/java-design-patterns/marker/src/main/java/Thief.java,Thief,1,2,1,1,1,0.0,0.0,2,0,0,0,2,0,2,0,0,0,0,0,0,0,0,0,0,0,0,8,0,0,0,0,0,2,0,0,0,0,0,0,0,0,11,1,2,java-design-patterns,ThiefTest,1.0,0.0,0.0,0.0,0.0,0.0,0.0,0.0,0.0,0.0,0.0,1.0,0.0,0.0,0.0,0.0,0.0,0.0,0.0,0.0,0.0
/home/luana-martins/.jnose_projects/java-design-patterns/builder/src/main/java/com/iluwatar/builder/Hero.java,com.iluwatar.builder.Hero,6,15,1,4,2,0.2857143,1.0,8,0,7,1,0,0,7,0,0,0,6,0,0,6,0,0,6,0,0,90,7,0,7,0,0,7,0,7,0,7,2,0,1,0,30,17,0,java-design-patterns,HeroTest,8.0,1.0,0.0,0.0,0.0,0.0,0.0,0.0,0.0,0.0,0.0,3.0,1.0,0.0,0.0,0.0,0.0,0.0,0.0,0.0,0.0
/home/luana-martins/.jnose_projects/java-design-patterns/tls/src/main/java/com/iluwatar/tls/DateFormatCallable.java,com.iluwatar.tls.DateFormatCallable,2,3,1,13,0,1.0,1.0,2,0,2,0,0,0,2,0,0,0,2,0,0,2,0,0,2,0,4,27,2,0,0,1,0,3,2,4,2,5,2,0,0,2,68,1,2,java-design-patterns,DateFormatCallableTest,3.0,0.0,0.0,0.0,0.0,0.0,0.0,0.0,0.0,0.0,0.0,3.0,0.0,0.0,0.0,0.0,0.0,0.0,0.0,0.0,0.0
/home/luana-martins/.jnose_projects/java-design-patterns/event-aggregator/src/main/java/com/iluwatar/event/aggregator/KingJoffrey.java,com.iluwatar.event.aggregator.KingJoffrey,3,1,1,2,0,,,1,0,1,0,0,0,1,0,0,0,0,0,0,0,0,0,0,0,0,5,0,0,0,0,0,1,0,0,0,0,0,0,0,0,13,1,1,java-design-patterns,KingJoffreyTest,3.0,0.0,0.0,0.0,0.0,0.0,0.0,1.0,0.0,0.0,0.0,1.0,0.0,0.0,0.0,0.0,0.0,0.0,0.0,0.0,0.0
/home/luana-martins/.jnose_projects/java-design-patterns/event-aggregator/src/main/java/com/iluwatar/event/aggregator/EventEmitter.java,com.iluwatar.event.aggregator.EventEmitter,4,5,1,4,4,0.3,0.3,5,0,4,0,1,0,5,1,1,0,1,0,0,1,0,0,1,0,0,17,0,0,0,0,0,0,0,1,0,2,0,0,0,1,21,1025,0,java-design-patterns,EventEmitterTest,0.0,0.0,0.0,0.0,4.0,0.0,0.0,0.0,3.0,0.0,0.0,4.0,0.0,0.0,0.0,0.0,0.0,0.0,1.0,0.0,1.0
/home/luana-martins/.jnose_projects/java-design-patterns/event-aggregator/src/main/java/com/iluwatar/event/aggregator/KingsHand.java,com.iluwatar.event.aggregator.KingsHand,4,4,2,1,6,0.0,0.0,4,0,4,0,0,0,4,0,0,0,0,0,0,0,0,0,0,0,0,12,0,0,0,0,0,0,0,0,0,0,0,0,0,0,23,1,0,java-design-patterns,KingsHandTest,0.0,1.0,0.0,0.0,1.0,0.0,0.0,0.0,0.0,0.0,0.0,1.0,0.0,0.0,0.0,0.0,0.0,0.0,1.0,0.0,0.0
/home/luana-martins/.jnose_projects/java-design-patterns/flux/src/main/java/com/iluwatar/flux/store/ContentStore.java,com.iluwatar.flux.store.ContentStore,4,3,2,4,0,1.0,1.0,2,0,2,0,0,0,2,0,0,0,1,0,0,1,0,0,0,0,0,13,1,0,0,0,0,0,0,3,0,2,1,0,0,0,13,1,0,java-design-patterns,ContentStoreTest,1.0,1.0,0.0,0.0,0.0,0.0,0.0,0.0,0.0,0.0,0.0,1.0,0.0,0.0,0.0,0.0,0.0,0.0,0.0,0.0,0.0
/home/luana-martins/.jnose_projects/java-design-patterns/flux/src/main/java/com/iluwatar/flux/store/MenuStore.java,com.iluwatar.flux.store.MenuStore,4,3,2,4,0,1.0,1.0,2,0,2,0,0,0,2,0,0,0,1,0,0,1,0,0,0,0,0,13,1,0,0,0,0,0,0,3,0,2,1,0,0,0,16,1,0,java-design-patterns,MenuStoreTest,1.0,1.0,0.0,0.0,0.0,0.0,0.0,0.0,0.0,0.0,0.0,1.0,0.0,0.0,0.0,0.0,0.0,0.0,0.0,0.0,0.0
/home/luana-martins/.jnose_projects/java-design-patterns/flux/src/main/java/com/iluwatar/flux/view/MenuView.java,com.iluwatar.flux.view.MenuView,7,5,1,8,1,0.33333334,0.33333334,3,0,3,0,0,0,3,0,0,0,1,0,0,1,0,0,0,0,2,21,0,1,0,0,0,1,0,3,0,2,2,0,0,0,15,1,2,java-design-patterns,MenuViewTest,0.0,0.0,0.0,0.0,2.0,0.0,0.0,0.0,0.0,0.0,0.0,2.0,0.0,0.0,0.0,0.0,0.0,0.0,0.0,0.0,0.0
/home/luana-martins/.jnose_projects/java-design-patterns/flux/src/main/java/com/iluwatar/flux/view/ContentView.java,com.iluwatar.flux.view.ContentView,6,2,1,4,0,1.0,1.0,2,0,2,0,0,0,2,0,0,0,1,0,0,1,0,0,0,0,0,11,0,0,0,0,0,0,0,3,0,2,0,0,0,0,11,1,1,java-design-patterns,ContentViewTest,0.0,0.0,0.0,0.0,1.0,0.0,0.0,0.0,0.0,0.0,0.0,1.0,0.0,0.0,0.0,0.0,0.0,0.0,0.0,0.0,0.0
/home/luana-martins/.jnose_projects/java-design-patterns/flux/src/main/java/com/iluwatar/flux/dispatcher/Dispatcher.java,com.iluwatar.flux.dispatcher.Dispatcher,6,6,1,4,8,0.0,0.0,5,1,3,2,0,0,3,0,0,0,2,1,0,2,0,0,1,0,0,24,1,0,1,0,0,0,0,2,0,3,1,0,0,1,22,17,0,java-design-patterns,DispatcherTest,8.0,1.0,0.0,0.0,0.0,1.0,0.0,6.0,0.0,0.0,0.0,2.0,0.0,1.0,0.0,0.0,0.0,0.0,0.0,0.0,1.0
/home/luana-martins/.jnose_projects/java-design-patterns/proxy/src/main/java/com/iluwatar/proxy/WizardTowerProxy.java,com.iluwatar.proxy.WizardTowerProxy,3,3,1,2,0,1.0,1.0,2,0,2,0,0,0,2,0,0,0,3,1,0,3,0,0,2,0,0,17,0,0,0,0,0,1,1,2,0,3,1,0,0,0,32,1,1,java-design-patterns,WizardTowerProxyTest,5.0,0.0,0.0,0.0,0.0,0.0,0.0,1.0,0.0,0.0,0.0,1.0,0.0,0.0,0.0,0.0,0.0,0.0,0.0,0.0,0.0
/home/luana-martins/.jnose_projects/java-design-patterns/aggregator-microservices/inventory-microservice/src/main/java/com/iluwatar/inventory/microservice/InventoryController.java,com.iluwatar.inventory.microservice.InventoryController,2,1,1,0,0,,,1,0,1,0,0,0,1,0,0,0,0,0,0,0,0,0,0,0,0,5,1,0,0,0,0,1,1,0,0,0,0,0,0,0,12,1,0,java-design-patterns,InventoryControllerTest,1.0,0.0,0.0,0.0,0.0,0.0,0.0,1.0,0.0,0.0,0.0,1.0,0.0,0.0,0.0,0.0,0.0,0.0,0.0,0.0,0.0
/home/luana-martins/.jnose_projects/java-design-patterns/aggregator-microservices/aggregator-service/src/main/java/com/iluwatar/aggregator/microservices/Aggregator.java,com.iluwatar.aggregator.microservices.Aggregator,6,1,1,6,0,,,1,0,1,0,0,0,1,0,0,0,2,0,0,2,0,0,0,0,2,12,1,0,0,0,0,2,1,3,0,5,0,0,0,0,36,1,0,java-design-patterns,AggregatorTest,2.0,0.0,0.0,0.0,0.0,0.0,0.0,0.0,0.0,0.0,0.0,1.0,0.0,0.0,0.0,0.0,0.0,0.0,0.0,0.0,0.0
/home/luana-martins/.jnose_projects/java-design-patterns/aggregator-microservices/information-microservice/src/main/java/com/iluwatar/information/microservice/InformationController.java,com.iluwatar.information.microservice.InformationController,2,1,1,0,0,,,1,0,1,0,0,0,1,0,0,0,0,0,0,0,0,0,0,0,0,5,1,0,0,0,0,2,0,0,0,0,0,0,0,0,14,1,0,java-design-patterns,InformationControllerTest,1.0,0.0,0.0,0.0,0.0,0.0,0.0,0.0,0.0,0.0,0.0,0.0,0.0,0.0,0.0,0.0,0.0,0.0,0.0,0.0,0.0
/home/luana-martins/.jnose_projects/java-design-patterns/data-bus/src/main/java/com/iluwatar/databus/members/StatusMember.java,com.iluwatar.databus.members.StatusMember,10,5,1,8,1,,,3,0,1,2,0,0,1,0,0,0,3,0,0,3,0,0,1,0,2,23,0,0,0,0,0,4,0,2,0,3,1,0,0,0,30,1,3,java-design-patterns,StatusMemberTest,4.0,0.0,0.0,0.0,0.0,0.0,0.0,0.0,0.0,0.0,0.0,0.0,0.0,0.0,0.0,0.0,0.0,0.0,0.0,0.0,1.0
/home/luana-martins/.jnose_projects/java-design-patterns/data-bus/src/main/java/com/iluwatar/databus/members/MessageCollectorMember.java,com.iluwatar.databus.members.MessageCollectorMember,5,5,1,5,2,0.0,0.0,4,0,3,1,0,0,3,0,0,0,2,0,0,2,0,0,2,0,1,19,1,0,0,0,0,1,0,2,0,2,1,0,0,0,26,1,1,java-design-patterns,MessageCollectorMemberTest,2.0,2.0,0.0,0.0,0.0,0.0,0.0,1.0,0.0,0.0,0.0,0.0,0.0,0.0,0.0,0.0,0.0,0.0,0.0,0.0,3.0
/home/luana-martins/.jnose_projects/java-design-patterns/data-bus/src/main/java/com/iluwatar/databus/DataBus.java,com.iluwatar.databus.DataBus,3,4,1,5,0,0.5,0.5,4,1,4,0,0,0,4,0,0,0,2,1,0,2,0,0,2,0,0,17,1,0,0,0,0,0,0,2,0,3,0,0,0,1,43,1,0,java-design-patterns,DataBusTest,0.0,2.0,0.0,0.0,2.0,0.0,0.0,0.0,0.0,0.0,0.0,0.0,0.0,0.0,0.0,0.0,0.0,0.0,0.0,0.0,3.0
/home/luana-martins/.jnose_projects/java-design-patterns/data-locality/src/main/java/com/iluwatar/data/locality/Application.java,com.iluwatar.data.locality.Application,2,1,1,3,0,,,1,1,1,0,0,0,1,0,0,0,1,1,0,1,0,0,1,0,0,9,0,0,0,0,0,1,1,2,0,2,0,0,0,0,56,1,1,java-design-patterns,ApplicationTest,0.0,0.0,0.0,0.0,0.0,0.0,0.0,0.0,0.0,0.0,0.0,0.0,0.0,0.0,0.0,0.0,0.0,0.0,0.0,0.0,0.0
/home/luana-martins/.jnose_projects/java-design-patterns/mute-idiom/src/main/java/com/iluwatar/mute/Mute.java,com.iluwatar.mute.Mute,1,5,1,2,3,0.0,0.0,3,2,2,1,0,0,2,0,0,0,0,0,0,0,0,0,0,0,0,20,0,0,0,2,0,0,0,0,0,0,1,0,0,0,69,17,0,java-design-patterns,MuteTest,1.0,0.0,0.0,0.0,0.0,0.0,0.0,0.0,0.0,0.0,0.0,0.0,0.0,0.0,0.0,0.0,0.0,0.0,0.0,0.0,1.0
/home/luana-martins/.jnose_projects/java-design-patterns/tolerant-reader/src/main/java/com/iluwatar/tolerantreader/RainbowFish.java,com.iluwatar.tolerantreader.RainbowFish,2,0,1,0,0,-1.0,-1.0,0,0,0,0,0,0,0,0,0,0,5,1,0,5,0,0,5,0,0,7,0,0,0,0,0,0,1,1,0,5,0,0,0,0,19,1,0,java-design-patterns,RainbowFishTest,4.0,0.0,0.0,0.0,0.0,0.0,0.0,3.0,0.0,0.0,0.0,1.0,0.0,0.0,0.0,0.0,0.0,0.0,0.0,0.0,0.0
/home/luana-martins/.jnose_projects/java-design-patterns/tolerant-reader/src/main/java/com/iluwatar/tolerantreader/RainbowFishV2.java,com.iluwatar.tolerantreader.RainbowFishV2,2,2,2,0,1,0.0,0.0,2,0,2,0,0,0,2,0,0,0,4,1,0,4,0,0,1,0,0,15,0,0,0,0,0,0,1,4,0,4,0,0,0,0,18,1,0,java-design-patterns,RainbowFishV2Test,7.0,0.0,0.0,0.0,0.0,0.0,0.0,3.0,0.0,0.0,0.0,1.0,0.0,0.0,0.0,0.0,0.0,0.0,0.0,0.0,0.0
/home/luana-martins/.jnose_projects/java-design-patterns/tolerant-reader/src/main/java/com/iluwatar/tolerantreader/RainbowFishSerializer.java,com.iluwatar.tolerantreader.RainbowFishSerializer,2,4,1,15,0,1.0,1.0,4,3,3,1,0,0,3,0,0,0,2,2,2,0,0,0,2,0,14,25,1,0,0,3,0,17,0,11,0,11,1,0,0,0,69,17,0,java-design-patterns,RainbowFishSerializerTest,10.0,2.0,0.0,0.0,0.0,0.0,0.0,0.0,0.0,0.0,0.0,2.0,0.0,0.0,0.0,0.0,0.0,0.0,0.0,0.0,1.0
/home/luana-martins/.jnose_projects/java-design-patterns/double-checked-locking/src/main/java/com/iluwatar/doublechecked/locking/Inventory.java,com.iluwatar.doublechecked.locking.Inventory,2,5,1,7,0,1.0,1.0,3,0,3,0,0,0,3,0,1,0,3,0,0,3,0,0,3,0,2,30,3,0,0,1,0,1,0,4,0,4,3,0,0,0,27,1,1,java-design-patterns,InventoryTest,3.0,1.0,0.0,0.0,0.0,0.0,0.0,1.0,1.0,0.0,0.0,1.0,0.0,0.0,0.0,0.0,0.0,0.0,0.0,0.0,0.0
/home/luana-martins/.jnose_projects/java-design-patterns/iterator/src/main/java/com/iluwatar/iterator/bst/BstIterator.java,com.iluwatar.iterator.bst.BstIterator,4,6,1,6,0,1.0,1.0,4,0,3,1,0,0,3,0,0,0,1,0,0,1,0,0,1,0,0,24,2,1,1,0,0,0,0,3,0,2,1,0,0,0,94,1,0,java-design-patterns,BstIteratorTest,12.0,1.0,0.0,0.0,0.0,0.0,0.0,12.0,0.0,0.0,0.0,0.0,0.0,0.0,0.0,0.0,1.0,0.0,0.0,0.0,2.0
/home/luana-martins/.jnose_projects/java-design-patterns/event-queue/src/main/java/com/iluwatar/event/queue/Audio.java,com.iluwatar.event.queue.Audio,3,21,1,21,27,0.10714286,0.10714286,10,1,7,2,0,1,8,0,0,3,6,2,0,6,0,0,3,0,4,80,6,2,6,1,2,3,5,15,5,10,3,0,0,1,106,1,3,java-design-patterns,AudioTest,5.0,2.0,0.0,2.0,0.0,0.0,0.0,1.0,0.0,0.0,0.0,2.0,0.0,0.0,0.0,0.0,0.0,0.0,0.0,0.0,4.0
/home/luana-martins/.jnose_projects/java-design-patterns/double-dispatch/src/main/java/com/iluwatar/doubledispatch/SpaceStationIss.java,com.iluwatar.doubledispatch.SpaceStationIss,2,2,2,1,1,0.0,0.0,2,0,2,0,0,0,2,0,0,0,0,0,0,0,0,0,0,0,0,8,0,0,0,0,0,0,0,0,0,0,0,0,0,0,12,1,0,java-design-patterns,SpaceStationIssTest,7.0,0.0,0.0,0.0,4.0,0.0,0.0,4.0,0.0,0.0,0.0,5.0,1.0,0.0,0.0,0.0,0.0,0.0,0.0,0.0,1.0
/home/luana-martins/.jnose_projects/java-design-patterns/double-dispatch/src/main/java/com/iluwatar/doubledispatch/Meteoroid.java,com.iluwatar.doubledispatch.Meteoroid,6,6,1,4,15,0.0,0.0,6,0,6,0,0,0,6,0,0,0,0,0,0,0,0,0,0,0,0,20,0,0,0,0,0,0,0,0,0,0,0,0,0,0,17,1,4,java-design-patterns,MeteoroidTest,7.0,0.0,0.0,0.0,4.0,0.0,0.0,4.0,0.0,0.0,0.0,5.0,1.0,0.0,0.0,0.0,0.0,0.0,0.0,0.0,1.0
/home/luana-martins/.jnose_projects/java-design-patterns/double-dispatch/src/main/java/com/iluwatar/doubledispatch/Rectangle.java,com.iluwatar.doubledispatch.Rectangle,3,6,1,5,1,0.0,0.0,2,0,1,0,0,1,2,0,0,0,4,0,0,4,0,0,4,0,1,12,2,0,0,0,1,1,0,0,0,4,0,0,0,0,24,1,0,java-design-patterns,RectangleTest,9.0,0.0,0.0,0.0,0.0,0.0,0.0,4.0,0.0,0.0,0.0,3.0,1.0,0.0,0.0,0.0,0.0,0.0,0.0,0.0,0.0
/home/luana-martins/.jnose_projects/java-design-patterns/double-dispatch/src/main/java/com/iluwatar/doubledispatch/FlamingAsteroid.java,com.iluwatar.doubledispatch.FlamingAsteroid,2,2,2,2,1,0.0,0.0,2,0,2,0,0,0,2,0,0,0,0,0,0,0,0,0,0,0,0,9,0,0,0,0,0,0,0,0,0,0,0,0,0,0,13,1,0,java-design-patterns,FlamingAsteroidTest,7.0,0.0,0.0,0.0,4.0,0.0,0.0,4.0,0.0,0.0,0.0,5.0,1.0,0.0,0.0,0.0,0.0,0.0,0.0,0.0,1.0
/home/luana-martins/.jnose_projects/java-design-patterns/double-dispatch/src/main/java/com/iluwatar/doubledispatch/SpaceStationMir.java,com.iluwatar.doubledispatch.SpaceStationMir,6,6,1,6,15,0.0,0.0,6,0,6,0,0,0,6,0,0,0,0,0,0,0,0,0,0,0,0,25,0,0,0,0,0,4,0,0,3,0,0,0,0,0,27,1,4,java-design-patterns,SpaceStationMirTest,7.0,0.0,0.0,0.0,4.0,0.0,0.0,4.0,0.0,0.0,0.0,5.0,1.0,0.0,0.0,0.0,0.0,0.0,0.0,0.0,1.0
/home/luana-martins/.jnose_projects/java-design-patterns/async-method-invocation/src/main/java/com/iluwatar/async/method/invocation/ThreadAsyncExecutor.java,com.iluwatar.async.method.invocation.ThreadAsyncExecutor,6,5,1,9,3,0.0,0.0,3,0,3,0,0,0,3,0,0,0,1,0,0,1,0,0,1,0,0,76,3,0,0,1,0,1,1,2,1,2,2,0,1,1,28,1,0,java-design-patterns,ThreadAsyncExecutorTest,42.0,8.0,0.0,3.0,0.0,0.0,0.0,8.0,0.0,0.0,0.0,8.0,0.0,3.0,0.0,0.0,1.0,6.0,0.0,0.0,4.0
/home/luana-martins/.jnose_projects/java-design-patterns/front-controller/src/main/java/com/iluwatar/front/controller/ApplicationException.java,com.iluwatar.front.controller.ApplicationException,0,1,4,0,0,,,1,0,1,0,0,0,1,0,0,0,1,1,0,1,0,0,1,0,0,6,0,0,0,0,0,0,1,1,0,1,0,0,0,0,14,1,0,java-design-patterns,ApplicationExceptionTest,1.0,0.0,0.0,0.0,0.0,0.0,0.0,0.0,0.0,0.0,0.0,1.0,0.0,0.0,0.0,0.0,0.0,0.0,0.0,0.0,0.0
/home/luana-martins/.jnose_projects/java-design-patterns/front-controller/src/main/java/com/iluwatar/front/controller/FrontController.java,com.iluwatar.front.controller.FrontController,4,5,1,5,3,,,3,1,1,2,0,0,1,0,0,0,0,0,0,0,0,0,0,0,2,23,3,0,0,2,0,2,0,2,1,2,1,0,0,0,26,1,0,java-design-patterns,FrontControllerTest,3.0,0.0,0.0,0.0,0.0,0.0,0.0,2.0,0.0,0.0,0.0,0.0,0.0,0.0,0.0,0.0,0.0,0.0,0.0,0.0,0.0
/home/luana-martins/.jnose_projects/java-design-patterns/transaction-script/src/main/java/com/iluwatar/transactionscript/Room.java,com.iluwatar.transactionscript.Room,5,0,1,0,0,-1.0,-1.0,0,0,0,0,0,0,0,0,0,0,4,0,0,4,0,0,0,0,0,6,0,0,0,0,0,0,0,0,0,4,0,0,0,0,18,1,0,java-design-patterns,RoomTest,10.0,0.0,0.0,0.0,0.0,2.0,0.0,0.0,0.0,0.0,0.0,1.0,1.0,0.0,0.0,0.0,0.0,0.0,0.0,0.0,0.0
/home/luana-martins/.jnose_projects/java-design-patterns/transaction-script/src/main/java/com/iluwatar/transactionscript/Hotel.java,com.iluwatar.transactionscript.Hotel,3,7,1,8,0,1.0,1.0,3,0,3,0,0,0,3,0,0,0,1,0,0,1,0,0,1,0,0,41,0,0,0,0,0,8,0,6,4,6,2,0,0,0,31,1,2,java-design-patterns,HotelTest,4.0,1.0,0.0,0.0,0.0,0.0,0.0,0.0,0.0,0.0,2.0,0.0,0.0,0.0,0.0,0.0,0.0,0.0,0.0,0.0,2.0
/home/luana-martins/.jnose_projects/java-design-patterns/data-mapper/src/main/java/com/iluwatar/datamapper/Student.java,com.iluwatar.datamapper.Student,6,0,1,0,0,-1.0,-1.0,0,0,0,0,0,0,0,0,0,0,4,1,0,4,0,0,1,0,0,6,0,0,0,0,0,0,1,1,0,4,0,0,0,0,19,17,0,java-design-patterns,StudentTest,3.0,0.0,0.0,0.0,0.0,1.0,0.0,0.0,0.0,0.0,0.0,1.0,0.0,0.0,0.0,0.0,0.0,0.0,0.0,0.0,0.0
/home/luana-martins/.jnose_projects/java-design-patterns/commander/src/main/java/com/iluwatar/commander/Commander.java,com.iluwatar.commander.Commander,16,102,1,49,0,0.0,0.0,18,0,0,16,0,2,2,0,0,0,15,1,0,15,0,0,13,0,14,492,8,0,8,8,4,136,32,84,65,106,5,0,0,35,272,1,58,java-design-patterns,CommanderTest,2.0,0.0,0.0,0.0,0.0,0.0,0.0,0.0,0.0,0.0,0.0,0.0,0.0,0.0,0.0,0.0,0.0,0.0,0.0,0.0,0.0
/home/luana-martins/.jnose_projects/java-design-patterns/commander/src/main/java/com/iluwatar/commander/Order.java,com.iluwatar.commander.Order,4,5,1,10,1,,,2,0,0,1,0,1,1,0,0,0,11,3,1,3,0,7,8,0,1,40,1,2,1,0,1,1,1,15,1,14,2,0,2,0,52,1,0,java-design-patterns,OrderTest,5.0,0.0,0.0,0.0,0.0,0.0,0.0,0.0,0.0,0.0,0.0,5.0,0.0,0.0,0.0,0.0,0.0,0.0,0.0,0.0,1.0
/home/luana-martins/.jnose_projects/java-design-patterns/page-object/src/test/java/com/iluwatar/pageobject/pages/LoginPage.java,com.iluwatar.pageobject.pages.LoginPage,8,8,2,7,0,0.6666667,0.6666667,6,0,6,0,0,0,6,0,0,0,3,2,0,3,0,0,2,0,0,40,5,0,0,2,0,6,0,6,1,6,1,0,0,0,63,1,0,java-design-patterns,LoginPageTest,1.0,1.0,0.0,0.0,0.0,0.0,0.0,0.0,0.0,0.0,0.0,1.0,0.0,0.0,0.0,0.0,0.0,0.0,0.0,0.0,0.0
/home/luana-martins/.jnose_projects/java-design-patterns/page-object/src/test/java/com/iluwatar/pageobject/pages/LoginPage.java,com.iluwatar.pageobject.pages.LoginPage,8,8,2,7,0,0.6666667,0.6666667,6,0,6,0,0,0,6,0,0,0,3,2,0,3,0,0,2,0,0,40,5,0,0,2,0,6,0,6,1,6,1,0,0,0,63,1,0,java-design-patterns,LoginPageTest,1.0,1.0,0.0,0.0,0.0,0.0,0.0,0.0,0.0,0.0,0.0,1.0,0.0,0.0,0.0,0.0,0.0,0.0,0.0,0.0,0.0
/home/luana-martins/.jnose_projects/java-design-patterns/page-object/src/test/java/com/iluwatar/pageobject/pages/AlbumPage.java,com.iluwatar.pageobject.pages.AlbumPage,9,13,2,10,0,0.8,0.8,10,0,10,0,0,0,10,0,0,0,3,2,0,3,0,0,2,0,2,66,9,0,0,3,0,10,0,11,1,11,1,0,0,0,81,1,0,java-design-patterns,AlbumPageTest,2.0,2.0,0.0,0.0,0.0,0.0,0.0,0.0,0.0,0.0,0.0,2.0,0.0,0.0,0.0,0.0,0.0,0.0,0.0,0.0,1.0
/home/luana-martins/.jnose_projects/java-design-patterns/page-object/src/test/java/com/iluwatar/pageobject/pages/AlbumPage.java,com.iluwatar.pageobject.pages.AlbumPage,9,13,2,10,0,0.8,0.8,10,0,10,0,0,0,10,0,0,0,3,2,0,3,0,0,2,0,2,66,9,0,0,3,0,10,0,11,1,11,1,0,0,0,81,1,0,java-design-patterns,AlbumPageTest,2.0,2.0,0.0,0.0,0.0,0.0,0.0,0.0,0.0,0.0,0.0,2.0,0.0,0.0,0.0,0.0,0.0,0.0,0.0,0.0,1.0
/home/luana-martins/.jnose_projects/java-design-patterns/page-object/src/test/java/com/iluwatar/pageobject/pages/AlbumListPage.java,com.iluwatar.pageobject.pages.AlbumListPage,6,8,2,8,0,0.5,0.5,4,0,4,0,0,0,4,0,0,0,3,2,0,3,0,0,2,0,0,35,3,1,0,2,0,5,0,4,2,4,3,0,0,0,53,1,0,java-design-patterns,AlbumListPageTest,1.0,1.0,0.0,0.0,0.0,0.0,0.0,0.0,0.0,0.0,0.0,1.0,0.0,0.0,0.0,0.0,0.0,0.0,0.0,0.0,0.0
/home/luana-martins/.jnose_projects/java-design-patterns/page-object/src/test/java/com/iluwatar/pageobject/pages/AlbumListPage.java,com.iluwatar.pageobject.pages.AlbumListPage,6,8,2,8,0,0.5,0.5,4,0,4,0,0,0,4,0,0,0,3,2,0,3,0,0,2,0,0,35,3,1,0,2,0,5,0,4,2,4,3,0,0,0,53,1,0,java-design-patterns,AlbumListPageTest,1.0,1.0,0.0,0.0,0.0,0.0,0.0,0.0,0.0,0.0,0.0,1.0,0.0,0.0,0.0,0.0,0.0,0.0,0.0,0.0,0.0
/home/luana-martins/.jnose_projects/java-design-patterns/model-view-presenter/src/main/java/com/iluwatar/model/view/presenter/FileLoader.java,com.iluwatar.model.view.presenter.FileLoader,2,6,1,6,0,0.7,1.0,5,0,5,0,0,0,5,0,0,0,4,2,0,4,0,0,2,0,1,30,5,0,0,1,0,2,1,7,0,7,1,0,0,0,73,1,1,java-design-patterns,FileLoaderTest,1.0,1.0,0.0,0.0,0.0,0.0,0.0,0.0,0.0,0.0,0.0,1.0,0.0,0.0,0.0,0.0,0.0,0.0,0.0,0.0,0.0
/home/luana-martins/.jnose_projects/java-design-patterns/model-view-presenter/src/main/java/com/iluwatar/model/view/presenter/FileSelectorPresenter.java,com.iluwatar.model.view.presenter.FileSelectorPresenter,2,9,1,11,0,0.8,1.0,6,0,6,0,0,0,6,0,0,0,3,1,0,3,0,0,2,0,0,34,1,0,1,0,0,3,1,4,0,4,1,0,0,0,71,1,0,java-design-patterns,FileSelectorPresenterTest,10.0,5.0,0.0,0.0,0.0,0.0,0.0,2.0,0.0,0.0,0.0,0.0,0.0,0.0,0.0,0.0,0.0,0.0,0.0,0.0,3.0
/home/luana-martins/.jnose_projects/java-design-patterns/bridge/src/main/java/com/iluwatar/bridge/Hammer.java,com.iluwatar.bridge.Hammer,4,4,1,4,0,1.0,1.0,4,0,4,0,0,0,4,0,0,0,1,0,0,1,0,0,1,0,0,18,1,0,0,0,0,3,0,0,0,1,0,0,0,0,10,1,3,java-design-patterns,HammerTest,0.0,0.0,0.0,0.0,1.0,0.0,0.0,0.0,0.0,0.0,0.0,1.0,0.0,0.0,0.0,0.0,0.0,0.0,0.0,0.0,0.0
/home/luana-martins/.jnose_projects/java-design-patterns/bridge/src/main/java/com/iluwatar/bridge/Sword.java,com.iluwatar.bridge.Sword,4,4,1,4,0,1.0,1.0,4,0,4,0,0,0,4,0,0,0,1,0,0,1,0,0,1,0,0,18,1,0,0,0,0,3,0,0,0,1,0,0,0,0,10,1,3,java-design-patterns,SwordTest,0.0,0.0,0.0,0.0,1.0,0.0,0.0,0.0,0.0,0.0,0.0,1.0,0.0,0.0,0.0,0.0,0.0,0.0,0.0,0.0,0.0
/home/luana-martins/.jnose_projects/java-design-patterns/resource-acquisition-is-initialization/src/main/java/com/iluwatar/resource/acquisition/is/initialization/TreasureChest.java,com.iluwatar.resource.acquisition.is.initialization.TreasureChest,1,2,1,1,1,0.0,0.0,2,0,2,0,0,0,2,0,0,0,0,0,0,0,0,0,0,0,0,8,0,0,0,0,0,2,0,0,0,0,0,0,0,0,5,1,2,java-design-patterns,TreasureChestTest,8.0,0.0,0.0,0.0,0.0,0.0,0.0,0.0,4.0,0.0,0.0,0.0,1.0,0.0,0.0,0.0,0.0,0.0,0.0,0.0,1.0
/home/luana-martins/.jnose_projects/java-design-patterns/specification/src/main/java/com/iluwatar/specification/selector/MovementSelector.java,com.iluwatar.specification.selector.MovementSelector,3,2,2,2,0,1.0,1.0,2,0,2,0,0,0,2,0,0,0,1,0,0,1,0,0,1,0,0,9,1,0,0,0,0,0,0,1,0,1,0,0,0,0,7,1,0,java-design-patterns,MovementSelectorTest,2.0,1.0,0.0,0.0,0.0,0.0,0.0,0.0,0.0,0.0,0.0,1.0,0.0,0.0,0.0,0.0,0.0,0.0,0.0,0.0,0.0
/home/luana-martins/.jnose_projects/java-design-patterns/specification/src/main/java/com/iluwatar/specification/selector/ColorSelector.java,com.iluwatar.specification.selector.ColorSelector,3,2,2,2,0,1.0,1.0,2,0,2,0,0,0,2,0,0,0,1,0,0,1,0,0,1,0,0,9,1,0,0,0,0,0,0,1,0,1,0,0,0,0,7,1,0,java-design-patterns,ColorSelectorTest,2.0,1.0,0.0,0.0,0.0,0.0,0.0,0.0,0.0,0.0,0.0,1.0,0.0,0.0,0.0,0.0,0.0,0.0,0.0,0.0,0.0
/home/luana-martins/.jnose_projects/java-design-patterns/specification/src/main/java/com/iluwatar/specification/selector/SizeSelector.java,com.iluwatar.specification.selector.SizeSelector,3,2,2,2,0,1.0,1.0,2,0,2,0,0,0,2,0,0,0,1,0,0,1,0,0,1,0,0,9,1,0,0,0,0,0,0,1,0,1,0,0,0,0,7,1,0,java-design-patterns,SizeSelectorTest,2.0,1.0,0.0,0.0,0.0,0.0,0.0,0.0,0.0,0.0,0.0,1.0,0.0,0.0,0.0,0.0,0.0,0.0,0.0,0.0,0.0
/home/luana-martins/.jnose_projects/java-design-patterns/feature-toggle/src/main/java/com/iluwatar/featuretoggle/pattern/tieredversion/TieredFeatureToggleVersion.java,com.iluwatar.featuretoggle.pattern.tieredversion.TieredFeatureToggleVersion,3,3,1,1,1,0.0,0.0,2,0,2,0,0,0,2,0,0,0,0,0,0,0,0,0,0,0,1,11,3,0,0,0,0,3,0,0,1,0,1,0,0,0,106,1,0,java-design-patterns,TieredFeatureToggleVersionTest,3.0,0.0,0.0,0.0,0.0,0.0,0.0,0.0,0.0,0.0,0.0,3.0,0.0,0.0,0.0,0.0,0.0,0.0,0.0,0.0,1.0
/home/luana-martins/.jnose_projects/java-design-patterns/feature-toggle/src/main/java/com/iluwatar/featuretoggle/pattern/propertiesversion/PropertiesFeatureToggleVersion.java,com.iluwatar.featuretoggle.pattern.propertiesversion.PropertiesFeatureToggleVersion,3,5,1,2,1,0.0,0.0,2,0,2,0,0,0,2,0,0,0,1,0,0,1,0,0,1,0,0,22,2,0,1,1,0,6,0,1,1,1,2,0,0,0,122,1,0,java-design-patterns,PropertiesFeatureToggleVersionTest,4.0,2.0,0.0,0.0,0.0,0.0,0.0,0.0,0.0,0.0,0.0,4.0,0.0,0.0,0.0,0.0,0.0,0.0,0.0,0.0,2.0
/home/luana-martins/.jnose_projects/java-design-patterns/feature-toggle/src/main/java/com/iluwatar/featuretoggle/user/UserGroup.java,com.iluwatar.featuretoggle.user.UserGroup,1,7,1,2,0,1.0,1.0,3,3,3,0,0,0,3,0,0,0,2,2,0,2,0,0,2,0,0,27,1,0,0,0,0,2,0,2,0,2,2,0,0,0,51,1,0,java-design-patterns,UserGroupTest,2.0,4.0,0.0,0.0,0.0,0.0,0.0,0.0,0.0,0.0,0.0,4.0,0.0,0.0,0.0,0.0,0.0,0.0,0.0,0.0,3.0
/home/luana-martins/.jnose_projects/java-design-patterns/object-pool/src/main/java/com/iluwatar/object/pool/OliphauntPool.java,com.iluwatar.object.pool.OliphauntPool,2,1,2,0,0,,,1,0,0,0,1,0,1,0,0,0,0,0,0,0,0,0,0,0,0,5,1,0,0,0,0,0,0,0,0,0,0,0,0,0,4,1,0,java-design-patterns,OliphauntPoolTest,24.0,0.0,0.0,0.0,0.0,0.0,0.0,3.0,1.0,0.0,0.0,2.0,19.0,1.0,0.0,0.0,4.0,0.0,0.0,0.0,0.0
/home/luana-martins/.jnose_projects/java-design-patterns/leader-followers/src/main/java/com/iluwatar/leaderfollowers/Worker.java,com.iluwatar.leaderfollowers.Worker,7,6,1,14,0,1.0,1.0,2,0,2,0,0,0,2,0,0,0,4,0,0,4,0,0,4,0,2,39,1,1,1,1,0,3,0,5,1,5,4,0,0,0,50,1,2,java-design-patterns,WorkerTest,0.0,1.0,0.0,0.0,1.0,0.0,0.0,0.0,0.0,0.0,0.0,1.0,0.0,0.0,0.0,0.0,0.0,0.0,0.0,0.0,0.0
/home/luana-martins/.jnose_projects/java-design-patterns/retry/src/main/java/com/iluwatar/retry/Retry.java,com.iluwatar.retry.Retry,3,9,1,10,0,0.8333333,1.0,4,0,4,0,0,0,4,0,0,0,6,0,0,6,0,0,6,0,3,41,3,1,0,2,0,0,0,6,0,7,3,0,0,1,57,17,0,java-design-patterns,RetryTest,1.0,0.0,0.0,0.0,0.0,0.0,0.0,1.0,1.0,0.0,0.0,0.0,0.0,0.0,0.0,0.0,0.0,2.0,0.0,0.0,0.0
/home/luana-martins/.jnose_projects/java-design-patterns/singleton/src/main/java/com/iluwatar/singleton/IvoryTower.java,com.iluwatar.singleton.IvoryTower,1,2,1,0,0,,,2,1,1,1,0,0,1,0,0,0,1,1,0,1,0,0,1,0,0,8,1,0,0,0,0,0,0,1,0,1,0,0,0,0,33,17,0,java-design-patterns,IvoryTowerTest,5.0,0.0,0.0,0.0,0.0,0.0,0.0,1.0,0.0,0.0,0.0,1.0,0.0,0.0,0.0,0.0,0.0,0.0,0.0,0.0,0.0
/home/luana-martins/.jnose_projects/java-design-patterns/object-mother/src/main/java/com/iluwatar/objectmother/Queen.java,com.iluwatar.objectmother.Queen,2,7,1,0,3,0.23809524,0.23809524,7,0,7,0,0,0,7,0,0,0,3,0,0,3,0,0,0,0,0,26,2,0,0,0,0,0,0,8,0,3,0,0,0,0,41,1,0,java-design-patterns,QueenTest,4.0,0.0,0.0,0.0,0.0,0.0,0.0,0.0,0.0,0.0,0.0,4.0,0.0,0.0,0.0,0.0,0.0,0.0,0.0,0.0,1.0
/home/luana-martins/.jnose_projects/java-design-patterns/object-mother/src/main/java/com/iluwatar/objectmother/King.java,com.iluwatar.objectmother.King,3,7,1,3,7,0.26666668,0.26666668,6,0,6,0,0,0,6,0,0,0,2,0,0,0,0,2,0,0,0,28,1,0,0,0,0,0,0,7,0,3,1,0,0,0,28,1,0,java-design-patterns,KingTest,8.0,0.0,0.0,0.0,0.0,0.0,0.0,0.0,0.0,0.0,0.0,8.0,0.0,0.0,0.0,0.0,0.0,0.0,0.0,0.0,0.0
/home/luana-martins/.jnose_projects/java-design-patterns/service-layer/src/main/java/com/iluwatar/servicelayer/wizard/Wizard.java,com.iluwatar.servicelayer.wizard.Wizard,8,10,2,3,19,0.2888889,0.2888889,10,0,10,0,0,0,10,0,0,0,3,0,0,3,0,0,0,0,0,37,4,0,0,0,0,2,0,5,0,3,0,0,0,0,18,1,0,java-design-patterns,WizardTest,1.0,1.0,0.0,0.0,0.0,0.0,0.0,0.0,0.0,0.0,0.0,1.0,1.0,0.0,0.0,0.0,0.0,0.0,0.0,0.0,0.0
/home/luana-martins/.jnose_projects/java-design-patterns/producer-consumer/src/main/java/com/iluwatar/producer/consumer/Consumer.java,com.iluwatar.producer.consumer.Consumer,3,2,1,4,0,1.0,1.0,2,0,2,0,0,0,2,0,0,0,2,0,0,2,0,0,2,0,0,12,0,0,0,0,0,1,0,3,0,3,0,0,0,0,18,1,1,java-design-patterns,ConsumerTest,3.0,1.0,0.0,0.0,0.0,0.0,0.0,0.0,1.0,0.0,0.0,1.0,0.0,0.0,0.0,0.0,0.0,0.0,0.0,0.0,0.0
/home/luana-martins/.jnose_projects/java-design-patterns/producer-consumer/src/main/java/com/iluwatar/producer/consumer/Producer.java,com.iluwatar.producer.consumer.Producer,2,2,1,3,0,1.0,1.0,2,0,2,0,0,0,2,0,0,0,4,1,0,4,0,0,3,0,1,15,0,0,0,0,0,0,1,4,0,5,0,0,0,0,35,1,0,java-design-patterns,ProducerTest,7.0,0.0,0.0,0.0,0.0,0.0,0.0,0.0,0.0,0.0,0.0,2.0,0.0,0.0,0.0,0.0,0.0,1.0,0.0,0.0,1.0
/home/luana-martins/.jnose_projects/java-design-patterns/module/src/main/java/com/iluwatar/module/App.java,com.iluwatar.module.App,3,4,1,13,0,0.5,0.5,4,4,4,0,0,0,4,0,0,0,4,4,2,2,0,0,2,0,5,25,0,0,0,0,0,2,0,4,0,4,0,0,0,0,80,1,0,java-design-patterns,AppTest,0.0,0.0,0.0,0.0,0.0,0.0,0.0,0.0,0.0,0.0,0.0,0.0,0.0,0.0,0.0,0.0,0.0,0.0,0.0,0.0,0.0
/home/luana-martins/.jnose_projects/java-design-patterns/module/src/main/java/com/iluwatar/module/App.java,com.iluwatar.module.App,3,4,1,13,0,0.5,0.5,4,4,4,0,0,0,4,0,0,0,4,4,2,2,0,0,2,0,5,25,0,0,0,0,0,2,0,4,0,4,0,0,0,0,80,1,0,java-design-patterns,AppTest,0.0,0.0,0.0,0.0,0.0,0.0,0.0,0.0,0.0,0.0,0.0,0.0,0.0,0.0,0.0,0.0,0.0,0.0,0.0,0.0,0.0
/home/luana-martins/.jnose_projects/java-design-patterns/module/src/main/java/com/iluwatar/module/App.java,com.iluwatar.module.App,3,4,1,13,0,0.5,0.5,4,4,4,0,0,0,4,0,0,0,4,4,2,2,0,0,2,0,5,25,0,0,0,0,0,2,0,4,0,4,0,0,0,0,80,1,0,java-design-patterns,AppTest,0.0,0.0,0.0,0.0,0.0,0.0,0.0,0.0,0.0,0.0,0.0,0.0,0.0,0.0,0.0,0.0,0.0,0.0,0.0,0.0,0.0
/home/luana-martins/.jnose_projects/java-design-patterns/module/src/main/java/com/iluwatar/module/App.java,com.iluwatar.module.App,3,4,1,13,0,0.5,0.5,4,4,4,0,0,0,4,0,0,0,4,4,2,2,0,0,2,0,5,25,0,0,0,0,0,2,0,4,0,4,0,0,0,0,80,1,0,java-design-patterns,AppTest,0.0,0.0,0.0,0.0,0.0,0.0,0.0,0.0,0.0,0.0,0.0,0.0,0.0,0.0,0.0,0.0,0.0,0.0,0.0,0.0,0.0
/home/luana-martins/.jnose_projects/java-design-patterns/module/src/main/java/com/iluwatar/module/App.java,com.iluwatar.module.App,3,4,1,13,0,0.5,0.5,4,4,4,0,0,0,4,0,0,0,4,4,2,2,0,0,2,0,5,25,0,0,0,0,0,2,0,4,0,4,0,0,0,0,80,1,0,java-design-patterns,AppTest,0.0,0.0,0.0,0.0,0.0,0.0,0.0,0.0,0.0,0.0,0.0,0.0,0.0,0.0,0.0,0.0,0.0,0.0,0.0,0.0,0.0
/home/luana-martins/.jnose_projects/java-design-patterns/module/src/main/java/com/iluwatar/module/App.java,com.iluwatar.module.App,3,4,1,13,0,0.5,0.5,4,4,4,0,0,0,4,0,0,0,4,4,2,2,0,0,2,0,5,25,0,0,0,0,0,2,0,4,0,4,0,0,0,0,80,1,0,java-design-patterns,AppTest,0.0,0.0,0.0,0.0,0.0,0.0,0.0,0.0,0.0,0.0,0.0,0.0,0.0,0.0,0.0,0.0,0.0,0.0,0.0,0.0,0.0
/home/luana-martins/.jnose_projects/java-design-patterns/module/src/main/java/com/iluwatar/module/App.java,com.iluwatar.module.App,3,4,1,13,0,0.5,0.5,4,4,4,0,0,0,4,0,0,0,4,4,2,2,0,0,2,0,5,25,0,0,0,0,0,2,0,4,0,4,0,0,0,0,80,1,0,java-design-patterns,AppTest,0.0,0.0,0.0,0.0,0.0,0.0,0.0,0.0,0.0,0.0,0.0,0.0,0.0,0.0,0.0,0.0,0.0,0.0,0.0,0.0,0.0
/home/luana-martins/.jnose_projects/java-design-patterns/module/src/main/java/com/iluwatar/module/App.java,com.iluwatar.module.App,3,4,1,13,0,0.5,0.5,4,4,4,0,0,0,4,0,0,0,4,4,2,2,0,0,2,0,5,25,0,0,0,0,0,2,0,4,0,4,0,0,0,0,80,1,0,java-design-patterns,AppTest,0.0,0.0,0.0,0.0,1.0,0.0,0.0,0.0,0.0,0.0,0.0,1.0,0.0,0.0,0.0,0.0,0.0,0.0,0.0,0.0,0.0
/home/luana-martins/.jnose_projects/java-design-patterns/module/src/main/java/com/iluwatar/module/App.java,com.iluwatar.module.App,3,4,1,13,0,0.5,0.5,4,4,4,0,0,0,4,0,0,0,4,4,2,2,0,0,2,0,5,25,0,0,0,0,0,2,0,4,0,4,0,0,0,0,80,1,0,java-design-patterns,AppTest,0.0,0.0,0.0,0.0,0.0,0.0,0.0,0.0,0.0,0.0,0.0,0.0,0.0,0.0,0.0,0.0,0.0,0.0,0.0,0.0,0.0
/home/luana-martins/.jnose_projects/java-design-patterns/module/src/main/java/com/iluwatar/module/App.java,com.iluwatar.module.App,3,4,1,13,0,0.5,0.5,4,4,4,0,0,0,4,0,0,0,4,4,2,2,0,0,2,0,5,25,0,0,0,0,0,2,0,4,0,4,0,0,0,0,80,1,0,java-design-patterns,AppTest,0.0,0.0,0.0,0.0,0.0,0.0,0.0,0.0,0.0,0.0,0.0,0.0,0.0,0.0,0.0,0.0,0.0,0.0,0.0,0.0,0.0
/home/luana-martins/.jnose_projects/java-design-patterns/module/src/main/java/com/iluwatar/module/App.java,com.iluwatar.module.App,3,4,1,13,0,0.5,0.5,4,4,4,0,0,0,4,0,0,0,4,4,2,2,0,0,2,0,5,25,0,0,0,0,0,2,0,4,0,4,0,0,0,0,80,1,0,java-design-patterns,AppTest,13.0,0.0,0.0,2.0,0.0,0.0,0.0,0.0,0.0,0.0,0.0,0.0,0.0,0.0,0.0,0.0,1.0,2.0,0.0,0.0,0.0
/home/luana-martins/.jnose_projects/java-design-patterns/module/src/main/java/com/iluwatar/module/App.java,com.iluwatar.module.App,3,4,1,13,0,0.5,0.5,4,4,4,0,0,0,4,0,0,0,4,4,2,2,0,0,2,0,5,25,0,0,0,0,0,2,0,4,0,4,0,0,0,0,80,1,0,java-design-patterns,AppTest,0.0,0.0,0.0,0.0,0.0,0.0,0.0,0.0,0.0,0.0,0.0,0.0,0.0,0.0,0.0,0.0,0.0,0.0,0.0,0.0,0.0
/home/luana-martins/.jnose_projects/java-design-patterns/module/src/main/java/com/iluwatar/module/App.java,com.iluwatar.module.App,3,4,1,13,0,0.5,0.5,4,4,4,0,0,0,4,0,0,0,4,4,2,2,0,0,2,0,5,25,0,0,0,0,0,2,0,4,0,4,0,0,0,0,80,1,0,java-design-patterns,AppTest,0.0,0.0,0.0,0.0,0.0,0.0,0.0,0.0,0.0,0.0,0.0,0.0,0.0,0.0,0.0,0.0,0.0,0.0,0.0,0.0,0.0
/home/luana-martins/.jnose_projects/java-design-patterns/module/src/main/java/com/iluwatar/module/App.java,com.iluwatar.module.App,3,4,1,13,0,0.5,0.5,4,4,4,0,0,0,4,0,0,0,4,4,2,2,0,0,2,0,5,25,0,0,0,0,0,2,0,4,0,4,0,0,0,0,80,1,0,java-design-patterns,AppTest,0.0,0.0,0.0,0.0,0.0,0.0,0.0,0.0,0.0,0.0,0.0,0.0,0.0,0.0,0.0,0.0,0.0,0.0,0.0,0.0,0.0
/home/luana-martins/.jnose_projects/java-design-patterns/module/src/main/java/com/iluwatar/module/App.java,com.iluwatar.module.App,3,4,1,13,0,0.5,0.5,4,4,4,0,0,0,4,0,0,0,4,4,2,2,0,0,2,0,5,25,0,0,0,0,0,2,0,4,0,4,0,0,0,0,80,1,0,java-design-patterns,AppTest,0.0,0.0,0.0,0.0,0.0,0.0,0.0,0.0,0.0,0.0,0.0,0.0,0.0,0.0,0.0,0.0,0.0,0.0,0.0,0.0,0.0
/home/luana-martins/.jnose_projects/java-design-patterns/module/src/main/java/com/iluwatar/module/App.java,com.iluwatar.module.App,3,4,1,13,0,0.5,0.5,4,4,4,0,0,0,4,0,0,0,4,4,2,2,0,0,2,0,5,25,0,0,0,0,0,2,0,4,0,4,0,0,0,0,80,1,0,java-design-patterns,AppTest,0.0,0.0,0.0,0.0,0.0,0.0,0.0,0.0,0.0,0.0,0.0,0.0,0.0,0.0,0.0,0.0,0.0,0.0,0.0,0.0,0.0
/home/luana-martins/.jnose_projects/java-design-patterns/module/src/main/java/com/iluwatar/module/App.java,com.iluwatar.module.App,3,4,1,13,0,0.5,0.5,4,4,4,0,0,0,4,0,0,0,4,4,2,2,0,0,2,0,5,25,0,0,0,0,0,2,0,4,0,4,0,0,0,0,80,1,0,java-design-patterns,AppTest,0.0,0.0,0.0,0.0,0.0,0.0,0.0,0.0,0.0,0.0,0.0,0.0,0.0,0.0,0.0,0.0,0.0,0.0,0.0,0.0,0.0
/home/luana-martins/.jnose_projects/java-design-patterns/module/src/main/java/com/iluwatar/module/App.java,com.iluwatar.module.App,3,4,1,13,0,0.5,0.5,4,4,4,0,0,0,4,0,0,0,4,4,2,2,0,0,2,0,5,25,0,0,0,0,0,2,0,4,0,4,0,0,0,0,80,1,0,java-design-patterns,AppTest,0.0,0.0,0.0,0.0,0.0,0.0,0.0,0.0,0.0,0.0,0.0,0.0,0.0,0.0,0.0,0.0,0.0,0.0,0.0,0.0,0.0
/home/luana-martins/.jnose_projects/java-design-patterns/module/src/main/java/com/iluwatar/module/App.java,com.iluwatar.module.App,3,4,1,13,0,0.5,0.5,4,4,4,0,0,0,4,0,0,0,4,4,2,2,0,0,2,0,5,25,0,0,0,0,0,2,0,4,0,4,0,0,0,0,80,1,0,java-design-patterns,AppTest,0.0,0.0,0.0,0.0,0.0,0.0,0.0,0.0,0.0,0.0,0.0,0.0,0.0,0.0,0.0,0.0,0.0,0.0,0.0,0.0,0.0
/home/luana-martins/.jnose_projects/java-design-patterns/module/src/main/java/com/iluwatar/module/App.java,com.iluwatar.module.App,3,4,1,13,0,0.5,0.5,4,4,4,0,0,0,4,0,0,0,4,4,2,2,0,0,2,0,5,25,0,0,0,0,0,2,0,4,0,4,0,0,0,0,80,1,0,java-design-patterns,AppTest,0.0,0.0,0.0,0.0,0.0,0.0,0.0,0.0,0.0,0.0,0.0,0.0,0.0,0.0,0.0,0.0,0.0,0.0,0.0,0.0,0.0
/home/luana-martins/.jnose_projects/java-design-patterns/module/src/main/java/com/iluwatar/module/App.java,com.iluwatar.module.App,3,4,1,13,0,0.5,0.5,4,4,4,0,0,0,4,0,0,0,4,4,2,2,0,0,2,0,5,25,0,0,0,0,0,2,0,4,0,4,0,0,0,0,80,1,0,java-design-patterns,AppTest,0.0,0.0,0.0,0.0,0.0,0.0,0.0,0.0,0.0,0.0,0.0,0.0,0.0,0.0,0.0,0.0,0.0,0.0,0.0,0.0,0.0
/home/luana-martins/.jnose_projects/java-design-patterns/module/src/main/java/com/iluwatar/module/App.java,com.iluwatar.module.App,3,4,1,13,0,0.5,0.5,4,4,4,0,0,0,4,0,0,0,4,4,2,2,0,0,2,0,5,25,0,0,0,0,0,2,0,4,0,4,0,0,0,0,80,1,0,java-design-patterns,AppTest,0.0,0.0,0.0,0.0,0.0,0.0,0.0,0.0,0.0,0.0,0.0,0.0,0.0,0.0,0.0,0.0,0.0,0.0,0.0,0.0,0.0
/home/luana-martins/.jnose_projects/java-design-patterns/module/src/main/java/com/iluwatar/module/App.java,com.iluwatar.module.App,3,4,1,13,0,0.5,0.5,4,4,4,0,0,0,4,0,0,0,4,4,2,2,0,0,2,0,5,25,0,0,0,0,0,2,0,4,0,4,0,0,0,0,80,1,0,java-design-patterns,AppTest,0.0,0.0,0.0,0.0,0.0,0.0,0.0,0.0,0.0,0.0,0.0,0.0,0.0,0.0,0.0,0.0,0.0,0.0,0.0,0.0,0.0
/home/luana-martins/.jnose_projects/java-design-patterns/module/src/main/java/com/iluwatar/module/App.java,com.iluwatar.module.App,3,4,1,13,0,0.5,0.5,4,4,4,0,0,0,4,0,0,0,4,4,2,2,0,0,2,0,5,25,0,0,0,0,0,2,0,4,0,4,0,0,0,0,80,1,0,java-design-patterns,AppTest,0.0,0.0,0.0,0.0,1.0,0.0,0.0,0.0,0.0,0.0,0.0,1.0,0.0,0.0,0.0,0.0,0.0,0.0,0.0,0.0,0.0
/home/luana-martins/.jnose_projects/java-design-patterns/module/src/main/java/com/iluwatar/module/App.java,com.iluwatar.module.App,3,4,1,13,0,0.5,0.5,4,4,4,0,0,0,4,0,0,0,4,4,2,2,0,0,2,0,5,25,0,0,0,0,0,2,0,4,0,4,0,0,0,0,80,1,0,java-design-patterns,AppTest,0.0,0.0,0.0,0.0,0.0,0.0,0.0,0.0,0.0,0.0,0.0,0.0,0.0,0.0,0.0,0.0,0.0,0.0,0.0,0.0,0.0
/home/luana-martins/.jnose_projects/java-design-patterns/module/src/main/java/com/iluwatar/module/App.java,com.iluwatar.module.App,3,4,1,13,0,0.5,0.5,4,4,4,0,0,0,4,0,0,0,4,4,2,2,0,0,2,0,5,25,0,0,0,0,0,2,0,4,0,4,0,0,0,0,80,1,0,java-design-patterns,AppTest,0.0,0.0,0.0,0.0,0.0,0.0,0.0,0.0,0.0,0.0,0.0,0.0,0.0,0.0,0.0,0.0,0.0,0.0,0.0,0.0,0.0
/home/luana-martins/.jnose_projects/java-design-patterns/module/src/main/java/com/iluwatar/module/App.java,com.iluwatar.module.App,3,4,1,13,0,0.5,0.5,4,4,4,0,0,0,4,0,0,0,4,4,2,2,0,0,2,0,5,25,0,0,0,0,0,2,0,4,0,4,0,0,0,0,80,1,0,java-design-patterns,AppTest,0.0,0.0,0.0,0.0,0.0,0.0,0.0,0.0,0.0,0.0,0.0,0.0,0.0,0.0,0.0,0.0,0.0,0.0,0.0,0.0,0.0
/home/luana-martins/.jnose_projects/java-design-patterns/module/src/main/java/com/iluwatar/module/App.java,com.iluwatar.module.App,3,4,1,13,0,0.5,0.5,4,4,4,0,0,0,4,0,0,0,4,4,2,2,0,0,2,0,5,25,0,0,0,0,0,2,0,4,0,4,0,0,0,0,80,1,0,java-design-patterns,AppTest,0.0,0.0,0.0,0.0,0.0,0.0,0.0,0.0,0.0,0.0,0.0,0.0,0.0,0.0,0.0,0.0,0.0,0.0,0.0,0.0,0.0
/home/luana-martins/.jnose_projects/java-design-patterns/module/src/main/java/com/iluwatar/module/App.java,com.iluwatar.module.App,3,4,1,13,0,0.5,0.5,4,4,4,0,0,0,4,0,0,0,4,4,2,2,0,0,2,0,5,25,0,0,0,0,0,2,0,4,0,4,0,0,0,0,80,1,0,java-design-patterns,AppTest,0.0,0.0,0.0,0.0,0.0,0.0,0.0,0.0,0.0,0.0,0.0,0.0,0.0,0.0,0.0,0.0,0.0,0.0,0.0,0.0,0.0
/home/luana-martins/.jnose_projects/java-design-patterns/module/src/main/java/com/iluwatar/module/App.java,com.iluwatar.module.App,3,4,1,13,0,0.5,0.5,4,4,4,0,0,0,4,0,0,0,4,4,2,2,0,0,2,0,5,25,0,0,0,0,0,2,0,4,0,4,0,0,0,0,80,1,0,java-design-patterns,AppTest,6.0,0.0,0.0,0.0,0.0,0.0,0.0,0.0,0.0,0.0,0.0,4.0,0.0,0.0,0.0,0.0,0.0,0.0,0.0,0.0,0.0
/home/luana-martins/.jnose_projects/java-design-patterns/module/src/main/java/com/iluwatar/module/App.java,com.iluwatar.module.App,3,4,1,13,0,0.5,0.5,4,4,4,0,0,0,4,0,0,0,4,4,2,2,0,0,2,0,5,25,0,0,0,0,0,2,0,4,0,4,0,0,0,0,80,1,0,java-design-patterns,AppTest,0.0,0.0,0.0,0.0,1.0,0.0,0.0,0.0,0.0,0.0,0.0,1.0,0.0,0.0,0.0,0.0,0.0,0.0,0.0,0.0,0.0
/home/luana-martins/.jnose_projects/java-design-patterns/module/src/main/java/com/iluwatar/module/App.java,com.iluwatar.module.App,3,4,1,13,0,0.5,0.5,4,4,4,0,0,0,4,0,0,0,4,4,2,2,0,0,2,0,5,25,0,0,0,0,0,2,0,4,0,4,0,0,0,0,80,1,0,java-design-patterns,AppTest,0.0,0.0,0.0,0.0,0.0,0.0,0.0,0.0,0.0,0.0,0.0,0.0,0.0,0.0,0.0,0.0,0.0,0.0,0.0,0.0,0.0
/home/luana-martins/.jnose_projects/java-design-patterns/module/src/main/java/com/iluwatar/module/App.java,com.iluwatar.module.App,3,4,1,13,0,0.5,0.5,4,4,4,0,0,0,4,0,0,0,4,4,2,2,0,0,2,0,5,25,0,0,0,0,0,2,0,4,0,4,0,0,0,0,80,1,0,java-design-patterns,AppTest,0.0,0.0,0.0,0.0,0.0,0.0,0.0,0.0,0.0,0.0,0.0,0.0,0.0,0.0,0.0,0.0,0.0,0.0,0.0,0.0,0.0
/home/luana-martins/.jnose_projects/java-design-patterns/module/src/main/java/com/iluwatar/module/App.java,com.iluwatar.module.App,3,4,1,13,0,0.5,0.5,4,4,4,0,0,0,4,0,0,0,4,4,2,2,0,0,2,0,5,25,0,0,0,0,0,2,0,4,0,4,0,0,0,0,80,1,0,java-design-patterns,AppTest,0.0,0.0,0.0,0.0,0.0,0.0,0.0,0.0,0.0,0.0,0.0,0.0,0.0,0.0,0.0,0.0,0.0,0.0,0.0,0.0,0.0
/home/luana-martins/.jnose_projects/java-design-patterns/module/src/main/java/com/iluwatar/module/App.java,com.iluwatar.module.App,3,4,1,13,0,0.5,0.5,4,4,4,0,0,0,4,0,0,0,4,4,2,2,0,0,2,0,5,25,0,0,0,0,0,2,0,4,0,4,0,0,0,0,80,1,0,java-design-patterns,AppTest,0.0,0.0,0.0,0.0,0.0,0.0,0.0,0.0,0.0,0.0,0.0,0.0,0.0,0.0,0.0,0.0,0.0,0.0,0.0,0.0,0.0
/home/luana-martins/.jnose_projects/java-design-patterns/module/src/main/java/com/iluwatar/module/App.java,com.iluwatar.module.App,3,4,1,13,0,0.5,0.5,4,4,4,0,0,0,4,0,0,0,4,4,2,2,0,0,2,0,5,25,0,0,0,0,0,2,0,4,0,4,0,0,0,0,80,1,0,java-design-patterns,AppTest,0.0,0.0,0.0,0.0,0.0,0.0,0.0,0.0,0.0,0.0,0.0,0.0,0.0,0.0,0.0,0.0,0.0,0.0,0.0,0.0,0.0
/home/luana-martins/.jnose_projects/java-design-patterns/module/src/main/java/com/iluwatar/module/App.java,com.iluwatar.module.App,3,4,1,13,0,0.5,0.5,4,4,4,0,0,0,4,0,0,0,4,4,2,2,0,0,2,0,5,25,0,0,0,0,0,2,0,4,0,4,0,0,0,0,80,1,0,java-design-patterns,AppTest,0.0,0.0,0.0,0.0,0.0,0.0,0.0,0.0,0.0,0.0,0.0,0.0,0.0,0.0,0.0,0.0,0.0,0.0,0.0,0.0,0.0
/home/luana-martins/.jnose_projects/java-design-patterns/module/src/main/java/com/iluwatar/module/App.java,com.iluwatar.module.App,3,4,1,13,0,0.5,0.5,4,4,4,0,0,0,4,0,0,0,4,4,2,2,0,0,2,0,5,25,0,0,0,0,0,2,0,4,0,4,0,0,0,0,80,1,0,java-design-patterns,AppTest,0.0,0.0,0.0,0.0,0.0,0.0,0.0,0.0,0.0,0.0,0.0,0.0,0.0,0.0,0.0,0.0,0.0,0.0,0.0,0.0,0.0
/home/luana-martins/.jnose_projects/java-design-patterns/module/src/main/java/com/iluwatar/module/App.java,com.iluwatar.module.App,3,4,1,13,0,0.5,0.5,4,4,4,0,0,0,4,0,0,0,4,4,2,2,0,0,2,0,5,25,0,0,0,0,0,2,0,4,0,4,0,0,0,0,80,1,0,java-design-patterns,AppTest,0.0,0.0,0.0,0.0,0.0,0.0,0.0,0.0,0.0,0.0,0.0,0.0,0.0,0.0,0.0,0.0,0.0,0.0,0.0,0.0,0.0
/home/luana-martins/.jnose_projects/java-design-patterns/module/src/main/java/com/iluwatar/module/App.java,com.iluwatar.module.App,3,4,1,13,0,0.5,0.5,4,4,4,0,0,0,4,0,0,0,4,4,2,2,0,0,2,0,5,25,0,0,0,0,0,2,0,4,0,4,0,0,0,0,80,1,0,java-design-patterns,AppTest,0.0,0.0,0.0,0.0,0.0,0.0,0.0,0.0,0.0,0.0,0.0,0.0,0.0,0.0,0.0,0.0,0.0,0.0,0.0,0.0,0.0
/home/luana-martins/.jnose_projects/java-design-patterns/module/src/main/java/com/iluwatar/module/App.java,com.iluwatar.module.App,3,4,1,13,0,0.5,0.5,4,4,4,0,0,0,4,0,0,0,4,4,2,2,0,0,2,0,5,25,0,0,0,0,0,2,0,4,0,4,0,0,0,0,80,1,0,java-design-patterns,AppTest,0.0,0.0,0.0,0.0,0.0,0.0,0.0,0.0,0.0,0.0,0.0,0.0,0.0,0.0,0.0,0.0,0.0,0.0,0.0,0.0,0.0
/home/luana-martins/.jnose_projects/java-design-patterns/module/src/main/java/com/iluwatar/module/App.java,com.iluwatar.module.App,3,4,1,13,0,0.5,0.5,4,4,4,0,0,0,4,0,0,0,4,4,2,2,0,0,2,0,5,25,0,0,0,0,0,2,0,4,0,4,0,0,0,0,80,1,0,java-design-patterns,AppTest,0.0,0.0,0.0,0.0,0.0,0.0,0.0,0.0,0.0,0.0,0.0,0.0,0.0,0.0,0.0,0.0,0.0,0.0,0.0,0.0,0.0
/home/luana-martins/.jnose_projects/java-design-patterns/module/src/main/java/com/iluwatar/module/App.java,com.iluwatar.module.App,3,4,1,13,0,0.5,0.5,4,4,4,0,0,0,4,0,0,0,4,4,2,2,0,0,2,0,5,25,0,0,0,0,0,2,0,4,0,4,0,0,0,0,80,1,0,java-design-patterns,AppTest,0.0,0.0,0.0,0.0,0.0,0.0,0.0,0.0,0.0,0.0,0.0,0.0,0.0,0.0,0.0,0.0,0.0,0.0,0.0,0.0,0.0
/home/luana-martins/.jnose_projects/java-design-patterns/module/src/main/java/com/iluwatar/module/App.java,com.iluwatar.module.App,3,4,1,13,0,0.5,0.5,4,4,4,0,0,0,4,0,0,0,4,4,2,2,0,0,2,0,5,25,0,0,0,0,0,2,0,4,0,4,0,0,0,0,80,1,0,java-design-patterns,AppTest,0.0,0.0,0.0,0.0,0.0,0.0,0.0,0.0,0.0,0.0,0.0,0.0,0.0,0.0,0.0,0.0,0.0,0.0,0.0,0.0,0.0
/home/luana-martins/.jnose_projects/java-design-patterns/module/src/main/java/com/iluwatar/module/App.java,com.iluwatar.module.App,3,4,1,13,0,0.5,0.5,4,4,4,0,0,0,4,0,0,0,4,4,2,2,0,0,2,0,5,25,0,0,0,0,0,2,0,4,0,4,0,0,0,0,80,1,0,java-design-patterns,AppTest,0.0,0.0,0.0,0.0,0.0,0.0,0.0,0.0,0.0,0.0,0.0,0.0,0.0,0.0,0.0,0.0,0.0,0.0,0.0,0.0,0.0
/home/luana-martins/.jnose_projects/java-design-patterns/module/src/main/java/com/iluwatar/module/App.java,com.iluwatar.module.App,3,4,1,13,0,0.5,0.5,4,4,4,0,0,0,4,0,0,0,4,4,2,2,0,0,2,0,5,25,0,0,0,0,0,2,0,4,0,4,0,0,0,0,80,1,0,java-design-patterns,AppTest,0.0,0.0,0.0,0.0,0.0,0.0,0.0,0.0,0.0,0.0,0.0,0.0,0.0,0.0,0.0,0.0,0.0,0.0,0.0,0.0,0.0
/home/luana-martins/.jnose_projects/java-design-patterns/module/src/main/java/com/iluwatar/module/App.java,com.iluwatar.module.App,3,4,1,13,0,0.5,0.5,4,4,4,0,0,0,4,0,0,0,4,4,2,2,0,0,2,0,5,25,0,0,0,0,0,2,0,4,0,4,0,0,0,0,80,1,0,java-design-patterns,AppTest,0.0,0.0,0.0,0.0,0.0,0.0,0.0,0.0,0.0,0.0,0.0,0.0,0.0,0.0,0.0,0.0,0.0,0.0,0.0,0.0,0.0
/home/luana-martins/.jnose_projects/java-design-patterns/module/src/main/java/com/iluwatar/module/App.java,com.iluwatar.module.App,3,4,1,13,0,0.5,0.5,4,4,4,0,0,0,4,0,0,0,4,4,2,2,0,0,2,0,5,25,0,0,0,0,0,2,0,4,0,4,0,0,0,0,80,1,0,java-design-patterns,AppTest,0.0,0.0,0.0,0.0,0.0,0.0,0.0,0.0,0.0,0.0,0.0,0.0,0.0,0.0,0.0,0.0,0.0,0.0,0.0,0.0,0.0
/home/luana-martins/.jnose_projects/java-design-patterns/module/src/main/java/com/iluwatar/module/App.java,com.iluwatar.module.App,3,4,1,13,0,0.5,0.5,4,4,4,0,0,0,4,0,0,0,4,4,2,2,0,0,2,0,5,25,0,0,0,0,0,2,0,4,0,4,0,0,0,0,80,1,0,java-design-patterns,AppTest,0.0,0.0,0.0,0.0,0.0,0.0,0.0,0.0,0.0,0.0,0.0,0.0,0.0,0.0,0.0,0.0,0.0,0.0,0.0,0.0,0.0
/home/luana-martins/.jnose_projects/java-design-patterns/module/src/main/java/com/iluwatar/module/App.java,com.iluwatar.module.App,3,4,1,13,0,0.5,0.5,4,4,4,0,0,0,4,0,0,0,4,4,2,2,0,0,2,0,5,25,0,0,0,0,0,2,0,4,0,4,0,0,0,0,80,1,0,java-design-patterns,AppTest,0.0,0.0,0.0,0.0,0.0,0.0,0.0,0.0,0.0,0.0,0.0,0.0,0.0,0.0,0.0,0.0,0.0,0.0,0.0,0.0,0.0
/home/luana-martins/.jnose_projects/java-design-patterns/module/src/main/java/com/iluwatar/module/App.java,com.iluwatar.module.App,3,4,1,13,0,0.5,0.5,4,4,4,0,0,0,4,0,0,0,4,4,2,2,0,0,2,0,5,25,0,0,0,0,0,2,0,4,0,4,0,0,0,0,80,1,0,java-design-patterns,AppTest,0.0,0.0,0.0,0.0,0.0,0.0,0.0,0.0,0.0,0.0,0.0,0.0,0.0,0.0,0.0,0.0,0.0,0.0,0.0,0.0,0.0
/home/luana-martins/.jnose_projects/java-design-patterns/module/src/main/java/com/iluwatar/module/App.java,com.iluwatar.module.App,3,4,1,13,0,0.5,0.5,4,4,4,0,0,0,4,0,0,0,4,4,2,2,0,0,2,0,5,25,0,0,0,0,0,2,0,4,0,4,0,0,0,0,80,1,0,java-design-patterns,AppTest,0.0,0.0,0.0,0.0,0.0,0.0,0.0,0.0,0.0,0.0,0.0,0.0,0.0,0.0,0.0,0.0,0.0,0.0,0.0,0.0,0.0
/home/luana-martins/.jnose_projects/java-design-patterns/module/src/main/java/com/iluwatar/module/App.java,com.iluwatar.module.App,3,4,1,13,0,0.5,0.5,4,4,4,0,0,0,4,0,0,0,4,4,2,2,0,0,2,0,5,25,0,0,0,0,0,2,0,4,0,4,0,0,0,0,80,1,0,java-design-patterns,AppTest,0.0,0.0,0.0,0.0,0.0,0.0,0.0,0.0,0.0,0.0,0.0,0.0,0.0,0.0,0.0,0.0,0.0,0.0,0.0,0.0,0.0
/home/luana-martins/.jnose_projects/java-design-patterns/module/src/main/java/com/iluwatar/module/App.java,com.iluwatar.module.App,3,4,1,13,0,0.5,0.5,4,4,4,0,0,0,4,0,0,0,4,4,2,2,0,0,2,0,5,25,0,0,0,0,0,2,0,4,0,4,0,0,0,0,80,1,0,java-design-patterns,AppTest,0.0,0.0,0.0,0.0,0.0,0.0,0.0,0.0,0.0,0.0,0.0,0.0,0.0,0.0,0.0,0.0,0.0,0.0,0.0,0.0,0.0
/home/luana-martins/.jnose_projects/java-design-patterns/module/src/main/java/com/iluwatar/module/App.java,com.iluwatar.module.App,3,4,1,13,0,0.5,0.5,4,4,4,0,0,0,4,0,0,0,4,4,2,2,0,0,2,0,5,25,0,0,0,0,0,2,0,4,0,4,0,0,0,0,80,1,0,java-design-patterns,AppTest,0.0,0.0,0.0,0.0,0.0,0.0,0.0,0.0,0.0,0.0,0.0,0.0,0.0,0.0,0.0,0.0,0.0,0.0,0.0,0.0,0.0
/home/luana-martins/.jnose_projects/java-design-patterns/module/src/main/java/com/iluwatar/module/App.java,com.iluwatar.module.App,3,4,1,13,0,0.5,0.5,4,4,4,0,0,0,4,0,0,0,4,4,2,2,0,0,2,0,5,25,0,0,0,0,0,2,0,4,0,4,0,0,0,0,80,1,0,java-design-patterns,AppTest,0.0,0.0,0.0,0.0,0.0,0.0,0.0,0.0,0.0,0.0,0.0,0.0,0.0,0.0,0.0,0.0,0.0,0.0,0.0,0.0,0.0
/home/luana-martins/.jnose_projects/java-design-patterns/module/src/main/java/com/iluwatar/module/App.java,com.iluwatar.module.App,3,4,1,13,0,0.5,0.5,4,4,4,0,0,0,4,0,0,0,4,4,2,2,0,0,2,0,5,25,0,0,0,0,0,2,0,4,0,4,0,0,0,0,80,1,0,java-design-patterns,AppTest,0.0,0.0,0.0,0.0,0.0,0.0,0.0,0.0,0.0,0.0,0.0,0.0,0.0,0.0,0.0,0.0,0.0,0.0,0.0,0.0,0.0
/home/luana-martins/.jnose_projects/java-design-patterns/module/src/main/java/com/iluwatar/module/App.java,com.iluwatar.module.App,3,4,1,13,0,0.5,0.5,4,4,4,0,0,0,4,0,0,0,4,4,2,2,0,0,2,0,5,25,0,0,0,0,0,2,0,4,0,4,0,0,0,0,80,1,0,java-design-patterns,AppTest,0.0,0.0,0.0,0.0,0.0,0.0,0.0,0.0,0.0,0.0,0.0,0.0,0.0,0.0,0.0,0.0,0.0,0.0,0.0,0.0,0.0
/home/luana-martins/.jnose_projects/java-design-patterns/module/src/main/java/com/iluwatar/module/App.java,com.iluwatar.module.App,3,4,1,13,0,0.5,0.5,4,4,4,0,0,0,4,0,0,0,4,4,2,2,0,0,2,0,5,25,0,0,0,0,0,2,0,4,0,4,0,0,0,0,80,1,0,java-design-patterns,AppTest,0.0,0.0,0.0,0.0,0.0,0.0,0.0,0.0,0.0,0.0,0.0,0.0,0.0,0.0,0.0,0.0,0.0,0.0,0.0,0.0,0.0
/home/luana-martins/.jnose_projects/java-design-patterns/module/src/main/java/com/iluwatar/module/App.java,com.iluwatar.module.App,3,4,1,13,0,0.5,0.5,4,4,4,0,0,0,4,0,0,0,4,4,2,2,0,0,2,0,5,25,0,0,0,0,0,2,0,4,0,4,0,0,0,0,80,1,0,java-design-patterns,AppTest,0.0,0.0,0.0,0.0,0.0,0.0,0.0,0.0,0.0,0.0,0.0,0.0,0.0,0.0,0.0,0.0,0.0,0.0,0.0,0.0,0.0
/home/luana-martins/.jnose_projects/java-design-patterns/module/src/main/java/com/iluwatar/module/App.java,com.iluwatar.module.App,3,4,1,13,0,0.5,0.5,4,4,4,0,0,0,4,0,0,0,4,4,2,2,0,0,2,0,5,25,0,0,0,0,0,2,0,4,0,4,0,0,0,0,80,1,0,java-design-patterns,AppTest,0.0,0.0,0.0,0.0,0.0,0.0,0.0,0.0,0.0,0.0,0.0,0.0,0.0,0.0,0.0,0.0,0.0,0.0,0.0,0.0,0.0
/home/luana-martins/.jnose_projects/java-design-patterns/module/src/main/java/com/iluwatar/module/App.java,com.iluwatar.module.App,3,4,1,13,0,0.5,0.5,4,4,4,0,0,0,4,0,0,0,4,4,2,2,0,0,2,0,5,25,0,0,0,0,0,2,0,4,0,4,0,0,0,0,80,1,0,java-design-patterns,AppTest,0.0,0.0,0.0,0.0,0.0,0.0,0.0,0.0,0.0,0.0,0.0,0.0,0.0,0.0,0.0,0.0,0.0,0.0,0.0,0.0,0.0
/home/luana-martins/.jnose_projects/java-design-patterns/module/src/main/java/com/iluwatar/module/App.java,com.iluwatar.module.App,3,4,1,13,0,0.5,0.5,4,4,4,0,0,0,4,0,0,0,4,4,2,2,0,0,2,0,5,25,0,0,0,0,0,2,0,4,0,4,0,0,0,0,80,1,0,java-design-patterns,AppTest,0.0,0.0,0.0,0.0,0.0,0.0,0.0,0.0,0.0,0.0,0.0,0.0,0.0,0.0,0.0,0.0,0.0,0.0,0.0,0.0,0.0
/home/luana-martins/.jnose_projects/java-design-patterns/module/src/main/java/com/iluwatar/module/App.java,com.iluwatar.module.App,3,4,1,13,0,0.5,0.5,4,4,4,0,0,0,4,0,0,0,4,4,2,2,0,0,2,0,5,25,0,0,0,0,0,2,0,4,0,4,0,0,0,0,80,1,0,java-design-patterns,AppTest,0.0,0.0,0.0,0.0,0.0,0.0,0.0,0.0,0.0,0.0,0.0,0.0,0.0,0.0,0.0,0.0,0.0,0.0,0.0,0.0,0.0
