file,class,type,cbo,wmc,dit,rfc,lcom,tcc,lcc,totalMethodsQty,staticMethodsQty,publicMethodsQty,privateMethodsQty,protectedMethodsQty,defaultMethodsQty,visibleMethodsQty,abstractMethodsQty,finalMethodsQty,synchronizedMethodsQty,totalFieldsQty,staticFieldsQty,publicFieldsQty,privateFieldsQty,protectedFieldsQty,defaultFieldsQty,finalFieldsQty,synchronizedFieldsQty,nosi,loc,returnQty,loopQty,comparisonsQty,tryCatchQty,parenthesizedExpsQty,stringLiteralsQty,numbersQty,assignmentsQty,mathOperationsQty,variablesQty,maxNestedBlocksQty,anonymousClassesQty,innerClassesQty,lambdasQty,uniqueWordsQty,modifiers,logStatementsQty
/home/luana-martins/.jnose_projects/okhttp/okhttp-tls/src/test/java/okhttp3/tls/HeldCertificateTest.java,okhttp3.tls.HeldCertificateTest,class,5,25,1,46,103,0.0,0.0,15,0,15,0,0,0,15,0,0,0,1,0,1,0,0,0,0,0,9,169,0,0,0,7,2,224,20,44,25,44,2,0,0,0,423,17,0
/home/luana-martins/.jnose_projects/okhttp/okhttp-tls/src/test/java/okhttp3/tls/HandshakeCertificatesTest.java,okhttp3.tls.HandshakeCertificatesTest,class,9,14,1,59,29,0.0,0.0,10,1,6,4,0,0,6,0,0,0,3,0,1,2,0,0,0,0,13,104,6,0,4,2,0,6,8,32,0,31,3,0,0,4,64,17,0
/home/luana-martins/.jnose_projects/okhttp/okhttp-tls/src/test/java/okhttp3/tls/CertificatesJavaTest.java,okhttp3.tls.CertificatesJavaTest,class,1,1,1,3,0,NaN,NaN,1,0,1,0,0,0,1,0,0,0,0,0,0,0,0,0,0,0,0,7,0,0,0,0,0,12,0,2,1,2,0,0,0,0,33,1,0
/home/luana-martins/.jnose_projects/okhttp/okhttp/src/test/java/okhttp3/OkHttpClientTest.java,okhttp3.OkHttpClientTest$Anonymous1,anonymous,1,7,1,2,6,0.0,0.0,4,0,4,0,0,0,4,0,0,0,0,0,0,0,0,0,0,0,0,17,4,0,3,0,0,0,2,0,0,0,1,0,0,0,15,-1,0
/home/luana-martins/.jnose_projects/okhttp/okhttp/src/test/java/okhttp3/OkHttpClientTest.java,okhttp3.OkHttpClientTest$Anonymous2,anonymous,0,2,1,1,1,0.0,0.0,2,0,2,0,0,0,2,0,0,0,0,0,0,0,0,0,0,0,1,7,1,0,0,0,0,0,0,0,0,0,0,0,0,0,14,-1,0
/home/luana-martins/.jnose_projects/okhttp/okhttp/src/test/java/okhttp3/OkHttpClientTest.java,okhttp3.OkHttpClientTest,class,16,44,1,73,268,0.0,0.0,25,0,25,0,0,0,25,0,0,0,6,3,2,4,0,0,4,0,25,282,0,0,0,19,2,11,20,40,2,44,1,2,0,4,164,17,0
/home/luana-martins/.jnose_projects/okhttp/okhttp/src/test/java/okhttp3/internal/publicsuffix/PublicSuffixListGenerator.java,okhttp3.internal.publicsuffix.PublicSuffixListGenerator,class,8,15,1,32,0,NaN,NaN,2,2,1,1,0,0,1,0,0,0,5,5,0,5,0,0,5,0,2,69,0,4,3,4,0,32,9,24,8,21,3,0,0,0,141,17,0
/home/luana-martins/.jnose_projects/okhttp/okhttp/src/test/java/okhttp3/internal/publicsuffix/PublicSuffixDatabaseTest.java,okhttp3.internal.publicsuffix.PublicSuffixDatabaseTest,class,7,17,1,25,0,0.0,0.0,10,0,9,1,0,0,9,0,0,0,1,0,0,1,0,0,1,0,2,184,2,2,3,2,0,179,0,25,2,23,2,0,0,0,80,17,0
/home/luana-martins/.jnose_projects/okhttp/okhttp/src/test/java/okhttp3/internal/cache2/RelayTest.java,okhttp3.internal.cache2.RelayTest,class,13,16,1,30,0,0.0,0.0,12,0,9,2,0,1,10,0,0,0,4,0,0,3,0,1,0,0,3,164,2,1,3,1,0,36,41,38,0,39,2,0,0,1,76,17,0
/home/luana-martins/.jnose_projects/okhttp/okhttp/src/test/java/okhttp3/internal/cache2/FileOperatorTest.java,okhttp3.internal.cache2.FileOperatorTest,class,11,16,1,22,0,0.0,0.0,13,0,10,3,0,0,10,0,0,0,3,0,1,2,0,0,0,0,0,129,2,0,0,3,0,24,64,26,1,27,1,0,0,0,65,17,0
/home/luana-martins/.jnose_projects/okhttp/okhttp/src/test/java/okhttp3/internal/http/RecordingProxySelector.java,okhttp3.internal.http.RecordingProxySelector,class,0,4,2,8,4,0.0,0.0,4,0,4,0,0,0,4,0,0,0,3,0,3,0,0,0,3,0,0,20,2,0,0,0,0,2,0,4,0,4,0,0,0,0,28,17,0
/home/luana-martins/.jnose_projects/okhttp/okhttp/src/test/java/okhttp3/internal/http/StatusLineTest.java,okhttp3.internal.http.StatusLineTest,class,3,11,1,5,45,0.0,0.0,10,0,9,1,0,0,9,0,0,0,0,0,0,0,0,0,0,0,0,79,0,0,0,1,0,42,7,11,3,11,1,0,0,0,50,17,0
/home/luana-martins/.jnose_projects/okhttp/okhttp/src/test/java/okhttp3/internal/http/ExternalHttp2Example.java,okhttp3.internal.http.ExternalHttp2Example,class,4,2,1,16,0,NaN,NaN,1,1,1,0,0,0,1,0,0,0,0,0,0,0,0,0,0,0,0,19,0,1,1,1,1,2,0,4,1,4,2,0,0,0,19,17,0
/home/luana-martins/.jnose_projects/okhttp/okhttp/src/test/java/okhttp3/internal/http/ThreadInterruptTest.java,okhttp3.internal.http.ThreadInterruptTest$Anonymous3,anonymous,4,3,1,4,1,0.0,0.0,2,0,2,0,0,0,2,0,0,0,0,0,0,0,0,0,0,0,0,13,1,1,0,0,0,1,4,1,0,1,1,0,0,0,18,-1,0
/home/luana-martins/.jnose_projects/okhttp/okhttp/src/test/java/okhttp3/internal/http/ThreadInterruptTest.java,okhttp3.internal.http.ThreadInterruptTest$Anonymous2,anonymous,0,1,1,2,0,NaN,NaN,1,0,0,0,1,0,1,0,0,0,0,0,0,0,0,0,0,0,0,7,1,0,0,0,0,0,0,0,0,0,0,0,0,0,17,-1,0
/home/luana-martins/.jnose_projects/okhttp/okhttp/src/test/java/okhttp3/internal/http/ThreadInterruptTest.java,okhttp3.internal.http.ThreadInterruptTest$Anonymous1,anonymous,0,1,1,1,0,NaN,NaN,1,0,0,0,1,0,1,0,0,0,0,0,0,0,0,0,0,0,0,6,1,0,0,0,0,0,0,0,0,0,0,0,0,0,18,-1,0
/home/luana-martins/.jnose_projects/okhttp/okhttp/src/test/java/okhttp3/internal/http/ThreadInterruptTest.java,okhttp3.internal.http.ThreadInterruptTest,class,19,10,1,27,9,0.0,0.0,6,0,4,2,0,0,4,0,0,0,5,1,2,3,0,0,3,0,6,88,0,1,1,3,0,5,12,13,3,13,2,3,0,1,62,17,0
/home/luana-martins/.jnose_projects/okhttp/okhttp/src/test/java/okhttp3/internal/ws/WebSocketHttpTest.java,okhttp3.internal.ws.WebSocketHttpTest$Anonymous6,anonymous,4,1,1,6,0,NaN,NaN,1,0,1,0,0,0,1,0,0,0,0,0,0,0,0,0,0,0,0,5,1,0,0,0,0,2,0,0,0,0,0,0,0,0,8,-1,0
/home/luana-martins/.jnose_projects/okhttp/okhttp/src/test/java/okhttp3/internal/ws/WebSocketHttpTest.java,okhttp3.internal.ws.WebSocketHttpTest,class,28,67,1,102,0,0.0,0.0,60,0,52,8,0,0,52,0,0,0,9,0,0,6,0,3,4,0,17,575,6,3,0,3,1,144,109,103,10,96,2,7,0,3,284,17,0
/home/luana-martins/.jnose_projects/okhttp/okhttp/src/test/java/okhttp3/internal/ws/WebSocketHttpTest.java,okhttp3.internal.ws.WebSocketHttpTest$Anonymous5,anonymous,1,1,1,1,0,NaN,NaN,1,0,1,0,0,0,1,0,0,0,0,0,0,0,0,0,0,0,0,5,0,0,0,0,0,0,1,0,0,0,0,0,0,0,5,-1,0
/home/luana-martins/.jnose_projects/okhttp/okhttp/src/test/java/okhttp3/internal/ws/WebSocketHttpTest.java,okhttp3.internal.ws.WebSocketHttpTest$Anonymous7,anonymous,2,2,1,1,0,NaN,NaN,1,0,1,0,0,0,1,0,0,0,0,0,0,0,0,0,0,0,0,10,0,0,0,1,0,0,0,0,0,0,1,0,0,0,11,-1,0
/home/luana-martins/.jnose_projects/okhttp/okhttp/src/test/java/okhttp3/internal/ws/WebSocketHttpTest.java,okhttp3.internal.ws.WebSocketHttpTest$Anonymous2,anonymous,2,1,1,0,0,NaN,NaN,1,0,1,0,0,0,1,0,0,0,0,0,0,0,0,0,0,0,0,5,0,0,0,0,0,0,0,0,0,0,0,0,0,0,8,-1,0
/home/luana-martins/.jnose_projects/okhttp/okhttp/src/test/java/okhttp3/internal/ws/WebSocketHttpTest.java,okhttp3.internal.ws.WebSocketHttpTest$Anonymous1,anonymous,2,1,1,0,0,NaN,NaN,1,0,1,0,0,0,1,0,0,0,0,0,0,0,0,0,0,0,0,5,0,0,0,0,0,0,0,0,0,0,0,0,0,0,7,-1,0
/home/luana-martins/.jnose_projects/okhttp/okhttp/src/test/java/okhttp3/internal/ws/WebSocketHttpTest.java,okhttp3.internal.ws.WebSocketHttpTest$Anonymous4,anonymous,1,1,1,0,0,NaN,NaN,1,0,1,0,0,0,1,0,0,0,0,0,0,0,0,0,0,0,0,5,0,0,0,0,0,0,0,0,0,0,0,0,0,0,6,-1,0
/home/luana-martins/.jnose_projects/okhttp/okhttp/src/test/java/okhttp3/internal/ws/WebSocketHttpTest.java,okhttp3.internal.ws.WebSocketHttpTest$Anonymous3,anonymous,1,1,1,0,0,NaN,NaN,1,0,1,0,0,0,1,0,0,0,0,0,0,0,0,0,0,0,0,5,0,0,0,0,0,0,0,0,0,0,0,0,0,0,6,-1,0
/home/luana-martins/.jnose_projects/okhttp/okhttp/src/test/java/okhttp3/internal/ws/WebSocketWriterTest.java,okhttp3.internal.ws.WebSocketWriterTest,class,8,41,1,26,94,0.0,0.0,33,1,30,3,0,0,30,0,0,0,5,0,1,4,0,0,5,0,5,195,2,2,0,5,0,58,21,18,3,19,1,0,0,1,118,17,0
/home/luana-martins/.jnose_projects/okhttp/okhttp/src/test/java/okhttp3/internal/ws/WebSocketReaderTest.java,okhttp3.internal.ws.WebSocketReaderTest,class,7,67,1,24,0,0.0,0.0,44,0,43,1,0,0,43,0,0,0,7,0,0,3,0,4,7,0,0,377,1,2,0,21,0,105,19,13,1,13,2,0,0,0,109,17,0
/home/luana-martins/.jnose_projects/okhttp/okhttp/src/test/java/okhttp3/internal/ws/RealWebSocketTest.java,okhttp3.internal.ws.RealWebSocketTest,class,10,29,2,36,0,0.0,0.0,28,0,28,0,0,0,28,0,0,0,5,0,0,5,0,0,3,0,9,297,0,0,0,1,0,84,79,21,7,19,1,0,1,0,131,17,0
/home/luana-martins/.jnose_projects/okhttp/okhttp/src/test/java/okhttp3/internal/ws/RealWebSocketTest.java,okhttp3.internal.ws.RealWebSocketTest$TestStreams,innerclass,8,9,2,20,11,0.0,0.0,6,0,6,0,0,0,6,0,0,0,5,0,0,3,0,2,2,0,0,39,2,0,0,0,0,6,2,6,0,7,1,0,0,0,64,10,0
/home/luana-martins/.jnose_projects/okhttp/okhttp/src/test/java/okhttp3/internal/ws/WebSocketRecorder.java,okhttp3.internal.ws.WebSocketRecorder$Failure,innerclass,1,5,1,2,0,0.0,0.0,2,0,1,0,0,1,2,0,0,0,3,0,0,0,0,3,3,0,0,24,2,0,2,1,0,4,0,5,2,4,2,0,0,0,13,24,0
/home/luana-martins/.jnose_projects/okhttp/okhttp/src/test/java/okhttp3/internal/ws/WebSocketRecorder.java,okhttp3.internal.ws.WebSocketRecorder$Anonymous1,anonymous,4,5,1,4,10,0.0,0.0,5,0,5,0,0,0,5,0,0,0,0,0,0,0,0,0,0,0,0,17,0,0,0,0,0,0,0,0,0,0,0,0,0,0,16,-1,0
/home/luana-martins/.jnose_projects/okhttp/okhttp/src/test/java/okhttp3/internal/ws/WebSocketRecorder.java,okhttp3.internal.ws.WebSocketRecorder$Ping,innerclass,2,4,1,2,0,0.0,0.0,4,0,4,0,0,0,4,0,0,0,1,0,1,0,0,0,1,0,0,15,3,0,0,0,1,2,0,1,1,1,0,0,0,0,10,24,0
/home/luana-martins/.jnose_projects/okhttp/okhttp/src/test/java/okhttp3/internal/ws/WebSocketRecorder.java,okhttp3.internal.ws.WebSocketRecorder$Pong,innerclass,2,4,1,2,0,0.0,0.0,4,0,4,0,0,0,4,0,0,0,1,0,1,0,0,0,1,0,0,15,3,0,0,0,1,2,0,1,1,1,0,0,0,0,10,24,0
/home/luana-martins/.jnose_projects/okhttp/okhttp/src/test/java/okhttp3/internal/ws/WebSocketRecorder.java,okhttp3.internal.ws.WebSocketRecorder$Message,innerclass,2,7,1,2,0,0.0,0.0,5,0,5,0,0,0,5,0,0,0,2,0,2,0,0,0,2,0,2,21,3,0,2,0,4,2,0,4,1,2,0,0,0,0,12,24,0
/home/luana-martins/.jnose_projects/okhttp/okhttp/src/test/java/okhttp3/internal/ws/WebSocketRecorder.java,okhttp3.internal.ws.WebSocketRecorder$Closed,innerclass,1,5,1,2,0,0.0,0.0,4,0,3,0,0,1,4,0,0,0,2,0,2,0,0,0,2,0,0,17,3,0,1,0,2,3,1,2,3,2,0,0,0,0,10,24,0
/home/luana-martins/.jnose_projects/okhttp/okhttp/src/test/java/okhttp3/internal/ws/WebSocketRecorder.java,okhttp3.internal.ws.WebSocketRecorder$Open,innerclass,2,2,1,0,0,0.0,0.0,2,0,1,0,0,1,2,0,0,0,2,0,0,0,0,2,2,0,0,11,1,0,0,0,0,2,0,2,1,2,0,0,0,0,8,24,0
/home/luana-martins/.jnose_projects/okhttp/okhttp/src/test/java/okhttp3/internal/ws/WebSocketRecorder.java,okhttp3.internal.ws.WebSocketRecorder$Closing,innerclass,1,5,1,2,0,0.0,0.0,4,0,3,0,0,1,4,0,0,0,2,0,2,0,0,0,2,0,0,17,3,0,1,0,2,3,1,2,3,2,0,0,0,0,10,24,0
/home/luana-martins/.jnose_projects/okhttp/okhttp/src/test/java/okhttp3/internal/ws/WebSocketRecorder.java,okhttp3.internal.ws.WebSocketRecorder,class,16,37,2,19,151,0.0,0.0,22,0,21,1,0,0,21,0,0,0,3,0,0,3,0,0,2,0,0,305,3,0,8,1,6,18,2,32,11,26,2,1,7,0,73,17,0
/home/luana-martins/.jnose_projects/okhttp/okhttp/src/test/java/okhttp3/internal/tls/CertificatePinnerChainValidationTest.java,okhttp3.internal.tls.CertificatePinnerChainValidationTest,class,16,13,1,50,0,0.0,0.0,7,0,6,1,0,0,6,0,0,0,3,0,0,1,0,2,0,0,2,136,1,0,0,3,0,45,37,68,1,68,1,0,0,0,202,17,0
/home/luana-martins/.jnose_projects/okhttp/okhttp/src/test/java/okhttp3/internal/tls/ClientAuthTest.java,okhttp3.internal.tls.ClientAuthTest,class,18,22,1,50,0,0.0,0.0,11,0,9,2,0,0,9,0,0,0,9,0,2,7,0,0,2,0,3,163,2,0,1,5,0,48,15,48,0,45,1,0,0,0,100,17,0
/home/luana-martins/.jnose_projects/okhttp/okhttp/src/test/java/okhttp3/internal/tls/HostnameVerifierTest.java,okhttp3.internal.tls.HostnameVerifierTest,class,8,32,1,34,0,0.0,0.0,26,0,23,3,0,0,23,0,0,0,2,0,1,1,0,0,0,0,2,229,4,0,1,0,3,455,4,33,17,34,1,0,0,1,465,17,0
/home/luana-martins/.jnose_projects/okhttp/okhttp/src/test/java/okhttp3/internal/http2/FrameLogTest.java,okhttp3.internal.http2.FrameLogTest,class,2,7,1,7,15,0.0,0.0,6,0,5,1,0,0,5,0,0,0,0,0,0,0,0,0,0,0,0,36,1,1,0,0,0,82,48,2,0,2,1,0,0,0,71,17,0
/home/luana-martins/.jnose_projects/okhttp/okhttp/src/test/java/okhttp3/internal/http2/BaseTestHandler.java,okhttp3.internal.http2.BaseTestHandler,class,6,11,1,1,55,0.0,0.0,11,0,11,0,0,0,11,0,0,0,0,0,0,0,0,0,0,0,0,35,0,0,0,0,0,0,0,0,0,0,0,0,0,0,42,0,0
/home/luana-martins/.jnose_projects/okhttp/okhttp/src/test/java/okhttp3/internal/http2/SettingsTest.java,okhttp3.internal.http2.SettingsTest,class,2,3,1,14,3,0.0,0.0,3,0,3,0,0,0,3,0,0,0,0,0,0,0,0,0,0,0,0,44,0,0,0,0,0,0,28,4,0,4,0,0,0,0,32,17,0
/home/luana-martins/.jnose_projects/okhttp/okhttp/src/test/java/okhttp3/internal/http2/MockHttp2Peer.java,okhttp3.internal.http2.MockHttp2Peer$InFrame,innerclass,8,20,1,2,0,0.0,0.0,12,0,12,0,0,0,12,0,0,0,16,0,16,0,0,0,2,0,0,86,0,0,8,0,0,0,9,35,0,16,1,0,0,0,61,9,0
/home/luana-martins/.jnose_projects/okhttp/okhttp/src/test/java/okhttp3/internal/http2/MockHttp2Peer.java,okhttp3.internal.http2.MockHttp2Peer$OutFrame,innerclass,0,1,1,0,0,-1.0,-1.0,1,0,0,1,0,0,0,0,0,0,3,0,0,3,0,0,3,0,0,10,0,0,0,0,0,0,0,3,0,3,0,0,0,0,5,10,0
/home/luana-martins/.jnose_projects/okhttp/okhttp/src/test/java/okhttp3/internal/http2/MockHttp2Peer.java,okhttp3.internal.http2.MockHttp2Peer,class,8,27,1,34,24,0.0,0.0,12,0,11,1,0,0,11,0,0,1,11,1,0,11,0,0,5,0,2,218,9,1,8,1,1,6,5,31,6,25,3,0,2,1,105,17,1
/home/luana-martins/.jnose_projects/okhttp/okhttp/src/test/java/okhttp3/internal/http2/Http2Test.java,okhttp3.internal.http2.Http2Test$Anonymous2,anonymous,1,2,1,3,1,0.0,0.0,2,0,2,0,0,0,2,0,0,0,0,0,0,0,0,0,0,0,0,13,0,0,0,0,0,0,3,0,0,0,0,0,0,0,19,-1,0
/home/luana-martins/.jnose_projects/okhttp/okhttp/src/test/java/okhttp3/internal/http2/Http2Test.java,okhttp3.internal.http2.Http2Test$Anonymous1,anonymous,1,1,1,3,0,NaN,NaN,1,0,1,0,0,0,1,0,0,0,0,0,0,0,0,0,0,0,0,8,0,0,0,0,0,0,1,0,0,0,0,0,0,0,14,-1,0
/home/luana-martins/.jnose_projects/okhttp/okhttp/src/test/java/okhttp3/internal/http2/Http2Test.java,okhttp3.internal.http2.Http2Test$Anonymous4,anonymous,1,1,1,2,0,NaN,NaN,1,0,1,0,0,0,1,0,0,0,0,0,0,0,0,0,0,0,0,7,0,0,0,0,0,0,0,0,0,0,0,0,0,0,12,-1,0
/home/luana-martins/.jnose_projects/okhttp/okhttp/src/test/java/okhttp3/internal/http2/Http2Test.java,okhttp3.internal.http2.Http2Test$Anonymous3,anonymous,1,1,1,3,0,NaN,NaN,1,0,1,0,0,0,1,0,0,0,0,0,0,0,0,0,0,0,0,8,0,0,0,0,0,0,1,0,0,0,0,0,0,0,14,-1,0
/home/luana-martins/.jnose_projects/okhttp/okhttp/src/test/java/okhttp3/internal/http2/Http2Test.java,okhttp3.internal.http2.Http2Test$Anonymous9,anonymous,1,1,1,0,0,NaN,NaN,1,0,1,0,0,0,1,0,0,0,0,0,0,0,0,0,0,0,0,4,0,0,0,0,0,0,0,0,0,0,0,0,0,0,2,-1,0
/home/luana-martins/.jnose_projects/okhttp/okhttp/src/test/java/okhttp3/internal/http2/Http2Test.java,okhttp3.internal.http2.Http2Test$Anonymous6,anonymous,1,1,1,2,0,NaN,NaN,1,0,1,0,0,0,1,0,0,0,0,0,0,0,0,0,0,0,0,6,0,0,0,0,0,0,0,0,0,0,0,0,0,0,10,-1,0
/home/luana-martins/.jnose_projects/okhttp/okhttp/src/test/java/okhttp3/internal/http2/Http2Test.java,okhttp3.internal.http2.Http2Test$Anonymous5,anonymous,1,1,1,2,0,NaN,NaN,1,0,1,0,0,0,1,0,0,0,0,0,0,0,0,0,0,0,0,7,0,0,0,0,0,0,0,0,0,0,0,0,0,0,12,-1,0
/home/luana-martins/.jnose_projects/okhttp/okhttp/src/test/java/okhttp3/internal/http2/Http2Test.java,okhttp3.internal.http2.Http2Test$Anonymous8,anonymous,1,1,1,2,0,NaN,NaN,1,0,1,0,0,0,1,0,0,0,0,0,0,0,0,0,0,0,0,5,0,0,0,0,0,0,1,0,0,0,0,0,0,0,2,-1,0
/home/luana-martins/.jnose_projects/okhttp/okhttp/src/test/java/okhttp3/internal/http2/Http2Test.java,okhttp3.internal.http2.Http2Test$Anonymous7,anonymous,1,1,1,5,0,NaN,NaN,1,0,1,0,0,0,1,0,0,0,0,0,0,0,0,0,0,0,0,7,0,0,0,0,0,0,0,0,0,0,0,0,0,0,11,-1,0
/home/luana-martins/.jnose_projects/okhttp/okhttp/src/test/java/okhttp3/internal/http2/Http2Test.java,okhttp3.internal.http2.Http2Test$Anonymous10,anonymous,0,1,1,3,0,NaN,NaN,1,0,1,0,0,0,1,0,0,0,0,0,0,0,0,0,0,0,0,7,0,0,0,0,0,0,0,0,0,0,0,0,0,0,9,-1,0
/home/luana-martins/.jnose_projects/okhttp/okhttp/src/test/java/okhttp3/internal/http2/Http2Test.java,okhttp3.internal.http2.Http2Test$Anonymous11,anonymous,2,2,1,5,0,NaN,NaN,1,0,1,0,0,0,1,0,0,0,0,0,0,0,0,0,0,0,0,11,0,1,0,0,0,0,1,1,0,1,1,0,0,0,18,-1,0
/home/luana-martins/.jnose_projects/okhttp/okhttp/src/test/java/okhttp3/internal/http2/Http2Test.java,okhttp3.internal.http2.Http2Test$Anonymous12,anonymous,0,1,1,2,0,NaN,NaN,1,0,1,0,0,0,1,0,0,0,0,0,0,0,0,0,0,0,0,6,0,0,0,0,0,0,0,0,0,0,0,0,0,0,11,-1,0
/home/luana-martins/.jnose_projects/okhttp/okhttp/src/test/java/okhttp3/internal/http2/Http2Test.java,okhttp3.internal.http2.Http2Test$Anonymous13,anonymous,2,1,1,3,0,NaN,NaN,1,0,1,0,0,0,1,0,0,0,0,0,0,0,0,0,0,0,0,7,0,0,0,0,0,0,1,0,0,0,0,0,0,0,16,-1,0
/home/luana-martins/.jnose_projects/okhttp/okhttp/src/test/java/okhttp3/internal/http2/Http2Test.java,okhttp3.internal.http2.Http2Test$Anonymous14,anonymous,2,1,1,2,0,NaN,NaN,1,0,1,0,0,0,1,0,0,0,0,0,0,0,0,0,0,0,0,7,0,0,0,0,0,0,1,0,0,0,0,0,0,0,16,-1,0
/home/luana-martins/.jnose_projects/okhttp/okhttp/src/test/java/okhttp3/internal/http2/Http2Test.java,okhttp3.internal.http2.Http2Test$Anonymous15,anonymous,1,1,1,4,0,NaN,NaN,1,0,1,0,0,0,1,0,0,0,0,0,0,0,0,0,0,0,0,8,0,0,0,0,0,4,1,0,0,0,0,0,0,0,13,-1,0
/home/luana-martins/.jnose_projects/okhttp/okhttp/src/test/java/okhttp3/internal/http2/Http2Test.java,okhttp3.internal.http2.Http2Test$Anonymous16,anonymous,2,2,1,5,0,NaN,NaN,1,0,1,0,0,0,1,0,0,0,0,0,0,0,0,0,0,0,0,11,0,1,0,0,0,0,2,1,0,1,1,0,0,0,18,-1,0
/home/luana-martins/.jnose_projects/okhttp/okhttp/src/test/java/okhttp3/internal/http2/Http2Test.java,okhttp3.internal.http2.Http2Test,class,17,57,1,50,104,0.0,0.0,44,3,32,12,0,0,32,0,0,0,3,0,0,0,0,3,3,0,45,598,11,1,0,12,5,35,119,60,15,57,1,16,0,0,172,17,0
/home/luana-martins/.jnose_projects/okhttp/okhttp/src/test/java/okhttp3/internal/http2/HpackTest.java,okhttp3.internal.http2.HpackTest,class,12,81,1,45,290,0.0,0.0,72,0,54,18,0,0,54,0,0,0,4,0,0,4,0,0,1,0,9,671,4,2,0,7,0,257,397,49,21,39,1,0,0,0,262,17,0
/home/luana-martins/.jnose_projects/okhttp/okhttp/src/test/java/okhttp3/internal/http2/HttpOverHttp2Test.java,okhttp3.internal.http2.HttpOverHttp2Test$Anonymous3,anonymous,2,3,1,4,3,0.0,0.0,3,0,3,0,0,0,3,0,0,0,0,0,0,0,0,0,0,0,0,13,2,0,0,0,0,1,0,0,0,0,0,0,0,0,17,-1,0
/home/luana-martins/.jnose_projects/okhttp/okhttp/src/test/java/okhttp3/internal/http2/HttpOverHttp2Test.java,okhttp3.internal.http2.HttpOverHttp2Test$Anonymous4,anonymous,2,2,1,2,1,0.0,0.0,2,0,2,0,0,0,2,0,0,0,0,0,0,0,0,0,0,0,0,8,0,0,0,0,0,0,0,0,0,0,0,0,0,0,10,-1,0
/home/luana-martins/.jnose_projects/okhttp/okhttp/src/test/java/okhttp3/internal/http2/HttpOverHttp2Test.java,okhttp3.internal.http2.HttpOverHttp2Test$Anonymous1,anonymous,2,2,1,2,1,0.0,0.0,2,0,2,0,0,0,2,0,0,0,0,0,0,0,0,0,0,0,0,8,1,0,0,0,0,1,0,0,0,0,0,0,0,0,16,-1,0
/home/luana-martins/.jnose_projects/okhttp/okhttp/src/test/java/okhttp3/internal/http2/HttpOverHttp2Test.java,okhttp3.internal.http2.HttpOverHttp2Test$Anonymous2,anonymous,2,3,1,2,3,0.0,0.0,3,0,3,0,0,0,3,0,0,0,0,0,0,0,0,0,0,0,0,11,2,0,0,0,0,1,0,0,0,0,0,0,0,0,17,-1,0
/home/luana-martins/.jnose_projects/okhttp/okhttp/src/test/java/okhttp3/internal/http2/HttpOverHttp2Test.java,okhttp3.internal.http2.HttpOverHttp2Test$Anonymous7,anonymous,2,2,1,4,1,0.0,0.0,2,0,2,0,0,0,2,0,0,0,0,0,0,0,0,0,0,0,0,8,0,0,0,0,0,0,0,0,0,0,0,0,0,0,9,-1,0
/home/luana-martins/.jnose_projects/okhttp/okhttp/src/test/java/okhttp3/internal/http2/HttpOverHttp2Test.java,okhttp3.internal.http2.HttpOverHttp2Test$Anonymous8,anonymous,5,5,1,11,3,0.0,0.0,3,0,3,0,0,0,3,0,0,0,1,0,0,0,0,1,0,0,0,24,2,0,1,1,0,2,1,3,0,4,2,0,0,0,21,-1,0
/home/luana-martins/.jnose_projects/okhttp/okhttp/src/test/java/okhttp3/internal/http2/HttpOverHttp2Test.java,okhttp3.internal.http2.HttpOverHttp2Test$Anonymous5,anonymous,2,2,1,4,1,0.0,0.0,2,0,2,0,0,0,2,0,0,0,0,0,0,0,0,0,0,0,0,8,0,0,0,0,0,0,0,0,0,0,0,0,0,0,10,-1,0
/home/luana-martins/.jnose_projects/okhttp/okhttp/src/test/java/okhttp3/internal/http2/HttpOverHttp2Test.java,okhttp3.internal.http2.HttpOverHttp2Test$Anonymous6,anonymous,5,3,1,12,0,NaN,NaN,1,0,1,0,0,0,1,0,0,0,1,0,0,0,0,1,0,0,0,14,1,1,0,0,0,2,0,4,0,4,2,0,0,0,18,-1,0
/home/luana-martins/.jnose_projects/okhttp/okhttp/src/test/java/okhttp3/internal/http2/HttpOverHttp2Test.java,okhttp3.internal.http2.HttpOverHttp2Test$Anonymous9,anonymous,3,1,1,5,0,NaN,NaN,1,0,1,0,0,0,1,0,0,0,0,0,0,0,0,0,0,0,0,6,1,0,0,0,0,2,0,1,0,1,0,0,0,0,9,-1,0
/home/luana-martins/.jnose_projects/okhttp/okhttp/src/test/java/okhttp3/internal/http2/HttpOverHttp2Test.java,okhttp3.internal.http2.HttpOverHttp2Test$RespondAfterCancelDispatcher,innerclass,3,2,2,4,0,0.0,0.0,2,0,1,0,0,1,2,0,0,1,3,0,0,3,0,0,2,0,0,16,1,0,0,0,0,0,1,4,0,4,0,0,0,0,18,10,0
/home/luana-martins/.jnose_projects/okhttp/okhttp/src/test/java/okhttp3/internal/http2/HttpOverHttp2Test.java,okhttp3.internal.http2.HttpOverHttp2Test,class,49,84,3,150,0,0.0,0.0,64,0,56,8,0,0,56,0,0,0,10,1,4,6,0,0,4,0,26,1041,6,3,3,14,3,304,144,236,7,216,2,12,3,1,407,17,0
/home/luana-martins/.jnose_projects/okhttp/okhttp/src/test/java/okhttp3/internal/http2/HttpOverHttp2Test.java,okhttp3.internal.http2.HttpOverHttp2Test$Anonymous12,anonymous,3,2,1,2,1,0.0,0.0,2,0,2,0,0,0,2,0,0,0,0,0,0,0,0,0,0,0,0,8,1,0,0,0,0,1,0,0,0,0,0,0,0,0,11,-1,0
/home/luana-martins/.jnose_projects/okhttp/okhttp/src/test/java/okhttp3/internal/http2/HttpOverHttp2Test.java,okhttp3.internal.http2.HttpOverHttp2Test$ProtocolParamProvider,innerclass,1,1,2,1,0,NaN,NaN,1,0,1,0,0,0,1,0,0,0,0,0,0,0,0,0,0,0,1,5,1,0,0,0,0,0,0,0,0,0,0,0,0,0,7,9,0
/home/luana-martins/.jnose_projects/okhttp/okhttp/src/test/java/okhttp3/internal/http2/HttpOverHttp2Test.java,okhttp3.internal.http2.HttpOverHttp2Test$AsyncRequest,innerclass,3,3,1,9,0,0.0,0.0,2,0,1,0,0,1,2,0,0,0,2,0,0,0,0,2,0,0,0,19,0,0,0,1,0,1,0,4,0,4,1,0,0,0,18,0,0
/home/luana-martins/.jnose_projects/okhttp/okhttp/src/test/java/okhttp3/internal/http2/HttpOverHttp2Test.java,okhttp3.internal.http2.HttpOverHttp2Test$Anonymous10,anonymous,2,2,1,2,1,0.0,0.0,2,0,2,0,0,0,2,0,0,0,0,0,0,0,0,0,0,0,0,8,0,0,0,0,0,0,0,0,0,0,0,0,0,0,10,-1,0
/home/luana-martins/.jnose_projects/okhttp/okhttp/src/test/java/okhttp3/internal/http2/HttpOverHttp2Test.java,okhttp3.internal.http2.HttpOverHttp2Test$Anonymous11,anonymous,2,3,1,2,0,NaN,NaN,1,0,1,0,0,0,1,0,0,0,1,0,0,0,0,1,0,0,0,13,0,0,1,1,0,0,1,0,0,1,2,0,0,0,11,-1,0
/home/luana-martins/.jnose_projects/okhttp/okhttp/src/test/java/okhttp3/internal/http2/HuffmanTest.java,okhttp3.internal.http2.HuffmanTest,class,5,3,1,14,1,NaN,NaN,2,0,1,1,0,0,1,0,0,0,0,0,0,0,0,0,0,0,0,20,0,1,0,0,0,1,4,6,0,6,1,0,0,0,34,17,0
/home/luana-martins/.jnose_projects/okhttp/okhttp/src/test/java/okhttp3/internal/http2/Http2ConnectionTest.java,okhttp3.internal.http2.Http2ConnectionTest$Anonymous2,anonymous,0,1,1,1,0,NaN,NaN,1,0,0,0,1,0,1,0,0,0,0,0,0,0,0,0,0,0,0,5,0,0,0,0,0,0,0,0,0,0,0,0,0,0,2,-1,0
/home/luana-martins/.jnose_projects/okhttp/okhttp/src/test/java/okhttp3/internal/http2/Http2ConnectionTest.java,okhttp3.internal.http2.Http2ConnectionTest$RecordingPushObserver,innerclass,4,6,1,8,0,0.0,0.0,5,0,5,0,0,0,5,0,0,5,1,0,0,0,0,1,1,0,0,31,4,1,0,0,0,2,3,1,0,1,1,0,0,0,30,10,0
/home/luana-martins/.jnose_projects/okhttp/okhttp/src/test/java/okhttp3/internal/http2/Http2ConnectionTest.java,okhttp3.internal.http2.Http2ConnectionTest$Anonymous1,anonymous,3,2,1,3,1,0.0,0.0,2,0,2,0,0,0,2,0,0,0,0,0,0,0,0,0,0,0,0,9,0,0,0,0,0,0,0,0,0,0,0,0,0,0,12,-1,0
/home/luana-martins/.jnose_projects/okhttp/okhttp/src/test/java/okhttp3/internal/http2/Http2ConnectionTest.java,okhttp3.internal.http2.Http2ConnectionTest$Anonymous3,anonymous,3,4,1,1,6,0.0,0.0,4,0,4,0,0,0,4,0,0,0,0,0,0,0,0,0,0,0,0,14,3,0,0,0,0,0,0,0,0,0,0,0,0,0,18,-1,0
/home/luana-martins/.jnose_projects/okhttp/okhttp/src/test/java/okhttp3/internal/http2/Http2ConnectionTest.java,okhttp3.internal.http2.Http2ConnectionTest,class,26,104,1,109,0,0.0,0.0,70,1,63,6,0,1,64,0,0,0,2,1,0,1,0,1,2,0,22,1546,5,8,1,25,1,308,376,280,14,279,2,3,1,0,367,17,0
/home/luana-martins/.jnose_projects/okhttp/okhttp/src/test/java/okhttp3/internal/connection/RouteSelectorTest.java,okhttp3.internal.connection.RouteSelectorTest,class,19,27,1,46,0,0.0,0.0,20,0,17,3,0,0,17,0,0,0,21,6,3,18,0,0,15,0,11,323,2,0,0,5,0,20,68,89,1,80,1,1,0,0,127,17,0
/home/luana-martins/.jnose_projects/okhttp/okhttp/src/test/java/okhttp3/internal/connection/RouteSelectorTest.java,okhttp3.internal.connection.RouteSelectorTest$Anonymous1,anonymous,0,2,1,3,1,0.0,0.0,2,0,2,0,0,0,2,0,0,0,0,0,0,0,0,0,0,0,0,9,1,0,0,0,0,0,0,0,0,0,0,0,0,0,18,-1,0
/home/luana-martins/.jnose_projects/okhttp/okhttp/src/test/java/okhttp3/internal/connection/RouteExceptionTest.java,okhttp3.internal.connection.RouteExceptionTest,class,2,2,1,9,1,0.0,0.0,2,0,2,0,0,0,2,0,0,0,0,0,0,0,0,0,0,0,0,26,1,0,0,0,0,0,3,7,0,8,1,0,0,1,17,1,0
/home/luana-martins/.jnose_projects/okhttp/okhttp/src/test/java/okhttp3/internal/connection/ConnectionSpecSelectorTest.java,okhttp3.internal.connection.ConnectionSpecSelectorTest,class,6,9,1,21,26,0.0,0.0,8,3,4,4,0,0,4,0,0,0,2,1,1,1,0,0,1,0,9,65,3,1,0,0,0,3,1,23,0,20,1,0,0,0,57,1,0
/home/luana-martins/.jnose_projects/okhttp/okhttp/src/test/java/okhttp3/internal/connection/ConnectionPoolTest.java,okhttp3.internal.connection.ConnectionPoolTest,class,13,14,1,43,25,0.0,0.0,11,0,6,5,0,0,6,0,0,0,7,0,0,7,0,0,7,0,9,132,4,1,1,0,0,5,67,30,1,30,2,0,0,0,106,17,0
/home/luana-martins/.jnose_projects/okhttp/okhttp/src/test/java/okhttp3/internal/RecordingOkAuthenticator.java,okhttp3.internal.RecordingOkAuthenticator,class,6,15,1,12,2,0.0,0.0,5,0,4,1,0,0,4,0,0,0,4,0,4,0,0,0,2,0,0,34,7,1,7,0,0,4,5,5,0,5,2,0,0,0,28,17,0
/home/luana-martins/.jnose_projects/okhttp/okhttp/src/test/java/okhttp3/internal/SocketRecorder.java,okhttp3.internal.SocketRecorder$RecordingOutputStream,innerclass,2,5,2,7,0,0.0,0.0,5,0,4,0,0,1,5,0,0,0,2,0,0,2,0,0,2,0,0,22,0,0,0,0,0,0,0,2,0,2,0,0,0,0,15,24,0
/home/luana-martins/.jnose_projects/okhttp/okhttp/src/test/java/okhttp3/internal/SocketRecorder.java,okhttp3.internal.SocketRecorder$RecordingSSLSocket,innerclass,4,11,4,4,2,0.0,0.0,4,0,3,0,0,1,4,0,0,0,2,0,0,2,0,0,2,0,2,55,4,0,4,3,0,4,0,11,0,7,3,0,0,0,39,24,0
/home/luana-martins/.jnose_projects/okhttp/okhttp/src/test/java/okhttp3/internal/SocketRecorder.java,okhttp3.internal.SocketRecorder$Anonymous1,anonymous,2,1,1,1,0,NaN,NaN,1,0,0,0,1,0,1,0,0,0,0,0,0,0,0,0,0,0,0,7,1,0,0,0,0,0,0,1,0,1,0,0,0,0,11,-1,0
/home/luana-martins/.jnose_projects/okhttp/okhttp/src/test/java/okhttp3/internal/SocketRecorder.java,okhttp3.internal.SocketRecorder$RecordingInputStream,innerclass,2,6,2,6,0,0.0,0.0,4,0,3,0,0,1,4,0,0,0,2,0,0,2,0,0,2,0,0,23,4,0,2,0,0,0,4,4,0,4,1,0,0,0,14,24,0
/home/luana-martins/.jnose_projects/okhttp/okhttp/src/test/java/okhttp3/internal/SocketRecorder.java,okhttp3.internal.SocketRecorder$RecordedSocket,innerclass,3,6,1,3,3,0.0,0.0,6,0,2,0,0,4,6,0,0,6,2,0,0,2,0,0,2,0,0,22,2,0,0,0,0,0,0,2,0,2,0,0,0,0,27,25,0
/home/luana-martins/.jnose_projects/okhttp/okhttp/src/test/java/okhttp3/internal/SocketRecorder.java,okhttp3.internal.SocketRecorder,class,4,2,6,1,1,0.0,0.0,2,0,2,0,0,0,2,0,0,0,1,0,0,1,0,0,1,0,0,138,2,0,0,0,0,0,0,1,0,1,0,1,4,0,31,17,0
/home/luana-martins/.jnose_projects/okhttp/okhttp/src/test/java/okhttp3/internal/DoubleInetAddressDns.java,okhttp3.internal.DoubleInetAddressDns,class,1,1,1,3,0,NaN,NaN,1,0,1,0,0,0,1,0,0,0,0,0,0,0,0,0,0,0,1,6,1,0,0,0,0,0,2,1,0,1,0,0,0,0,33,1,0
/home/luana-martins/.jnose_projects/okhttp/okhttp/src/test/java/okhttp3/internal/platform/Jdk8WithJettyBootPlatformTest.java,okhttp3.internal.platform.Jdk8WithJettyBootPlatformTest,class,3,2,1,9,1,0.0,0.0,2,0,2,0,0,0,2,0,0,0,1,0,1,0,0,0,1,0,2,12,0,0,0,0,0,4,0,1,0,1,0,0,0,0,18,1,0
/home/luana-martins/.jnose_projects/okhttp/okhttp/src/test/java/okhttp3/internal/platform/Jdk9PlatformTest.java,okhttp3.internal.platform.Jdk9PlatformTest,class,5,5,1,10,0,0.0,0.0,4,0,4,0,0,0,4,0,0,0,1,0,1,0,0,0,1,0,0,30,0,0,0,1,0,2,0,2,0,2,1,1,0,0,34,1,0
/home/luana-martins/.jnose_projects/okhttp/okhttp/src/test/java/okhttp3/internal/platform/Jdk9PlatformTest.java,okhttp3.internal.platform.Jdk9PlatformTest$Anonymous1,anonymous,0,1,1,0,0,NaN,NaN,1,0,1,0,0,0,1,0,0,0,0,0,0,0,0,0,0,0,0,5,0,0,0,0,0,1,0,0,0,0,0,0,0,0,6,-1,0
/home/luana-martins/.jnose_projects/okhttp/okhttp/src/test/java/okhttp3/internal/platform/PlatformTest.java,okhttp3.internal.platform.PlatformTest,class,4,5,1,7,10,0.0,0.0,5,1,5,0,0,0,5,0,0,0,1,0,1,0,0,0,0,0,1,19,1,0,0,0,0,4,0,1,0,1,0,0,0,0,28,1,0
/home/luana-martins/.jnose_projects/okhttp/okhttp/src/test/java/okhttp3/internal/RecordingAuthenticator.java,okhttp3.internal.RecordingAuthenticator,class,0,3,2,11,1,0.0,0.0,3,0,2,0,1,0,3,0,0,0,3,1,3,0,0,0,3,0,0,15,1,0,0,0,0,11,0,3,1,3,0,0,0,0,38,17,0
/home/luana-martins/.jnose_projects/okhttp/okhttp/src/test/java/okhttp3/ConnectionReuseTest.java,okhttp3.ConnectionReuseTest,class,18,25,1,47,0,0.0,0.0,21,0,16,5,0,0,16,0,0,0,5,0,2,3,0,0,2,0,2,194,1,3,0,2,0,61,31,49,0,44,1,0,0,1,140,17,0
/home/luana-martins/.jnose_projects/okhttp/okhttp/src/test/java/okhttp3/DuplexTest.java,okhttp3.DuplexTest$Anonymous2,anonymous,3,5,1,5,1,0.0,0.0,2,0,2,0,0,0,2,0,0,0,0,0,0,0,0,0,0,0,1,21,1,1,0,1,0,1,3,1,0,1,2,0,0,0,14,-1,0
/home/luana-martins/.jnose_projects/okhttp/okhttp/src/test/java/okhttp3/DuplexTest.java,okhttp3.DuplexTest$Anonymous1,anonymous,2,2,1,2,0,NaN,NaN,1,0,1,0,0,0,1,0,0,0,0,0,0,0,0,0,0,0,0,11,0,0,0,1,0,0,0,0,0,0,1,0,0,0,10,-1,0
/home/luana-martins/.jnose_projects/okhttp/okhttp/src/test/java/okhttp3/DuplexTest.java,okhttp3.DuplexTest,class,27,21,1,74,0,0.0,0.0,17,0,14,3,0,0,14,0,0,0,6,0,2,4,0,0,1,0,1,278,1,0,0,14,11,144,7,74,0,67,1,2,0,0,185,17,0
/home/luana-martins/.jnose_projects/okhttp/okhttp/src/test/java/okhttp3/MediaTypeTest.java,okhttp3.MediaTypeTest,class,3,24,1,16,253,0.0,0.0,23,0,20,1,2,0,22,0,0,0,0,0,0,0,0,0,0,0,0,154,1,0,0,0,0,127,0,19,0,19,1,0,0,0,103,1,0
/home/luana-martins/.jnose_projects/okhttp/okhttp/src/test/java/okhttp3/URLConnectionTest.java,okhttp3.URLConnectionTest$TransferKind,enum,4,3,1,2,3,0.0,0.0,3,0,0,0,0,3,3,2,0,0,0,0,0,0,0,0,0,0,0,54,0,0,0,0,0,0,0,0,0,0,0,3,0,0,34,0,0
/home/luana-martins/.jnose_projects/okhttp/okhttp/src/test/java/okhttp3/URLConnectionTest.java,okhttp3.URLConnectionTest$ProxyConfig$Anonymous19,anonymous,3,1,1,4,0,NaN,NaN,1,0,1,0,0,0,1,0,0,0,0,0,0,0,0,0,0,0,3,7,1,0,0,0,0,2,0,0,0,0,0,0,0,0,8,-1,0
/home/luana-martins/.jnose_projects/okhttp/okhttp/src/test/java/okhttp3/URLConnectionTest.java,okhttp3.URLConnectionTest,class,55,349,1,218,11444,0.0,0.0,256,0,216,40,0,0,216,0,0,0,8,0,2,5,0,1,2,0,53,2413,9,10,8,59,12,884,202,387,37,328,2,11,6,2,725,17,0
/home/luana-martins/.jnose_projects/okhttp/okhttp/src/test/java/okhttp3/URLConnectionTest.java,okhttp3.URLConnectionTest$ProxyConfig$Anonymous17,anonymous,3,1,1,3,0,NaN,NaN,1,0,1,0,0,0,1,0,0,0,0,0,0,0,0,0,0,0,0,5,1,0,0,0,0,0,0,0,0,0,0,0,0,0,8,-1,0
/home/luana-martins/.jnose_projects/okhttp/okhttp/src/test/java/okhttp3/URLConnectionTest.java,okhttp3.URLConnectionTest$TransferKind$Anonymous12,anonymous,4,2,1,1,1,0.0,0.0,2,0,0,0,0,2,2,0,0,0,0,0,0,0,0,0,0,0,0,19,1,0,0,0,0,0,0,0,0,0,0,1,0,0,10,-1,0
/home/luana-martins/.jnose_projects/okhttp/okhttp/src/test/java/okhttp3/URLConnectionTest.java,okhttp3.URLConnectionTest$Anonymous9,anonymous,3,3,1,1,3,0.0,0.0,3,0,3,0,0,0,3,0,0,0,0,0,0,0,0,0,0,0,0,11,2,0,0,0,0,1,1,0,0,0,0,0,0,0,15,-1,0
/home/luana-martins/.jnose_projects/okhttp/okhttp/src/test/java/okhttp3/URLConnectionTest.java,okhttp3.URLConnectionTest$TransferKind$Anonymous14,anonymous,4,2,1,1,1,0.0,0.0,2,0,0,0,0,2,2,0,0,0,0,0,0,0,0,0,0,0,0,19,1,0,0,0,0,0,0,0,0,0,0,1,0,0,11,-1,0
/home/luana-martins/.jnose_projects/okhttp/okhttp/src/test/java/okhttp3/URLConnectionTest.java,okhttp3.URLConnectionTest$Anonymous10,anonymous,3,3,1,1,3,0.0,0.0,3,0,3,0,0,0,3,0,0,0,0,0,0,0,0,0,0,0,0,11,2,0,0,0,0,1,1,0,0,0,0,0,0,0,15,-1,0
/home/luana-martins/.jnose_projects/okhttp/okhttp/src/test/java/okhttp3/URLConnectionTest.java,okhttp3.URLConnectionTest$ProxyConfig$Anonymous20,anonymous,3,1,1,4,0,NaN,NaN,1,0,1,0,0,0,1,0,0,0,0,0,0,0,0,0,0,0,3,7,1,0,0,0,0,2,0,0,0,0,0,0,0,0,8,-1,0
/home/luana-martins/.jnose_projects/okhttp/okhttp/src/test/java/okhttp3/URLConnectionTest.java,okhttp3.URLConnectionTest$Anonymous1,anonymous,4,8,1,4,3,0.0,0.0,3,0,3,0,0,0,3,0,0,0,0,0,0,0,0,0,0,0,2,22,2,2,3,0,0,0,7,4,2,3,2,0,0,0,20,-1,0
/home/luana-martins/.jnose_projects/okhttp/okhttp/src/test/java/okhttp3/URLConnectionTest.java,okhttp3.URLConnectionTest$TransferKind$Anonymous12$Anonymous13,anonymous,3,3,1,1,3,0.0,0.0,3,0,3,0,0,0,3,0,0,0,0,0,0,0,0,0,0,0,0,11,2,0,0,0,0,0,1,0,0,0,0,0,0,0,16,-1,0
/home/luana-martins/.jnose_projects/okhttp/okhttp/src/test/java/okhttp3/URLConnectionTest.java,okhttp3.URLConnectionTest$TransferKind$Anonymous14$Anonymous15,anonymous,3,3,1,2,3,0.0,0.0,3,0,3,0,0,0,3,0,0,0,0,0,0,0,0,0,0,0,0,11,2,0,0,0,0,0,0,0,0,0,0,0,0,0,14,-1,0
/home/luana-martins/.jnose_projects/okhttp/okhttp/src/test/java/okhttp3/URLConnectionTest.java,okhttp3.URLConnectionTest$Anonymous3,anonymous,0,2,1,2,1,0.0,0.0,2,0,2,0,0,0,2,0,0,0,0,0,0,0,0,0,0,0,1,7,1,0,0,0,0,0,0,0,0,0,0,0,0,0,12,-1,0
/home/luana-martins/.jnose_projects/okhttp/okhttp/src/test/java/okhttp3/URLConnectionTest.java,okhttp3.URLConnectionTest$TransferKind$Anonymous16,anonymous,4,2,1,3,1,0.0,0.0,2,0,0,0,0,2,2,0,0,0,0,0,0,0,0,0,0,0,0,10,0,0,0,0,0,2,0,0,0,0,0,0,0,0,26,-1,0
/home/luana-martins/.jnose_projects/okhttp/okhttp/src/test/java/okhttp3/URLConnectionTest.java,okhttp3.URLConnectionTest$Anonymous5,anonymous,0,1,1,1,0,NaN,NaN,1,0,0,0,1,0,1,0,0,0,0,0,0,0,0,0,0,0,0,6,1,0,0,0,0,0,0,0,0,0,0,0,0,0,18,-1,0
/home/luana-martins/.jnose_projects/okhttp/okhttp/src/test/java/okhttp3/URLConnectionTest.java,okhttp3.URLConnectionTest$Anonymous7,anonymous,4,2,1,1,1,0.0,0.0,2,0,2,0,0,0,2,0,0,0,0,0,0,0,0,0,0,0,0,9,1,0,0,0,0,0,3,1,1,1,0,0,0,0,13,-1,0
/home/luana-martins/.jnose_projects/okhttp/okhttp/src/test/java/okhttp3/URLConnectionTest.java,okhttp3.URLConnectionTest$ProxyConfig$Anonymous18,anonymous,3,1,1,4,0,NaN,NaN,1,0,1,0,0,0,1,0,0,0,0,0,0,0,0,0,0,0,0,5,1,0,0,0,0,0,0,0,0,0,0,0,0,0,8,-1,0
/home/luana-martins/.jnose_projects/okhttp/okhttp/src/test/java/okhttp3/URLConnectionTest.java,okhttp3.URLConnectionTest$LegacyRedirectInterceptor,innerclass,3,6,1,9,0,NaN,NaN,1,0,1,0,0,0,1,0,0,0,0,0,0,0,0,0,0,0,0,12,4,0,3,0,0,5,0,4,0,4,1,0,0,0,62,8,0
/home/luana-martins/.jnose_projects/okhttp/okhttp/src/test/java/okhttp3/URLConnectionTest.java,okhttp3.URLConnectionTest$ProxyConfig,enum,7,2,1,4,1,0.0,0.0,2,0,2,0,0,0,2,1,0,0,0,0,0,0,0,0,0,0,0,37,1,0,0,0,0,0,0,1,0,1,0,5,0,0,29,0,0
/home/luana-martins/.jnose_projects/okhttp/okhttp/src/test/java/okhttp3/URLConnectionTest.java,okhttp3.URLConnectionTest$ProxyConfig$Anonymous21,anonymous,3,1,1,4,0,NaN,NaN,1,0,1,0,0,0,1,0,0,0,0,0,0,0,0,0,0,0,3,7,1,0,0,0,0,2,0,0,0,0,0,0,0,0,8,-1,0
/home/luana-martins/.jnose_projects/okhttp/okhttp/src/test/java/okhttp3/URLConnectionTest.java,okhttp3.URLConnectionTest$WriteKind,enum,0,0,1,0,0,-1.0,-1.0,0,0,0,0,0,0,0,0,0,0,0,0,0,0,0,0,0,0,0,1,0,0,0,0,0,0,0,0,0,0,0,0,0,0,13,0,0
/home/luana-martins/.jnose_projects/okhttp/okhttp/src/test/java/okhttp3/URLConnectionTest.java,okhttp3.URLConnectionTest$Anonymous11,anonymous,4,4,1,2,3,0.0,0.0,3,0,3,0,0,0,3,0,0,0,0,0,0,0,0,0,0,0,1,16,2,1,0,0,0,0,4,4,2,3,1,0,0,0,18,-1,0
/home/luana-martins/.jnose_projects/okhttp/okhttp/src/test/java/okhttp3/URLConnectionTest.java,okhttp3.URLConnectionTest$RecordingTrustManager,innerclass,1,6,1,6,6,0.0,0.0,5,0,3,1,0,1,4,0,0,0,2,0,0,2,0,0,2,0,0,23,2,1,0,0,0,3,0,3,3,3,1,0,0,0,22,10,0
/home/luana-martins/.jnose_projects/okhttp/okhttp/src/test/java/okhttp3/URLConnectionTest.java,okhttp3.URLConnectionTest$Anonymous2,anonymous,0,5,1,0,10,0.0,0.0,5,0,5,0,0,0,5,0,0,0,0,0,0,0,0,0,0,0,0,17,4,0,0,0,0,1,0,0,0,0,0,0,0,0,11,-1,0
/home/luana-martins/.jnose_projects/okhttp/okhttp/src/test/java/okhttp3/URLConnectionTest.java,okhttp3.URLConnectionTest$Anonymous4,anonymous,1,3,1,5,1,0.0,0.0,2,0,2,0,0,0,2,0,0,0,0,0,0,0,0,0,0,0,1,10,1,0,1,0,1,0,0,1,0,1,0,0,0,0,22,-1,0
/home/luana-martins/.jnose_projects/okhttp/okhttp/src/test/java/okhttp3/URLConnectionTest.java,okhttp3.URLConnectionTest$Anonymous6,anonymous,0,1,1,2,0,NaN,NaN,1,0,0,0,1,0,1,0,0,0,0,0,0,0,0,0,0,0,0,7,1,0,0,0,0,0,0,0,0,0,0,0,0,0,17,-1,0
/home/luana-martins/.jnose_projects/okhttp/okhttp/src/test/java/okhttp3/URLConnectionTest.java,okhttp3.URLConnectionTest$1DisconnectingCookieJar,innerclass,3,2,1,3,1,0.0,0.0,2,0,2,0,0,0,2,0,0,0,0,0,0,0,0,0,0,0,1,8,1,0,0,0,0,0,0,0,0,0,0,0,0,0,13,0,0
/home/luana-martins/.jnose_projects/okhttp/okhttp/src/test/java/okhttp3/URLConnectionTest.java,okhttp3.URLConnectionTest$Anonymous8,anonymous,1,1,1,2,0,NaN,NaN,1,0,1,0,0,0,1,0,0,0,0,0,0,0,0,0,0,0,0,6,0,0,0,0,0,0,0,0,0,0,0,0,0,0,8,-1,0
/home/luana-martins/.jnose_projects/okhttp/okhttp/src/test/java/okhttp3/DelegatingSSLSession.java,okhttp3.DelegatingSSLSession,class,1,22,1,21,0,0.0,0.0,22,0,22,0,0,0,22,0,0,0,1,0,0,0,1,0,1,0,0,69,18,0,0,0,0,0,0,1,0,1,0,0,0,0,43,1025,0
/home/luana-martins/.jnose_projects/okhttp/okhttp/src/test/java/okhttp3/ResponseBodyTest.java,okhttp3.ResponseBodyTest$Anonymous5$Anonymous6,anonymous,0,1,1,2,0,NaN,NaN,1,0,1,0,0,0,1,0,0,0,0,0,0,0,0,0,0,0,0,6,0,0,0,0,0,0,0,0,0,0,0,0,0,0,5,-1,0
/home/luana-martins/.jnose_projects/okhttp/okhttp/src/test/java/okhttp3/ResponseBodyTest.java,okhttp3.ResponseBodyTest$Anonymous19$Anonymous20,anonymous,0,1,1,0,0,NaN,NaN,1,0,1,0,0,0,1,0,0,0,0,0,0,0,0,0,0,0,0,5,0,0,0,0,0,1,0,0,0,0,0,0,0,0,4,-1,0
/home/luana-martins/.jnose_projects/okhttp/okhttp/src/test/java/okhttp3/ResponseBodyTest.java,okhttp3.ResponseBodyTest$Anonymous7$Anonymous8,anonymous,0,1,1,2,0,NaN,NaN,1,0,1,0,0,0,1,0,0,0,0,0,0,0,0,0,0,0,0,6,0,0,0,0,0,0,0,0,0,0,0,0,0,0,5,-1,0
/home/luana-martins/.jnose_projects/okhttp/okhttp/src/test/java/okhttp3/ResponseBodyTest.java,okhttp3.ResponseBodyTest$Anonymous11,anonymous,3,3,1,1,3,0.0,0.0,3,0,3,0,0,0,3,0,0,0,0,0,0,0,0,0,0,0,0,11,3,0,0,0,0,1,1,0,0,0,0,0,0,0,9,-1,0
/home/luana-martins/.jnose_projects/okhttp/okhttp/src/test/java/okhttp3/ResponseBodyTest.java,okhttp3.ResponseBodyTest$Anonymous3$Anonymous4,anonymous,0,1,1,2,0,NaN,NaN,1,0,1,0,0,0,1,0,0,0,0,0,0,0,0,0,0,0,0,6,0,0,0,0,0,0,0,0,0,0,0,0,0,0,5,-1,0
/home/luana-martins/.jnose_projects/okhttp/okhttp/src/test/java/okhttp3/ResponseBodyTest.java,okhttp3.ResponseBodyTest,class,8,48,1,29,861,0.0,0.0,42,3,39,0,0,3,42,0,0,0,0,0,0,0,0,0,0,0,38,419,3,1,2,4,7,61,27,58,1,58,1,12,0,0,85,17,0
/home/luana-martins/.jnose_projects/okhttp/okhttp/src/test/java/okhttp3/ResponseBodyTest.java,okhttp3.ResponseBodyTest$Anonymous13$Anonymous14,anonymous,0,1,1,2,0,NaN,NaN,1,0,1,0,0,0,1,0,0,0,0,0,0,0,0,0,0,0,0,6,0,0,0,0,0,0,0,0,0,0,0,0,0,0,5,-1,0
/home/luana-martins/.jnose_projects/okhttp/okhttp/src/test/java/okhttp3/ResponseBodyTest.java,okhttp3.ResponseBodyTest$Anonymous19,anonymous,4,3,1,2,3,0.0,0.0,3,0,3,0,0,0,3,0,0,0,0,0,0,0,0,0,0,0,0,17,3,0,0,0,0,1,1,1,0,1,0,1,0,0,10,-1,0
/home/luana-martins/.jnose_projects/okhttp/okhttp/src/test/java/okhttp3/ResponseBodyTest.java,okhttp3.ResponseBodyTest$Anonymous17,anonymous,4,3,1,2,3,0.0,0.0,3,0,3,0,0,0,3,0,0,0,0,0,0,0,0,0,0,0,0,18,3,0,0,0,0,1,1,1,0,1,0,1,0,0,10,-1,0
/home/luana-martins/.jnose_projects/okhttp/okhttp/src/test/java/okhttp3/ResponseBodyTest.java,okhttp3.ResponseBodyTest$Anonymous1,anonymous,4,3,1,2,3,0.0,0.0,3,0,3,0,0,0,3,0,0,0,0,0,0,0,0,0,0,0,0,18,3,0,0,0,0,1,1,1,0,1,0,1,0,0,10,-1,0
/home/luana-martins/.jnose_projects/okhttp/okhttp/src/test/java/okhttp3/ResponseBodyTest.java,okhttp3.ResponseBodyTest$Anonymous16,anonymous,2,3,1,0,3,0.0,0.0,3,0,3,0,0,0,3,0,0,0,0,0,0,0,0,0,0,0,0,11,2,0,0,0,0,0,1,0,1,0,0,0,0,0,12,-1,0
/home/luana-martins/.jnose_projects/okhttp/okhttp/src/test/java/okhttp3/ResponseBodyTest.java,okhttp3.ResponseBodyTest$Anonymous17$Anonymous18,anonymous,0,1,1,2,0,NaN,NaN,1,0,1,0,0,0,1,0,0,0,0,0,0,0,0,0,0,0,0,6,0,0,0,0,0,0,0,0,0,0,0,0,0,0,5,-1,0
/home/luana-martins/.jnose_projects/okhttp/okhttp/src/test/java/okhttp3/ResponseBodyTest.java,okhttp3.ResponseBodyTest$Anonymous15,anonymous,3,3,1,1,3,0.0,0.0,3,0,3,0,0,0,3,0,0,0,0,0,0,0,0,0,0,0,0,11,3,0,0,0,0,1,1,0,0,0,0,0,0,0,9,-1,0
/home/luana-martins/.jnose_projects/okhttp/okhttp/src/test/java/okhttp3/ResponseBodyTest.java,okhttp3.ResponseBodyTest$Anonymous1$Anonymous2,anonymous,0,1,1,2,0,NaN,NaN,1,0,1,0,0,0,1,0,0,0,0,0,0,0,0,0,0,0,0,6,0,0,0,0,0,0,0,0,0,0,0,0,0,0,5,-1,0
/home/luana-martins/.jnose_projects/okhttp/okhttp/src/test/java/okhttp3/ResponseBodyTest.java,okhttp3.ResponseBodyTest$Anonymous13,anonymous,4,3,1,2,3,0.0,0.0,3,0,3,0,0,0,3,0,0,0,0,0,0,0,0,0,0,0,0,18,3,0,0,0,0,1,1,1,0,1,0,1,0,0,10,-1,0
/home/luana-martins/.jnose_projects/okhttp/okhttp/src/test/java/okhttp3/ResponseBodyTest.java,okhttp3.ResponseBodyTest$Anonymous12,anonymous,2,3,1,0,3,0.0,0.0,3,0,3,0,0,0,3,0,0,0,0,0,0,0,0,0,0,0,0,11,2,0,0,0,0,0,1,0,1,0,0,0,0,0,12,-1,0
/home/luana-martins/.jnose_projects/okhttp/okhttp/src/test/java/okhttp3/ResponseBodyTest.java,okhttp3.ResponseBodyTest$Anonymous9$Anonymous10,anonymous,0,1,1,2,0,NaN,NaN,1,0,1,0,0,0,1,0,0,0,0,0,0,0,0,0,0,0,0,6,0,0,0,0,0,0,0,0,0,0,0,0,0,0,5,-1,0
/home/luana-martins/.jnose_projects/okhttp/okhttp/src/test/java/okhttp3/ResponseBodyTest.java,okhttp3.ResponseBodyTest$Anonymous7,anonymous,4,3,1,2,3,0.0,0.0,3,0,3,0,0,0,3,0,0,0,0,0,0,0,0,0,0,0,0,18,3,0,0,0,0,1,1,1,0,1,0,1,0,0,10,-1,0
/home/luana-martins/.jnose_projects/okhttp/okhttp/src/test/java/okhttp3/ResponseBodyTest.java,okhttp3.ResponseBodyTest$Anonymous9,anonymous,4,3,1,2,3,0.0,0.0,3,0,3,0,0,0,3,0,0,0,0,0,0,0,0,0,0,0,0,18,3,0,0,0,0,1,1,1,0,1,0,1,0,0,10,-1,0
/home/luana-martins/.jnose_projects/okhttp/okhttp/src/test/java/okhttp3/ResponseBodyTest.java,okhttp3.ResponseBodyTest$Anonymous3,anonymous,5,3,1,3,3,0.0,0.0,3,0,3,0,0,0,3,0,0,0,0,0,0,0,0,0,0,0,1,18,3,0,0,0,0,1,1,1,0,1,0,1,0,0,12,-1,0
/home/luana-martins/.jnose_projects/okhttp/okhttp/src/test/java/okhttp3/ResponseBodyTest.java,okhttp3.ResponseBodyTest$Anonymous5,anonymous,5,3,1,3,3,0.0,0.0,3,0,3,0,0,0,3,0,0,0,0,0,0,0,0,0,0,0,1,18,3,0,0,0,0,1,1,1,0,1,0,1,0,0,12,-1,0
/home/luana-martins/.jnose_projects/okhttp/okhttp/src/test/java/okhttp3/DelegatingSocketFactory.java,okhttp3.DelegatingSocketFactory,class,1,7,2,6,0,0.0,0.0,7,0,6,0,1,0,7,0,0,0,1,0,0,1,0,0,1,0,0,29,6,0,0,0,0,0,0,6,0,6,0,0,0,0,25,1,0
/home/luana-martins/.jnose_projects/okhttp/okhttp/src/test/java/okhttp3/DispatcherTest.java,okhttp3.DispatcherTest,class,17,29,1,52,0,0.0,0.0,24,0,21,3,0,0,21,0,0,0,7,0,1,0,0,6,1,0,0,272,4,0,0,5,0,100,37,36,0,36,2,0,0,4,120,17,0
/home/luana-martins/.jnose_projects/okhttp/okhttp/src/test/java/okhttp3/CacheControlTest.java,okhttp3.CacheControlTest,class,3,15,1,26,91,0.0,0.0,14,0,14,0,0,0,14,0,0,0,0,0,0,0,0,0,0,0,0,128,0,0,0,1,1,35,29,22,3,22,1,0,0,0,61,17,0
/home/luana-martins/.jnose_projects/okhttp/okhttp/src/test/java/okhttp3/ConnectionSpecTest.java,okhttp3.ConnectionSpecTest,class,6,30,1,41,78,0.0,0.0,16,0,16,0,0,0,16,0,0,0,1,0,1,0,0,0,1,0,9,191,0,0,3,2,2,12,7,27,2,27,2,0,0,0,62,17,0
/home/luana-martins/.jnose_projects/okhttp/okhttp/src/test/java/okhttp3/CacheTest.java,okhttp3.CacheTest$TransferKind$Anonymous2,anonymous,2,1,1,1,0,NaN,NaN,1,0,0,0,0,1,1,0,0,0,0,0,0,0,0,0,0,0,0,5,0,0,0,0,0,0,0,0,0,0,0,0,0,0,8,-1,0
/home/luana-martins/.jnose_projects/okhttp/okhttp/src/test/java/okhttp3/CacheTest.java,okhttp3.CacheTest$TransferKind$Anonymous3,anonymous,2,1,1,3,0,NaN,NaN,1,0,0,0,0,1,1,0,0,0,0,0,0,0,0,0,0,0,0,7,0,0,0,0,0,1,0,0,0,0,0,0,0,0,18,-1,0
/home/luana-martins/.jnose_projects/okhttp/okhttp/src/test/java/okhttp3/CacheTest.java,okhttp3.CacheTest$TransferKind,enum,3,2,1,2,1,0.0,0.0,2,0,0,0,0,2,2,1,0,0,0,0,0,0,0,0,0,0,0,22,0,0,0,0,0,0,0,0,0,0,0,3,0,0,31,0,0
/home/luana-martins/.jnose_projects/okhttp/okhttp/src/test/java/okhttp3/CacheTest.java,okhttp3.CacheTest,class,31,173,1,138,3342,0.0,0.0,157,0,138,19,0,0,138,0,0,0,10,1,3,7,0,0,5,0,18,1410,9,0,6,6,3,1152,244,298,135,285,1,0,1,3,567,17,0
/home/luana-martins/.jnose_projects/okhttp/okhttp/src/test/java/okhttp3/CacheTest.java,okhttp3.CacheTest$TransferKind$Anonymous1,anonymous,2,1,1,1,0,NaN,NaN,1,0,0,0,0,1,1,0,0,0,0,0,0,0,0,0,0,0,0,5,0,0,0,0,0,0,0,0,0,0,0,0,0,0,7,-1,0
/home/luana-martins/.jnose_projects/okhttp/okhttp/src/test/java/okhttp3/WebPlatformUrlTestData.java,okhttp3.WebPlatformUrlTestData,class,3,31,1,18,6,0.0,0.0,5,2,3,2,0,0,3,0,0,0,10,0,0,0,0,10,0,0,4,108,4,3,3,0,2,22,7,29,3,21,2,0,0,0,91,17,0
/home/luana-martins/.jnose_projects/okhttp/okhttp/src/test/java/okhttp3/TestLogHandler.java,okhttp3.TestLogHandler,class,7,7,1,8,7,0.0,0.0,6,0,6,0,0,0,6,0,0,0,4,0,0,4,0,0,3,0,1,53,3,0,1,0,0,1,1,6,0,6,1,2,0,0,48,17,0
/home/luana-martins/.jnose_projects/okhttp/okhttp/src/test/java/okhttp3/TestLogHandler.java,okhttp3.TestLogHandler$Anonymous1,anonymous,0,3,1,3,3,0.0,0.0,3,0,3,0,0,0,3,0,0,0,0,0,0,0,0,0,0,0,0,9,0,0,0,0,0,1,0,0,1,0,0,0,0,0,8,-1,0
/home/luana-martins/.jnose_projects/okhttp/okhttp/src/test/java/okhttp3/TestLogHandler.java,okhttp3.TestLogHandler$Anonymous2,anonymous,1,1,1,3,0,NaN,NaN,1,0,1,0,0,0,1,0,0,0,0,0,0,0,0,0,0,0,0,11,0,0,0,1,0,0,0,0,0,0,1,0,0,0,6,-1,0
/home/luana-martins/.jnose_projects/okhttp/okhttp/src/test/java/okhttp3/SocksProxy.java,okhttp3.SocksProxy,class,5,31,1,47,2,0.0,0.0,8,0,4,4,0,0,4,0,0,0,13,9,1,12,0,0,11,0,13,180,2,4,6,5,0,28,25,40,18,38,4,0,0,3,105,17,2
/home/luana-martins/.jnose_projects/okhttp/okhttp/src/test/java/okhttp3/AddressTest.java,okhttp3.AddressTest,class,7,4,1,7,0,0.0,0.0,4,0,4,0,0,0,4,0,0,0,6,0,0,6,0,0,0,0,1,27,0,0,0,0,0,9,6,12,1,12,0,0,0,0,35,17,0
/home/luana-martins/.jnose_projects/okhttp/okhttp/src/test/java/okhttp3/UrlComponentEncodingTester.java,okhttp3.UrlComponentEncodingTester$Component$Anonymous9,anonymous,2,4,1,4,6,0.0,0.0,4,0,4,0,0,0,4,0,0,0,0,0,0,0,0,0,0,0,0,16,3,0,0,0,0,4,4,2,4,2,0,0,0,0,10,-1,0
/home/luana-martins/.jnose_projects/okhttp/okhttp/src/test/java/okhttp3/UrlComponentEncodingTester.java,okhttp3.UrlComponentEncodingTester$Component$Anonymous8,anonymous,2,4,1,5,6,0.0,0.0,4,0,4,0,0,0,4,0,0,0,0,0,0,0,0,0,0,0,0,16,3,0,0,0,0,6,4,2,4,2,0,0,0,0,10,-1,0
/home/luana-martins/.jnose_projects/okhttp/okhttp/src/test/java/okhttp3/UrlComponentEncodingTester.java,okhttp3.UrlComponentEncodingTester$Component$Anonymous7,anonymous,2,4,1,4,6,0.0,0.0,4,0,4,0,0,0,4,0,0,0,0,0,0,0,0,0,0,0,0,16,3,0,0,0,0,4,4,2,4,2,0,0,0,0,10,-1,0
/home/luana-martins/.jnose_projects/okhttp/okhttp/src/test/java/okhttp3/UrlComponentEncodingTester.java,okhttp3.UrlComponentEncodingTester$Component$Anonymous6,anonymous,2,4,1,6,6,0.0,0.0,4,0,4,0,0,0,4,0,0,0,0,0,0,0,0,0,0,0,0,16,3,0,0,0,0,4,5,2,4,2,0,0,0,0,11,-1,0
/home/luana-martins/.jnose_projects/okhttp/okhttp/src/test/java/okhttp3/UrlComponentEncodingTester.java,okhttp3.UrlComponentEncodingTester$Component$Anonymous5,anonymous,3,5,1,5,10,0.0,0.0,5,0,5,0,0,0,5,0,0,0,0,0,0,0,0,0,0,0,0,18,4,0,0,0,0,4,2,1,3,1,0,0,0,0,12,-1,0
/home/luana-martins/.jnose_projects/okhttp/okhttp/src/test/java/okhttp3/UrlComponentEncodingTester.java,okhttp3.UrlComponentEncodingTester$Component$Anonymous4,anonymous,2,4,1,2,6,0.0,0.0,4,0,4,0,0,0,4,0,0,0,0,0,0,0,0,0,0,0,0,14,3,0,0,0,0,2,0,0,1,0,0,0,0,0,9,-1,0
/home/luana-martins/.jnose_projects/okhttp/okhttp/src/test/java/okhttp3/UrlComponentEncodingTester.java,okhttp3.UrlComponentEncodingTester$Component$Anonymous3,anonymous,2,4,1,2,6,0.0,0.0,4,0,4,0,0,0,4,0,0,0,0,0,0,0,0,0,0,0,0,14,3,0,0,0,0,2,0,0,1,0,0,0,0,0,9,-1,0
/home/luana-martins/.jnose_projects/okhttp/okhttp/src/test/java/okhttp3/UrlComponentEncodingTester.java,okhttp3.UrlComponentEncodingTester$Encoding,enum,0,1,1,0,0,NaN,NaN,1,0,1,0,0,0,1,0,0,0,0,0,0,0,0,0,0,0,0,21,0,0,0,0,0,0,0,0,0,0,0,2,0,0,35,1,0
/home/luana-martins/.jnose_projects/okhttp/okhttp/src/test/java/okhttp3/UrlComponentEncodingTester.java,okhttp3.UrlComponentEncodingTester,class,5,38,1,34,94,0.0,0.0,16,1,7,9,0,0,7,0,0,0,6,3,0,6,0,0,6,0,0,313,12,3,6,1,0,14,37,35,0,35,2,0,2,0,157,0,0
/home/luana-martins/.jnose_projects/okhttp/okhttp/src/test/java/okhttp3/UrlComponentEncodingTester.java,okhttp3.UrlComponentEncodingTester$Encoding$Anonymous1,anonymous,1,1,1,0,0,NaN,NaN,1,0,1,0,0,0,1,0,0,0,0,0,0,0,0,0,0,0,0,5,1,0,0,0,0,0,2,0,0,0,0,0,0,0,3,-1,0
/home/luana-martins/.jnose_projects/okhttp/okhttp/src/test/java/okhttp3/UrlComponentEncodingTester.java,okhttp3.UrlComponentEncodingTester$Component,enum,2,5,1,0,10,0.0,0.0,5,0,5,0,0,0,5,4,0,0,0,0,0,0,0,0,0,0,0,118,1,0,0,0,0,0,0,0,0,0,0,7,0,0,45,1,0
/home/luana-martins/.jnose_projects/okhttp/okhttp/src/test/java/okhttp3/UrlComponentEncodingTester.java,okhttp3.UrlComponentEncodingTester$Encoding$Anonymous2,anonymous,3,2,1,7,0,NaN,NaN,1,0,1,0,0,0,1,0,0,0,0,0,0,0,0,0,0,0,0,10,1,1,0,0,0,1,2,3,0,3,1,0,0,0,11,-1,0
/home/luana-martins/.jnose_projects/okhttp/okhttp/src/test/java/okhttp3/HeadersTest.java,okhttp3.HeadersTest,class,7,115,1,45,3403,0.0,0.0,83,0,83,0,0,0,83,0,0,0,0,0,0,0,0,0,0,0,51,616,0,0,0,32,0,527,76,97,9,96,1,0,0,0,209,17,0
/home/luana-martins/.jnose_projects/okhttp/okhttp/src/test/java/okhttp3/CookieTest.java,okhttp3.CookieTest,class,5,71,1,34,648,0.0,0.0,60,0,59,1,0,0,59,0,0,0,1,0,0,0,0,1,0,0,2,376,1,2,0,8,0,250,44,34,1,34,3,0,0,0,189,17,0
/home/luana-martins/.jnose_projects/okhttp/okhttp/src/test/java/okhttp3/ProtocolTest.java,okhttp3.ProtocolTest,class,1,3,1,5,3,0.0,0.0,3,0,3,0,0,0,3,0,0,0,0,0,0,0,0,0,0,0,0,24,0,0,0,0,0,13,0,0,0,0,1,0,0,1,14,1,0
/home/luana-martins/.jnose_projects/okhttp/okhttp/src/test/java/okhttp3/RecordingCallback.java,okhttp3.RecordingCallback,class,5,7,1,14,0,0.0,0.0,3,0,3,0,0,0,3,0,0,3,2,1,1,1,0,0,2,0,2,29,1,2,0,0,0,1,1,7,3,7,3,0,0,0,57,1,0
/home/luana-martins/.jnose_projects/okhttp/okhttp/src/test/java/okhttp3/EventListenerTest.java,okhttp3.EventListenerTest$Anonymous1,anonymous,2,2,1,2,1,0.0,0.0,2,0,2,0,0,0,2,0,0,0,0,0,0,0,0,0,0,0,0,9,0,0,0,0,0,0,0,0,0,0,0,0,0,0,9,-1,0
/home/luana-martins/.jnose_projects/okhttp/okhttp/src/test/java/okhttp3/EventListenerTest.java,okhttp3.EventListenerTest$Anonymous2,anonymous,2,2,1,1,1,0.0,0.0,2,0,2,0,0,0,2,0,0,0,0,0,0,0,0,0,0,0,0,7,0,0,0,0,0,0,0,0,0,0,0,0,0,0,9,-1,0
/home/luana-martins/.jnose_projects/okhttp/okhttp/src/test/java/okhttp3/EventListenerTest.java,okhttp3.EventListenerTest$Anonymous3,anonymous,1,3,1,1,1,0.0,0.0,2,0,2,0,0,0,2,0,0,0,0,0,0,0,0,0,0,0,0,8,1,0,0,0,1,1,0,0,1,0,0,0,0,0,9,-1,0
/home/luana-martins/.jnose_projects/okhttp/okhttp/src/test/java/okhttp3/EventListenerTest.java,okhttp3.EventListenerTest$Anonymous4,anonymous,2,3,1,2,1,0.0,0.0,2,0,2,0,0,0,2,0,0,0,0,0,0,0,0,0,0,0,0,8,1,0,1,0,1,1,0,0,0,0,0,0,0,0,12,-1,0
/home/luana-martins/.jnose_projects/okhttp/okhttp/src/test/java/okhttp3/EventListenerTest.java,okhttp3.EventListenerTest$NonCompletingRequestBody,innerclass,5,6,2,5,6,0.0,0.0,4,0,3,1,0,0,3,0,0,0,1,0,0,0,0,1,0,0,1,29,2,0,0,1,0,1,6,1,2,1,1,0,0,0,20,2,0
/home/luana-martins/.jnose_projects/okhttp/okhttp/src/test/java/okhttp3/EventListenerTest.java,okhttp3.EventListenerTest,class,59,94,2,119,0,0.0,0.0,74,0,63,11,0,0,63,0,0,0,9,1,3,6,0,0,5,0,18,927,7,0,8,16,0,469,93,187,6,167,2,7,1,5,259,17,0
/home/luana-martins/.jnose_projects/okhttp/okhttp/src/test/java/okhttp3/EventListenerTest.java,okhttp3.EventListenerTest$Anonymous5,anonymous,3,6,1,3,3,0.0,0.0,3,0,3,0,0,0,3,0,0,0,0,0,0,0,0,0,0,0,0,21,2,1,1,1,0,1,9,2,2,2,3,0,0,0,16,-1,0
/home/luana-martins/.jnose_projects/okhttp/okhttp/src/test/java/okhttp3/EventListenerTest.java,okhttp3.EventListenerTest$Anonymous6,anonymous,3,2,1,3,1,0.0,0.0,2,0,2,0,0,0,2,0,0,0,0,0,0,0,0,0,0,0,0,9,1,0,0,0,0,1,1,0,0,0,0,0,0,0,11,-1,0
/home/luana-martins/.jnose_projects/okhttp/okhttp/src/test/java/okhttp3/EventListenerTest.java,okhttp3.EventListenerTest$Anonymous7,anonymous,3,3,1,2,1,0.0,0.0,2,0,2,0,0,0,2,0,0,0,0,0,0,0,0,0,0,0,1,14,1,0,0,1,0,1,0,0,0,0,1,0,0,0,17,-1,0
/home/luana-martins/.jnose_projects/okhttp/okhttp/src/test/java/okhttp3/CertificatePinnerTest.java,okhttp3.CertificatePinnerTest,class,4,36,1,25,0,0.0,0.0,24,0,24,0,0,0,24,0,0,0,6,6,0,0,0,6,0,0,24,187,0,0,0,12,0,66,5,32,1,32,1,0,0,0,96,17,0
/home/luana-martins/.jnose_projects/okhttp/okhttp/src/test/java/okhttp3/FallbackTestClientSocketFactory.java,okhttp3.FallbackTestClientSocketFactory$TlsFallbackScsvDisabledSSLSocket,innerclass,1,4,4,5,1,0.0,0.0,2,0,2,0,0,0,2,0,0,0,0,0,0,0,0,0,0,0,0,14,0,1,0,0,0,0,0,1,0,1,2,0,0,0,24,10,0
/home/luana-martins/.jnose_projects/okhttp/okhttp/src/test/java/okhttp3/FallbackTestClientSocketFactory.java,okhttp3.FallbackTestClientSocketFactory,class,3,2,7,0,1,0.0,0.0,2,0,1,0,1,0,2,0,0,0,1,1,1,0,0,0,1,0,0,23,1,0,0,0,0,1,0,1,0,1,0,0,1,0,72,1,0
/home/luana-martins/.jnose_projects/okhttp/okhttp/src/test/java/okhttp3/DelegatingServerSocketFactory.java,okhttp3.DelegatingServerSocketFactory,class,1,6,2,5,0,0.0,0.0,6,0,5,0,1,0,6,0,0,0,1,0,0,1,0,0,1,0,0,25,5,0,0,0,0,0,0,5,0,5,0,0,0,0,26,1,0
/home/luana-martins/.jnose_projects/okhttp/okhttp/src/test/java/okhttp3/DelegatingSSLSocket.java,okhttp3.DelegatingSSLSocket,class,2,74,3,63,0,0.0,0.0,68,0,68,0,0,0,68,0,0,0,1,0,0,0,1,0,1,0,0,238,40,0,0,6,0,14,0,1,0,1,1,0,0,0,112,1025,0
/home/luana-martins/.jnose_projects/okhttp/okhttp/src/test/java/okhttp3/InterceptorTest.java,okhttp3.InterceptorTest,class,37,67,3,103,202,0.0,0.0,48,2,36,11,0,1,37,0,0,0,4,0,1,3,0,0,1,0,4,609,32,0,0,16,8,152,33,140,12,150,3,3,1,34,176,17,0
/home/luana-martins/.jnose_projects/okhttp/okhttp/src/test/java/okhttp3/InterceptorTest.java,okhttp3.InterceptorTest$ExceptionCatchingExecutor,innerclass,0,4,3,4,1,0.0,0.0,3,0,3,0,0,0,3,0,0,0,1,0,0,1,0,0,1,0,0,20,1,0,0,1,0,0,3,1,0,1,2,0,0,1,19,10,0
/home/luana-martins/.jnose_projects/okhttp/okhttp/src/test/java/okhttp3/InterceptorTest.java,okhttp3.InterceptorTest$Anonymous3,anonymous,1,1,1,4,0,NaN,NaN,1,0,1,0,0,0,1,0,0,0,0,0,0,0,0,0,0,0,0,8,1,0,0,0,0,0,0,2,0,2,0,0,0,0,10,-1,0
/home/luana-martins/.jnose_projects/okhttp/okhttp/src/test/java/okhttp3/InterceptorTest.java,okhttp3.InterceptorTest$Anonymous2,anonymous,1,1,1,3,0,NaN,NaN,1,0,1,0,0,0,1,0,0,0,0,0,0,0,0,0,0,0,0,5,0,0,0,0,0,0,0,0,0,0,0,0,0,0,7,-1,0
/home/luana-martins/.jnose_projects/okhttp/okhttp/src/test/java/okhttp3/InterceptorTest.java,okhttp3.InterceptorTest$Anonymous1,anonymous,4,3,1,6,3,0.0,0.0,3,0,3,0,0,0,3,0,0,0,0,0,0,0,0,0,0,0,0,14,2,0,0,0,0,0,0,2,0,2,0,0,0,0,14,-1,0
/home/luana-martins/.jnose_projects/okhttp/okhttp/src/test/java/okhttp3/RecordedResponse.java,okhttp3.RecordedResponse,class,8,29,1,37,28,0.0,0.0,24,0,22,2,0,0,22,0,0,0,5,0,5,0,0,0,5,0,1,127,22,2,1,0,0,5,2,11,1,10,2,0,0,0,86,17,0
/home/luana-martins/.jnose_projects/okhttp/okhttp/src/test/java/okhttp3/ResponseTest.java,okhttp3.ResponseTest$Anonymous1,anonymous,2,4,1,1,1,0.0,0.0,3,0,3,0,0,0,3,0,0,0,1,0,0,0,0,1,0,0,0,13,2,0,0,0,0,0,0,1,0,1,1,0,0,0,14,-1,0
/home/luana-martins/.jnose_projects/okhttp/okhttp/src/test/java/okhttp3/ResponseTest.java,okhttp3.ResponseTest,class,7,10,1,22,36,0.0,0.0,9,0,6,3,0,0,6,0,0,0,0,0,0,0,0,0,0,0,0,63,3,0,0,1,0,16,10,11,0,11,1,1,0,1,60,17,0
/home/luana-martins/.jnose_projects/okhttp/okhttp/src/test/java/okhttp3/CookiesTest.java,okhttp3.CookiesTest,class,16,17,1,63,3,0.0,0.0,15,0,13,2,0,0,13,0,0,0,3,0,1,2,0,0,1,0,6,194,1,1,0,0,0,89,22,62,7,54,2,2,0,0,103,1,0
/home/luana-martins/.jnose_projects/okhttp/okhttp/src/test/java/okhttp3/CookiesTest.java,okhttp3.CookiesTest$Anonymous1,anonymous,0,2,1,3,1,0.0,0.0,2,0,2,0,0,0,2,0,0,0,0,0,0,0,0,0,0,0,2,7,1,0,0,0,0,6,0,0,2,0,0,0,0,0,8,-1,0
/home/luana-martins/.jnose_projects/okhttp/okhttp/src/test/java/okhttp3/CookiesTest.java,okhttp3.CookiesTest$Anonymous2,anonymous,0,1,1,2,0,NaN,NaN,1,0,1,0,0,0,1,0,0,0,0,0,0,0,0,0,0,0,2,8,1,0,0,0,0,4,0,1,0,1,0,0,0,0,9,-1,0
/home/luana-martins/.jnose_projects/okhttp/okhttp/src/test/java/okhttp3/CertificateChainCleanerTest.java,okhttp3.CertificateChainCleanerTest,class,5,22,1,17,105,0.0,0.0,15,0,13,2,0,0,13,0,0,0,0,0,0,0,0,0,0,0,0,124,2,4,0,2,0,15,39,52,2,52,1,0,0,0,82,17,0
/home/luana-martins/.jnose_projects/okhttp/okhttp/src/test/java/okhttp3/ConnectionCoalescingTest.java,okhttp3.ConnectionCoalescingTest$Anonymous3,anonymous,3,3,1,7,1,0.0,0.0,2,0,2,0,0,0,2,0,0,0,0,0,0,0,0,0,0,0,0,16,0,0,0,1,0,1,0,0,0,0,1,0,0,0,15,-1,0
/home/luana-martins/.jnose_projects/okhttp/okhttp/src/test/java/okhttp3/ConnectionCoalescingTest.java,okhttp3.ConnectionCoalescingTest$Anonymous4,anonymous,1,1,1,1,0,NaN,NaN,1,0,1,0,0,0,1,0,0,0,0,0,0,0,0,0,0,0,0,5,0,0,0,0,0,0,0,0,0,0,0,0,0,0,8,-1,0
/home/luana-martins/.jnose_projects/okhttp/okhttp/src/test/java/okhttp3/ConnectionCoalescingTest.java,okhttp3.ConnectionCoalescingTest$Anonymous5,anonymous,0,3,1,0,3,0.0,0.0,3,0,3,0,0,0,3,0,0,0,0,0,0,0,0,0,0,0,0,9,1,0,0,0,0,0,1,0,0,0,0,0,0,0,8,-1,0
/home/luana-martins/.jnose_projects/okhttp/okhttp/src/test/java/okhttp3/ConnectionCoalescingTest.java,okhttp3.ConnectionCoalescingTest,class,22,27,1,61,0,0.0,0.0,21,0,19,2,0,0,19,0,0,0,9,0,2,7,0,0,2,0,3,314,3,0,0,7,0,63,41,59,0,57,1,5,0,5,246,17,0
/home/luana-martins/.jnose_projects/okhttp/okhttp/src/test/java/okhttp3/ConnectionCoalescingTest.java,okhttp3.ConnectionCoalescingTest$Anonymous1,anonymous,2,3,1,2,1,0.0,0.0,2,0,2,0,0,0,2,0,0,0,0,0,0,0,0,0,0,0,0,13,0,0,0,1,0,0,0,0,0,0,1,0,0,0,16,-1,0
/home/luana-martins/.jnose_projects/okhttp/okhttp/src/test/java/okhttp3/ConnectionCoalescingTest.java,okhttp3.ConnectionCoalescingTest$Anonymous2,anonymous,2,4,1,2,1,0.0,0.0,2,0,2,0,0,0,2,0,0,0,0,0,0,0,0,0,0,0,0,20,0,0,0,2,0,0,0,0,0,0,1,0,0,0,16,-1,0
/home/luana-martins/.jnose_projects/okhttp/okhttp/src/test/java/okhttp3/TestTls13Request.java,okhttp3.TestTls13Request,class,6,7,1,34,10,NaN,NaN,5,4,1,4,0,0,1,0,0,0,3,3,0,3,0,0,3,0,11,45,1,1,0,2,0,28,1,7,2,7,2,0,0,0,70,1,0
/home/luana-martins/.jnose_projects/okhttp/okhttp/src/test/java/okhttp3/RecordingWebSocketListener.java,okhttp3.RecordingWebSocketListener,class,5,6,2,0,15,0.0,0.0,6,0,6,0,0,0,6,0,0,0,0,0,0,0,0,0,0,0,0,14,0,0,0,0,0,0,0,0,0,0,0,0,0,0,18,17,0
/home/luana-martins/.jnose_projects/okhttp/okhttp/src/test/java/okhttp3/HttpUrlTest.java,okhttp3.HttpUrlTest,class,6,176,1,66,13530,0.0,0.0,165,0,163,0,2,0,165,0,0,0,1,0,1,0,0,0,1,0,17,1169,1,0,0,11,3,1290,65,113,4,113,1,0,0,0,323,1,0
/home/luana-martins/.jnose_projects/okhttp/okhttp/src/test/java/okhttp3/CipherSuiteTest.java,okhttp3.CipherSuiteTest$FakeSslSocket,innerclass,1,7,4,0,15,0.0,0.0,7,0,6,0,0,1,7,0,0,0,3,0,0,3,0,0,0,0,0,26,3,0,0,0,0,0,0,3,0,3,0,0,0,0,16,24,0
/home/luana-martins/.jnose_projects/okhttp/okhttp/src/test/java/okhttp3/CipherSuiteTest.java,okhttp3.CipherSuiteTest,class,5,16,4,20,105,0.0,0.0,15,0,15,0,0,0,15,0,0,0,0,0,0,0,0,0,0,0,3,121,0,0,0,1,0,71,0,13,0,13,1,0,1,0,136,1,0
/home/luana-martins/.jnose_projects/okhttp/okhttp/src/test/java/okhttp3/CallTest.java,okhttp3.CallTest$Anonymous1,anonymous,2,2,1,1,1,0.0,0.0,2,0,2,0,0,0,2,0,0,0,0,0,0,0,0,0,0,0,0,8,0,0,0,0,0,1,0,0,0,0,0,0,0,0,10,-1,0
/home/luana-martins/.jnose_projects/okhttp/okhttp/src/test/java/okhttp3/CallTest.java,okhttp3.CallTest$Anonymous10,anonymous,3,3,1,1,3,0.0,0.0,3,0,3,0,0,0,3,0,0,0,1,0,0,0,0,1,0,0,0,12,2,0,0,0,0,1,1,1,1,1,0,0,0,0,17,-1,0
/home/luana-martins/.jnose_projects/okhttp/okhttp/src/test/java/okhttp3/CallTest.java,okhttp3.CallTest,class,67,261,4,276,0,0.0,0.0,216,0,202,14,0,0,202,0,0,0,11,0,0,7,0,4,6,0,54,2240,14,9,0,34,10,1068,251,438,32,372,2,27,1,9,725,17,0
/home/luana-martins/.jnose_projects/okhttp/okhttp/src/test/java/okhttp3/CallTest.java,okhttp3.CallTest$Anonymous12,anonymous,2,1,1,2,0,NaN,NaN,1,0,1,0,0,0,1,0,0,0,0,0,0,0,0,0,0,0,0,6,1,0,0,0,0,1,0,0,0,0,0,0,0,0,6,-1,0
/home/luana-martins/.jnose_projects/okhttp/okhttp/src/test/java/okhttp3/CallTest.java,okhttp3.CallTest$Anonymous24$Anonymous25,anonymous,0,1,1,2,0,NaN,NaN,1,0,1,0,0,0,1,0,0,0,0,0,0,0,0,0,0,0,0,6,0,0,0,0,0,0,0,0,0,0,0,0,0,0,5,-1,0
/home/luana-martins/.jnose_projects/okhttp/okhttp/src/test/java/okhttp3/CallTest.java,okhttp3.CallTest$Anonymous5,anonymous,2,2,1,4,1,0.0,0.0,2,0,2,0,0,0,2,0,0,0,0,0,0,0,0,0,0,0,0,9,1,0,0,0,0,2,1,0,0,0,0,0,0,0,11,-1,0
/home/luana-martins/.jnose_projects/okhttp/okhttp/src/test/java/okhttp3/CallTest.java,okhttp3.CallTest$Anonymous14,anonymous,2,1,1,2,0,NaN,NaN,1,0,1,0,0,0,1,0,0,0,0,0,0,0,0,0,0,0,0,6,1,0,0,0,0,1,0,0,0,0,0,0,0,0,6,-1,0
/home/luana-martins/.jnose_projects/okhttp/okhttp/src/test/java/okhttp3/CallTest.java,okhttp3.CallTest$Anonymous3,anonymous,2,2,1,2,0,NaN,NaN,1,0,1,0,0,0,1,0,0,0,0,0,0,0,0,0,0,0,0,11,1,0,0,1,0,0,0,0,0,0,1,0,0,0,10,-1,0
/home/luana-martins/.jnose_projects/okhttp/okhttp/src/test/java/okhttp3/CallTest.java,okhttp3.CallTest$Anonymous16,anonymous,2,3,1,1,1,0.0,0.0,2,0,2,0,0,0,2,0,0,0,0,0,0,0,0,0,0,0,0,13,0,0,0,1,0,0,0,0,0,0,1,0,0,0,12,-1,0
/home/luana-martins/.jnose_projects/okhttp/okhttp/src/test/java/okhttp3/CallTest.java,okhttp3.CallTest$Anonymous9,anonymous,3,2,1,1,1,0.0,0.0,2,0,2,0,0,0,2,0,0,0,1,0,0,0,0,1,0,0,0,9,1,0,0,0,0,1,1,1,1,1,0,0,0,0,13,-1,0
/home/luana-martins/.jnose_projects/okhttp/okhttp/src/test/java/okhttp3/CallTest.java,okhttp3.CallTest$Anonymous18,anonymous,2,5,1,3,3,0.0,0.0,3,0,3,0,0,0,3,0,0,0,0,0,0,0,0,0,0,0,1,13,2,1,0,0,0,1,3,2,1,1,1,0,0,0,21,-1,0
/home/luana-martins/.jnose_projects/okhttp/okhttp/src/test/java/okhttp3/CallTest.java,okhttp3.CallTest$Anonymous7,anonymous,2,2,1,4,0,NaN,NaN,1,0,1,0,0,0,1,0,0,0,0,0,0,0,0,0,0,0,0,8,1,0,1,0,0,0,0,0,0,0,1,0,0,0,9,-1,0
/home/luana-martins/.jnose_projects/okhttp/okhttp/src/test/java/okhttp3/CallTest.java,okhttp3.CallTest$Anonymous27,anonymous,0,2,1,2,0,NaN,NaN,1,0,1,0,0,0,1,0,0,0,0,0,0,0,0,0,0,0,1,11,0,0,0,1,0,0,0,0,0,0,1,0,0,0,7,-1,0
/home/luana-martins/.jnose_projects/okhttp/okhttp/src/test/java/okhttp3/CallTest.java,okhttp3.CallTest$Anonymous23,anonymous,1,1,1,1,0,NaN,NaN,1,0,1,0,0,0,1,0,0,0,0,0,0,0,0,0,0,0,0,5,0,0,0,0,0,0,0,0,0,0,0,0,0,0,6,-1,0
/home/luana-martins/.jnose_projects/okhttp/okhttp/src/test/java/okhttp3/CallTest.java,okhttp3.CallTest$Anonymous21,anonymous,2,1,1,2,0,NaN,NaN,1,0,1,0,0,0,1,0,0,0,0,0,0,0,0,0,0,0,0,5,0,0,0,0,0,0,0,0,0,0,0,0,0,0,4,-1,0
/home/luana-martins/.jnose_projects/okhttp/okhttp/src/test/java/okhttp3/CallTest.java,okhttp3.CallTest$RecordingSSLSocketFactory,innerclass,1,3,4,1,1,0.0,0.0,3,0,2,0,1,0,3,0,0,0,1,0,0,1,0,0,0,0,0,13,2,0,0,0,0,0,0,1,0,1,0,0,0,0,16,10,0
/home/luana-martins/.jnose_projects/okhttp/okhttp/src/test/java/okhttp3/CallTest.java,okhttp3.CallTest$Anonymous2,anonymous,3,2,1,9,1,0.0,0.0,2,0,2,0,0,0,2,0,0,0,0,0,0,0,0,0,0,0,0,12,0,0,0,0,0,1,0,1,0,1,0,0,0,0,17,-1,0
/home/luana-martins/.jnose_projects/okhttp/okhttp/src/test/java/okhttp3/CallTest.java,okhttp3.CallTest$Anonymous11,anonymous,2,2,1,2,0,NaN,NaN,1,0,1,0,0,0,1,0,0,0,0,0,0,0,0,0,0,0,0,10,0,0,0,1,0,0,1,0,0,0,1,0,0,0,12,-1,0
/home/luana-martins/.jnose_projects/okhttp/okhttp/src/test/java/okhttp3/CallTest.java,okhttp3.CallTest$Anonymous13,anonymous,2,1,1,3,0,NaN,NaN,1,0,1,0,0,0,1,0,0,0,1,0,0,0,0,1,0,0,1,7,1,0,0,0,0,0,0,1,0,1,0,0,0,0,7,-1,0
/home/luana-martins/.jnose_projects/okhttp/okhttp/src/test/java/okhttp3/CallTest.java,okhttp3.CallTest$Anonymous6,anonymous,2,2,1,6,1,0.0,0.0,2,0,2,0,0,0,2,0,0,0,0,0,0,0,0,0,0,0,0,9,1,0,0,0,0,2,0,0,0,0,0,0,0,0,13,-1,0
/home/luana-martins/.jnose_projects/okhttp/okhttp/src/test/java/okhttp3/CallTest.java,okhttp3.CallTest$Anonymous15,anonymous,2,3,1,6,1,0.0,0.0,2,0,2,0,0,0,2,0,0,0,0,0,0,0,0,0,0,0,0,19,0,0,0,1,0,1,0,0,0,0,1,0,0,0,10,-1,0
/home/luana-martins/.jnose_projects/okhttp/okhttp/src/test/java/okhttp3/CallTest.java,okhttp3.CallTest$Anonymous4,anonymous,2,2,1,5,0,NaN,NaN,1,0,1,0,0,0,1,0,0,0,0,0,0,0,0,0,0,0,0,13,1,0,0,1,0,1,0,1,0,1,1,0,0,0,15,-1,0
/home/luana-martins/.jnose_projects/okhttp/okhttp/src/test/java/okhttp3/CallTest.java,okhttp3.CallTest$Anonymous17,anonymous,3,2,1,3,1,0.0,0.0,2,0,2,0,0,0,2,0,0,0,0,0,0,0,0,0,0,0,0,12,1,0,0,0,0,2,0,0,0,0,0,0,0,0,15,-1,0
/home/luana-martins/.jnose_projects/okhttp/okhttp/src/test/java/okhttp3/CallTest.java,okhttp3.CallTest$Anonymous19,anonymous,2,2,1,2,1,0.0,0.0,2,0,2,0,0,0,2,0,0,0,0,0,0,0,0,0,0,0,0,8,0,0,0,0,0,0,0,0,0,0,0,0,0,0,10,-1,0
/home/luana-martins/.jnose_projects/okhttp/okhttp/src/test/java/okhttp3/CallTest.java,okhttp3.CallTest$Anonymous8,anonymous,2,1,1,2,0,NaN,NaN,1,0,1,0,0,0,1,0,0,0,0,0,0,0,0,0,0,0,0,6,0,0,0,0,0,0,0,0,0,0,0,0,0,0,6,-1,0
/home/luana-martins/.jnose_projects/okhttp/okhttp/src/test/java/okhttp3/CallTest.java,okhttp3.CallTest$Anonymous28,anonymous,0,1,1,3,0,NaN,NaN,1,0,0,0,1,0,1,0,0,0,0,0,0,0,0,0,0,0,0,6,1,0,0,0,0,0,0,0,0,0,0,0,0,0,8,-1,0
/home/luana-martins/.jnose_projects/okhttp/okhttp/src/test/java/okhttp3/CallTest.java,okhttp3.CallTest$Anonymous26,anonymous,2,3,1,1,3,0.0,0.0,3,0,3,0,0,0,3,0,0,0,0,0,0,0,0,0,0,0,0,12,2,0,0,0,0,1,1,0,0,0,0,0,0,0,15,-1,0
/home/luana-martins/.jnose_projects/okhttp/okhttp/src/test/java/okhttp3/CallTest.java,okhttp3.CallTest$Anonymous24,anonymous,3,1,1,10,0,NaN,NaN,1,0,1,0,0,0,1,0,0,0,0,0,0,0,0,0,0,0,0,14,1,0,0,0,0,0,1,2,0,2,0,1,0,0,14,-1,0
/home/luana-martins/.jnose_projects/okhttp/okhttp/src/test/java/okhttp3/CallTest.java,okhttp3.CallTest$Anonymous22,anonymous,3,2,1,1,1,0.0,0.0,2,0,2,0,0,0,2,0,0,0,0,0,0,0,0,0,0,0,0,9,1,0,0,0,0,1,0,0,0,0,0,0,0,0,12,-1,0
/home/luana-martins/.jnose_projects/okhttp/okhttp/src/test/java/okhttp3/CallTest.java,okhttp3.CallTest$Anonymous20,anonymous,3,2,1,2,1,0.0,0.0,2,0,2,0,0,0,2,0,0,0,0,0,0,0,0,0,0,0,0,9,1,0,0,0,0,1,0,0,0,0,0,0,0,0,15,-1,0
/home/luana-martins/.jnose_projects/okhttp/okhttp/src/test/java/okhttp3/MediaTypeGetTest.java,okhttp3.MediaTypeGetTest,class,3,3,2,6,1,0.0,0.0,2,0,0,0,2,0,2,0,0,0,0,0,0,0,0,0,0,0,0,14,1,0,0,1,0,2,0,0,1,0,1,0,0,0,19,1,0
/home/luana-martins/.jnose_projects/okhttp/okhttp/src/test/java/okhttp3/osgi/OsgiTest.java,okhttp3.osgi.OsgiTest,class,10,17,1,40,26,0.0,0.0,9,1,2,7,0,0,2,0,0,0,6,4,0,6,0,0,4,0,5,75,6,2,1,2,0,31,0,18,5,19,2,0,0,1,108,17,0
/home/luana-martins/.jnose_projects/okhttp/okhttp/src/test/java/okhttp3/MultipartBodyTest.java,okhttp3.MultipartBodyTest$1StreamingBody,innerclass,3,3,2,1,1,0.0,0.0,3,0,2,0,0,1,3,0,0,0,1,0,0,1,0,0,1,0,0,12,1,0,0,0,0,0,0,1,0,1,0,0,0,0,16,0,0
/home/luana-martins/.jnose_projects/okhttp/okhttp/src/test/java/okhttp3/MultipartBodyTest.java,okhttp3.MultipartBodyTest,class,5,13,2,25,45,0.0,0.0,10,0,10,0,0,0,10,0,0,0,0,0,0,0,0,0,0,0,0,115,0,0,0,3,0,153,10,23,6,23,1,0,1,0,78,17,0
/home/luana-martins/.jnose_projects/okhttp/okhttp/src/test/java/okhttp3/RequestTest.java,okhttp3.RequestTest,class,7,39,1,41,378,0.0,0.0,28,0,26,2,0,0,26,0,0,0,0,0,0,0,0,0,0,0,7,269,1,0,0,11,0,108,11,58,0,58,1,0,0,0,132,17,0
/home/luana-martins/.jnose_projects/okhttp/okhttp/src/test/java/okhttp3/WebPlatformUrlTest.java,okhttp3.WebPlatformUrlTest$TestDataParamProvider,innerclass,2,2,2,2,0,NaN,NaN,1,0,1,0,0,0,1,0,0,0,0,0,0,0,0,0,0,0,1,9,1,1,0,0,0,0,0,1,0,1,1,0,0,0,16,9,0
/home/luana-martins/.jnose_projects/okhttp/okhttp/src/test/java/okhttp3/WebPlatformUrlTest.java,okhttp3.WebPlatformUrlTest,class,8,17,2,31,3,NaN,NaN,3,1,1,2,0,0,1,0,0,0,2,2,0,2,0,0,2,0,2,68,3,0,3,1,1,36,0,10,7,9,2,0,1,0,68,17,0
/home/luana-martins/.jnose_projects/okhttp/okhttp/src/test/java/okhttp3/HttpUrlGetTest.java,okhttp3.HttpUrlGetTest,class,3,3,2,6,1,0.0,0.0,2,0,0,0,2,0,2,0,0,0,0,0,0,0,0,0,0,0,0,14,1,0,0,1,0,2,0,0,1,0,1,0,0,0,20,1,0
/home/luana-martins/.jnose_projects/okhttp/okhttp/src/test/java/okhttp3/FormBodyTest.java,okhttp3.FormBodyTest,class,5,8,1,18,28,0.0,0.0,8,0,7,1,0,0,7,0,0,0,0,0,0,0,0,0,0,0,0,146,1,0,0,0,0,116,91,20,1,20,0,0,0,0,46,17,0
/home/luana-martins/.jnose_projects/okhttp/okhttp/src/test/java/okhttp3/WholeOperationTimeoutTest.java,okhttp3.WholeOperationTimeoutTest$Anonymous4,anonymous,2,3,1,4,1,0.0,0.0,2,0,2,0,0,0,2,0,0,0,0,0,0,0,0,0,0,0,1,16,1,0,0,1,0,3,0,0,0,0,1,0,0,0,15,-1,0
/home/luana-martins/.jnose_projects/okhttp/okhttp/src/test/java/okhttp3/WholeOperationTimeoutTest.java,okhttp3.WholeOperationTimeoutTest$Anonymous3,anonymous,2,4,1,7,1,0.0,0.0,2,0,2,0,0,0,2,0,0,0,0,0,0,0,0,0,0,0,1,23,0,0,0,2,0,0,1,0,0,0,1,0,0,0,13,-1,0
/home/luana-martins/.jnose_projects/okhttp/okhttp/src/test/java/okhttp3/WholeOperationTimeoutTest.java,okhttp3.WholeOperationTimeoutTest$Anonymous2,anonymous,2,2,1,3,1,0.0,0.0,2,0,2,0,0,0,2,0,0,0,0,0,0,0,0,0,0,0,0,10,0,0,0,0,0,0,0,0,0,0,0,0,0,0,9,-1,0
/home/luana-martins/.jnose_projects/okhttp/okhttp/src/test/java/okhttp3/WholeOperationTimeoutTest.java,okhttp3.WholeOperationTimeoutTest$Anonymous1,anonymous,2,2,1,3,1,0.0,0.0,2,0,2,0,0,0,2,0,0,0,0,0,0,0,0,0,0,0,0,10,0,0,0,0,0,0,0,0,0,0,0,0,0,0,9,-1,0
/home/luana-martins/.jnose_projects/okhttp/okhttp/src/test/java/okhttp3/WholeOperationTimeoutTest.java,okhttp3.WholeOperationTimeoutTest,class,17,18,1,34,0,0.0,0.0,13,0,12,1,0,0,12,0,0,0,4,1,1,3,0,0,3,0,3,208,1,0,0,5,0,29,32,36,1,36,1,4,0,0,84,17,0
/home/luana-martins/.jnose_projects/okhttp/okhttp/src/test/java/okhttp3/DelegatingSSLSocketFactory.java,okhttp3.DelegatingSSLSocketFactory,class,1,10,3,9,0,0.0,0.0,10,0,9,0,1,0,10,0,0,0,1,0,0,1,0,0,1,0,0,39,9,0,0,0,0,0,0,7,0,7,0,0,0,0,34,1,0
/home/luana-martins/.jnose_projects/okhttp/okhttp/src/test/java/okhttp3/AutobahnTester.java,okhttp3.AutobahnTester$Anonymous3,anonymous,2,2,1,2,1,0.0,0.0,2,0,2,0,0,0,2,0,0,0,0,0,0,0,0,0,0,0,0,9,0,0,0,0,0,0,1,0,0,0,0,0,0,0,9,-1,0
/home/luana-martins/.jnose_projects/okhttp/okhttp/src/test/java/okhttp3/AutobahnTester.java,okhttp3.AutobahnTester,class,5,14,1,17,9,0.0,0.0,6,1,2,4,0,0,2,0,0,0,2,1,0,1,0,1,2,0,1,113,2,1,1,4,0,12,7,14,7,14,2,3,0,0,65,17,0
/home/luana-martins/.jnose_projects/okhttp/okhttp/src/test/java/okhttp3/AutobahnTester.java,okhttp3.AutobahnTester$Anonymous2,anonymous,2,3,1,5,3,0.0,0.0,3,0,3,0,0,0,3,0,0,0,0,0,0,0,0,0,0,0,1,13,0,0,0,0,0,0,1,0,0,0,0,0,0,0,12,-1,0
/home/luana-martins/.jnose_projects/okhttp/okhttp/src/test/java/okhttp3/AutobahnTester.java,okhttp3.AutobahnTester$Anonymous1,anonymous,3,5,1,7,10,0.0,0.0,5,0,5,0,0,0,5,0,0,0,0,0,0,0,0,0,0,0,1,20,0,0,0,0,0,2,1,0,1,0,0,0,0,0,18,-1,0
/home/luana-martins/.jnose_projects/okhttp/okhttp/src/test/java/okhttp3/PublicInternalApiTest.java,okhttp3.PublicInternalApiTest,class,3,3,1,11,3,0.0,0.0,3,0,3,0,0,0,3,0,0,0,0,0,0,0,0,0,0,0,0,15,0,0,0,0,0,7,1,2,0,2,0,0,0,0,15,1,0
/home/luana-martins/.jnose_projects/okhttp/okhttp/src/test/java/okhttp3/SocksProxyTest.java,okhttp3.SocksProxyTest$Anonymous1,anonymous,1,2,1,2,1,0.0,0.0,2,0,2,0,0,0,2,0,0,0,0,0,0,0,0,0,0,0,1,8,1,0,0,0,0,0,0,0,0,0,0,0,0,0,14,-1,0
/home/luana-martins/.jnose_projects/okhttp/okhttp/src/test/java/okhttp3/SocksProxyTest.java,okhttp3.SocksProxyTest,class,13,5,1,19,0,0.0,0.0,5,0,5,0,0,0,5,0,0,0,4,0,2,2,0,0,3,0,0,51,0,0,0,0,0,12,3,17,0,17,0,1,0,0,40,17,0
/home/luana-martins/.jnose_projects/okhttp/okhttp-sse/src/test/java/okhttp3/sse/internal/Event.java,okhttp3.sse.internal.Event,class,2,7,1,4,0,0.0,0.0,4,0,3,0,0,1,4,0,0,0,3,0,0,0,0,3,3,0,4,26,5,0,2,0,1,5,2,7,5,5,1,0,0,0,19,16,0
/home/luana-martins/.jnose_projects/okhttp/okhttp-sse/src/test/java/okhttp3/sse/internal/ServerSentEventIteratorTest.java,okhttp3.sse.internal.ServerSentEventIteratorTest$Anonymous1,anonymous,2,2,1,1,1,0.0,0.0,2,0,2,0,0,0,2,0,0,0,0,0,0,0,0,0,0,0,0,8,0,0,0,0,0,0,0,0,0,0,0,0,0,0,7,-1,0
/home/luana-martins/.jnose_projects/okhttp/okhttp-sse/src/test/java/okhttp3/sse/internal/ServerSentEventIteratorTest.java,okhttp3.sse.internal.ServerSentEventIteratorTest,class,6,19,1,10,0,0.0,0.0,18,0,17,1,0,0,17,0,0,0,1,0,0,1,0,0,1,0,0,95,0,1,0,0,0,136,3,4,17,4,1,1,0,0,65,17,0
/home/luana-martins/.jnose_projects/okhttp/okhttp-sse/src/test/java/okhttp3/sse/internal/EventSourceHttpTest.java,okhttp3.sse.internal.EventSourceHttpTest,class,17,12,1,27,0,0.0,0.0,11,0,9,2,0,0,9,0,0,0,5,0,2,3,0,0,3,0,0,74,2,0,1,0,0,47,5,14,5,12,1,0,0,0,53,17,0
/home/luana-martins/.jnose_projects/okhttp/okhttp-sse/src/test/java/okhttp3/sse/internal/EventSourceRecorder.java,okhttp3.sse.internal.EventSourceRecorder$Open,innerclass,2,2,1,0,0,0.0,0.0,2,0,1,0,0,1,2,0,0,0,2,0,0,0,0,2,2,0,0,11,1,0,0,0,0,1,0,2,1,2,0,0,0,0,8,24,0
/home/luana-martins/.jnose_projects/okhttp/okhttp-sse/src/test/java/okhttp3/sse/internal/EventSourceRecorder.java,okhttp3.sse.internal.EventSourceRecorder$Closed,innerclass,0,1,1,0,0,NaN,NaN,1,0,1,0,0,0,1,0,0,0,0,0,0,0,0,0,0,0,0,5,1,0,0,0,0,1,0,0,0,0,0,0,0,0,3,24,0
/home/luana-martins/.jnose_projects/okhttp/okhttp-sse/src/test/java/okhttp3/sse/internal/EventSourceRecorder.java,okhttp3.sse.internal.EventSourceRecorder,class,9,16,2,10,15,0.0,0.0,10,0,9,1,0,0,9,0,0,0,1,0,0,1,0,0,1,0,0,103,2,0,2,1,6,8,1,6,3,6,2,0,3,0,32,17,0
/home/luana-martins/.jnose_projects/okhttp/okhttp-sse/src/test/java/okhttp3/sse/internal/EventSourceRecorder.java,okhttp3.sse.internal.EventSourceRecorder$Failure,innerclass,1,5,1,2,0,0.0,0.0,2,0,1,0,0,1,2,0,0,0,3,0,0,0,0,3,3,0,0,24,2,0,2,1,0,4,0,5,2,4,2,0,0,0,13,24,0
/home/luana-martins/.jnose_projects/okhttp/mockwebserver-deprecated/src/test/java/okhttp3/mockwebserver/MockWebServerTest.java,okhttp3.mockwebserver.MockWebServerTest$Anonymous1,anonymous,0,1,1,4,0,NaN,NaN,1,0,1,0,0,0,1,0,0,0,0,0,0,0,0,0,0,0,0,6,0,0,0,0,0,1,0,0,0,0,0,0,0,0,3,-1,0
/home/luana-martins/.jnose_projects/okhttp/mockwebserver-deprecated/src/test/java/okhttp3/mockwebserver/MockWebServerTest.java,okhttp3.mockwebserver.MockWebServerTest,class,20,56,1,111,0,0.0,0.0,40,1,39,1,0,0,39,0,0,0,2,0,1,1,0,0,1,0,13,413,2,3,1,12,3,114,49,96,12,96,3,1,0,1,211,17,0
/home/luana-martins/.jnose_projects/okhttp/okcurl/src/test/java/okhttp3/curl/MainTest.java,okhttp3.curl.MainTest,class,6,12,1,18,55,0.0,0.0,11,2,10,1,0,0,10,0,0,0,0,0,0,0,0,0,0,0,12,73,2,0,0,1,0,57,1,13,0,13,1,0,0,0,47,1,0
/home/luana-martins/.jnose_projects/okhttp/okhttp-logging-interceptor/src/test/java/okhttp3/logging/LoggingEventListenerTest.java,okhttp3.logging.LoggingEventListenerTest$LogRecorder,innerclass,2,1,2,1,0,NaN,NaN,1,0,0,0,0,1,1,0,0,0,0,0,0,0,0,0,0,0,0,5,1,0,0,0,0,1,0,0,1,0,0,0,0,0,5,10,0
/home/luana-martins/.jnose_projects/okhttp/okhttp-logging-interceptor/src/test/java/okhttp3/logging/LoggingEventListenerTest.java,okhttp3.logging.LoggingEventListenerTest,class,23,10,2,41,0,0.0,0.0,8,0,7,1,0,0,7,0,0,0,8,1,1,7,0,0,5,0,1,88,1,0,0,2,0,104,1,17,29,15,1,0,1,1,91,17,0
/home/luana-martins/.jnose_projects/okhttp/okhttp-logging-interceptor/src/test/java/okhttp3/logging/HttpLoggingInterceptorTest.java,okhttp3.logging.HttpLoggingInterceptorTest$Anonymous3,anonymous,3,3,1,4,1,0.0,0.0,3,0,3,0,0,0,3,0,0,0,1,0,0,0,0,1,0,0,0,15,2,0,0,0,0,1,2,1,0,1,0,0,0,0,20,-1,0
/home/luana-martins/.jnose_projects/okhttp/okhttp-logging-interceptor/src/test/java/okhttp3/logging/HttpLoggingInterceptorTest.java,okhttp3.logging.HttpLoggingInterceptorTest$LogRecorder,innerclass,2,4,1,10,0,0.0,0.0,4,0,1,0,0,3,4,0,0,0,2,0,0,2,0,0,1,0,1,22,2,0,0,0,0,3,0,3,1,4,0,0,0,0,18,8,0
/home/luana-martins/.jnose_projects/okhttp/okhttp-logging-interceptor/src/test/java/okhttp3/logging/HttpLoggingInterceptorTest.java,okhttp3.logging.HttpLoggingInterceptorTest$Anonymous2,anonymous,3,3,1,2,3,0.0,0.0,3,0,3,0,0,0,3,0,0,0,0,0,0,0,0,0,0,0,0,12,2,0,0,0,0,1,0,0,0,0,0,0,0,0,16,-1,0
/home/luana-martins/.jnose_projects/okhttp/okhttp-logging-interceptor/src/test/java/okhttp3/logging/HttpLoggingInterceptorTest.java,okhttp3.logging.HttpLoggingInterceptorTest$Anonymous1,anonymous,2,2,1,1,1,0.0,0.0,2,0,2,0,0,0,2,0,0,0,0,0,0,0,0,0,0,0,0,8,1,0,0,0,0,1,0,0,0,0,0,0,0,0,15,-1,0
/home/luana-martins/.jnose_projects/okhttp/okhttp-logging-interceptor/src/test/java/okhttp3/logging/HttpLoggingInterceptorTest.java,okhttp3.logging.HttpLoggingInterceptorTest,class,26,38,1,56,0,0.0,0.0,33,0,30,3,0,0,30,0,0,0,13,1,1,12,0,0,8,0,0,344,1,2,1,2,0,448,12,51,107,48,1,3,1,3,142,17,0
/home/luana-martins/.jnose_projects/okhttp/mockwebserver/src/test/java/mockwebserver3/internal/http2/Http2Server.java,mockwebserver3.internal.http2.Http2Server,class,8,33,2,52,32,0.0,0.0,9,1,3,6,0,0,3,0,0,0,3,1,0,2,0,1,3,0,5,116,10,3,6,3,1,44,5,26,7,24,3,0,0,0,80,17,0
/home/luana-martins/.jnose_projects/okhttp/mockwebserver/src/test/java/mockwebserver3/CustomDispatcherTest.java,mockwebserver3.CustomDispatcherTest$Anonymous2,anonymous,2,2,1,3,0,NaN,NaN,1,0,1,0,0,0,1,0,0,0,0,0,0,0,0,0,0,0,0,8,1,0,0,0,0,0,0,0,0,0,1,0,0,0,9,-1,0
/home/luana-martins/.jnose_projects/okhttp/mockwebserver/src/test/java/mockwebserver3/CustomDispatcherTest.java,mockwebserver3.CustomDispatcherTest,class,7,5,1,13,0,0.0,0.0,4,0,3,1,0,0,3,0,0,0,1,0,0,1,0,0,0,0,0,63,1,0,0,1,0,3,8,15,0,15,2,2,0,1,49,1,0
/home/luana-martins/.jnose_projects/okhttp/mockwebserver/src/test/java/mockwebserver3/CustomDispatcherTest.java,mockwebserver3.CustomDispatcherTest$Anonymous1,anonymous,2,1,1,1,0,NaN,NaN,1,0,1,0,0,0,1,0,0,0,0,0,0,0,0,0,0,0,0,6,1,0,0,0,0,0,0,0,0,0,0,0,0,0,6,-1,0
/home/luana-martins/.jnose_projects/okhttp/mockwebserver/src/test/java/mockwebserver3/RecordedRequestTest.java,mockwebserver3.RecordedRequestTest$FakeSocket,innerclass,0,6,2,0,3,0.0,0.0,6,0,4,2,0,0,4,0,0,0,4,0,0,4,0,0,4,0,0,27,4,0,0,0,0,0,1,4,0,4,0,0,0,0,9,10,0
/home/luana-martins/.jnose_projects/okhttp/mockwebserver/src/test/java/mockwebserver3/RecordedRequestTest.java,mockwebserver3.RecordedRequestTest,class,7,5,2,6,0,0.0,0.0,5,0,5,0,0,0,5,0,0,0,1,0,0,1,0,0,0,0,10,55,0,0,0,0,0,16,60,11,0,11,0,0,1,0,27,1,0
/home/luana-martins/.jnose_projects/okhttp/mockwebserver/src/test/java/mockwebserver3/MockWebServerTest.java,mockwebserver3.MockWebServerTest,class,19,55,1,106,0,0.0,0.0,40,1,39,1,0,0,39,0,0,0,2,0,1,1,0,0,0,0,13,402,2,3,1,11,3,113,49,95,12,95,3,0,0,1,203,17,0
/home/luana-martins/.jnose_projects/okhttp/regression-test/src/androidTest/java/okhttp/regression/LetsEncryptTest.java,okhttp.regression.LetsEncryptTest,class,7,12,1,16,3,0.0,0.0,3,0,2,1,0,0,2,0,0,0,0,0,0,0,0,0,0,0,1,44,0,0,2,3,0,36,4,11,1,11,2,0,0,0,195,1,0
/home/luana-martins/.jnose_projects/okhttp/regression-test/src/androidTest/java/okhttp/regression/compare/OkHttpClientTest.java,okhttp.regression.compare.OkHttpClientTest,class,5,1,1,7,0,NaN,NaN,1,0,1,0,0,0,1,0,0,0,0,0,0,0,0,0,0,0,0,10,0,0,0,1,0,1,1,3,0,3,1,0,0,0,16,1,0
/home/luana-martins/.jnose_projects/okhttp/okhttp-hpacktests/src/test/java/okhttp3/internal/http2/HpackDecodeInteropTest.java,okhttp3.internal.http2.HpackDecodeInteropTest,class,6,2,3,2,0,NaN,NaN,1,0,1,0,0,0,1,0,0,0,0,0,0,0,0,0,0,0,0,11,0,0,1,0,0,1,0,0,0,0,0,0,1,0,14,1,0
/home/luana-martins/.jnose_projects/okhttp/okhttp-hpacktests/src/test/java/okhttp3/internal/http2/HpackDecodeInteropTest.java,okhttp3.internal.http2.HpackDecodeInteropTest$StoriesTestProvider,innerclass,4,1,2,2,0,NaN,NaN,1,0,1,0,0,0,1,0,0,0,0,0,0,0,0,0,0,0,2,5,1,0,0,0,0,0,0,0,0,0,0,0,0,0,11,8,0
/home/luana-martins/.jnose_projects/okhttp/okhttp-hpacktests/src/test/java/okhttp3/internal/http2/HpackDecodeTestBase.java,okhttp3.internal.http2.HpackDecodeTestBase,class,8,7,1,15,1,0.0,0.0,3,2,0,1,2,0,2,0,0,0,2,0,0,2,0,0,2,0,4,27,2,3,1,0,0,1,2,4,0,4,2,0,0,0,61,1,0
/home/luana-martins/.jnose_projects/okhttp/okhttp-hpacktests/src/test/java/okhttp3/internal/http2/HpackRoundTripTest.java,okhttp3.internal.http2.HpackRoundTripTest$StoriesTestProvider,innerclass,3,1,2,1,0,NaN,NaN,1,0,1,0,0,0,1,0,0,0,0,0,0,0,0,0,0,0,1,5,1,0,0,0,0,0,0,0,0,0,0,0,0,0,13,8,0
/home/luana-martins/.jnose_projects/okhttp/okhttp-hpacktests/src/test/java/okhttp3/internal/http2/HpackRoundTripTest.java,okhttp3.internal.http2.HpackRoundTripTest,class,10,3,3,8,0,NaN,NaN,1,0,1,0,0,0,1,0,0,0,3,1,0,3,0,0,1,0,0,19,0,1,1,0,0,2,0,4,0,4,1,0,1,0,33,1,0
/home/luana-martins/.jnose_projects/okhttp/okhttp-hpacktests/src/test/java/okhttp3/internal/http2/hpackjson/HpackJsonUtil.java,okhttp3.internal.http2.hpackjson.HpackJsonUtil,class,4,14,1,24,8,0.0,0.0,5,4,2,3,0,0,2,0,0,0,4,4,0,4,0,0,4,0,4,59,5,2,2,2,0,4,4,13,0,13,4,0,0,0,78,17,0
/home/luana-martins/.jnose_projects/okhttp/okhttp-hpacktests/src/test/java/okhttp3/internal/http2/hpackjson/Story.java,okhttp3.internal.http2.hpackjson.Story,class,2,7,1,3,0,0.0,0.0,5,0,4,0,0,1,6,0,0,0,5,1,1,4,0,0,1,0,0,33,4,1,0,0,0,1,0,7,0,6,1,0,0,0,54,1,0
/home/luana-martins/.jnose_projects/okhttp/okhttp-hpacktests/src/test/java/okhttp3/internal/http2/hpackjson/Case.java,okhttp3.internal.http2.hpackjson.Case,class,3,7,1,9,0,0.0,0.0,5,0,4,0,1,0,5,0,0,0,3,0,0,3,0,0,0,0,0,32,4,2,0,0,0,0,0,7,0,6,1,0,0,0,42,1,0
/home/luana-martins/.jnose_projects/okhttp/okhttp-dnsoverhttps/src/test/java/okhttp3/dnsoverhttps/DnsOverHttpsTest.java,okhttp3.dnsoverhttps.DnsOverHttpsTest,class,18,15,1,40,0,0.0,0.0,11,1,8,3,0,0,8,0,0,0,4,0,1,3,0,0,2,0,15,119,3,0,0,4,0,69,12,27,12,23,1,0,0,0,78,1,0
/home/luana-martins/.jnose_projects/okhttp/okhttp-dnsoverhttps/src/test/java/okhttp3/dnsoverhttps/TestDohMain.java,okhttp3.dnsoverhttps.TestDohMain,class,7,7,1,28,1,NaN,NaN,2,2,1,1,0,0,1,0,0,0,0,0,0,0,0,0,0,0,14,57,0,3,2,2,2,15,5,16,7,10,4,0,0,0,45,1,0
/home/luana-martins/.jnose_projects/okhttp/okhttp-dnsoverhttps/src/test/java/okhttp3/dnsoverhttps/DnsRecordCodecTest.java,okhttp3.dnsoverhttps.DnsRecordCodecTest,class,2,8,1,12,21,0.0,0.0,7,0,6,1,0,0,6,0,0,0,0,0,0,0,0,0,0,0,3,34,1,0,0,1,0,27,0,5,4,5,1,0,0,0,29,1,0
/home/luana-martins/.jnose_projects/okhttp/okhttp-dnsoverhttps/src/test/java/okhttp3/dnsoverhttps/DohProviders.java,okhttp3.dnsoverhttps.DohProviders,class,3,14,1,17,45,0.0,0.0,10,10,1,1,0,8,9,0,0,0,0,0,0,0,0,0,0,0,16,51,10,0,0,1,0,16,0,1,0,1,1,0,0,0,54,1,0
/home/luana-martins/.jnose_projects/okhttp/samples/guide/src/main/java/okhttp3/recipes/PostFile.java,okhttp3.recipes.PostFile,class,4,3,1,12,1,0.0,0.0,2,1,2,0,0,0,2,0,0,0,2,1,1,1,0,0,2,0,0,15,0,0,0,1,0,4,0,5,1,5,2,0,0,0,36,17,0
/home/luana-martins/.jnose_projects/okhttp/samples/guide/src/main/java/okhttp3/recipes/CacheResponse.java,okhttp3.recipes.CacheResponse,class,4,5,1,14,1,0.0,0.0,3,1,3,0,0,0,3,0,0,0,1,0,0,1,0,0,1,0,0,31,0,0,0,2,0,11,3,8,10,8,2,0,0,0,24,17,0
/home/luana-martins/.jnose_projects/okhttp/samples/guide/src/main/java/okhttp3/recipes/SynchronousGet.java,okhttp3.recipes.SynchronousGet,class,4,4,1,13,1,0.0,0.0,2,1,2,0,0,0,2,0,0,0,1,0,0,1,0,0,1,0,0,17,0,1,0,1,0,3,1,5,2,5,2,0,0,0,19,17,0
/home/luana-martins/.jnose_projects/okhttp/samples/guide/src/main/java/okhttp3/recipes/CheckHandshake.java,okhttp3.recipes.CheckHandshake$Anonymous1,anonymous,2,3,1,8,0,NaN,NaN,1,0,1,0,0,0,1,0,0,0,1,0,0,0,0,1,0,0,1,12,1,1,0,0,0,2,0,2,1,2,2,0,0,0,30,-1,0
/home/luana-martins/.jnose_projects/okhttp/samples/guide/src/main/java/okhttp3/recipes/CheckHandshake.java,okhttp3.recipes.CheckHandshake,class,4,3,1,10,1,0.0,0.0,2,1,2,0,0,0,2,0,0,0,2,1,0,2,0,0,2,0,0,26,0,0,0,1,0,2,0,4,1,4,2,1,0,0,33,17,0
/home/luana-martins/.jnose_projects/okhttp/samples/guide/src/main/java/okhttp3/recipes/PrintEvents.java,okhttp3.recipes.PrintEvents$PrintingEventListener$Anonymous3,anonymous,3,1,1,5,0,NaN,NaN,1,0,1,0,0,0,1,0,0,0,1,0,0,0,0,1,1,0,1,8,1,0,0,0,0,1,1,2,0,2,0,0,0,0,12,-1,0
/home/luana-martins/.jnose_projects/okhttp/samples/guide/src/main/java/okhttp3/recipes/PrintEvents.java,okhttp3.recipes.PrintEvents$Anonymous2,anonymous,2,2,1,3,1,0.0,0.0,2,0,2,0,0,0,2,0,0,0,0,0,0,0,0,0,0,0,0,9,0,0,0,1,0,0,0,1,0,1,1,0,0,0,11,-1,0
/home/luana-martins/.jnose_projects/okhttp/samples/guide/src/main/java/okhttp3/recipes/PrintEvents.java,okhttp3.recipes.PrintEvents$PrintingEventListener,innerclass,10,27,2,3,349,0.0,0.0,27,0,25,1,0,1,26,0,0,0,3,1,0,1,0,2,3,0,1,96,0,0,0,0,0,26,1,4,2,4,0,1,0,0,59,26,0
/home/luana-martins/.jnose_projects/okhttp/samples/guide/src/main/java/okhttp3/recipes/PrintEvents.java,okhttp3.recipes.PrintEvents$Anonymous1,anonymous,2,2,1,3,1,0.0,0.0,2,0,2,0,0,0,2,0,0,0,0,0,0,0,0,0,0,0,0,9,0,0,0,1,0,0,0,1,0,1,1,0,0,0,11,-1,0
/home/luana-martins/.jnose_projects/okhttp/samples/guide/src/main/java/okhttp3/recipes/PrintEvents.java,okhttp3.recipes.PrintEvents,class,5,2,2,6,1,0.0,0.0,2,1,2,0,0,0,2,0,0,0,1,0,0,1,0,0,1,0,0,126,0,0,0,0,0,2,0,3,0,3,0,2,1,0,17,17,0
/home/luana-martins/.jnose_projects/okhttp/samples/guide/src/main/java/okhttp3/recipes/PostString.java,okhttp3.recipes.PostString,class,4,3,1,12,1,0.0,0.0,2,1,2,0,0,0,2,0,0,0,2,1,1,1,0,0,2,0,0,15,0,0,0,1,0,10,0,5,2,5,2,0,0,0,40,17,0
/home/luana-martins/.jnose_projects/okhttp/samples/guide/src/main/java/okhttp3/recipes/RewriteResponseCacheControl.java,okhttp3.recipes.RewriteResponseCacheControl,class,6,6,1,17,1,0.0,0.0,3,1,3,0,0,0,3,0,0,0,2,1,0,2,0,0,2,0,0,36,1,1,2,1,1,9,5,9,4,9,3,0,0,1,47,17,0
/home/luana-martins/.jnose_projects/okhttp/samples/guide/src/main/java/okhttp3/recipes/ParseResponseWithMoshi.java,okhttp3.recipes.ParseResponseWithMoshi,class,7,4,1,14,1,0.0,0.0,2,1,2,0,0,0,2,0,0,0,3,0,0,3,0,0,3,0,0,25,0,1,0,1,0,2,0,6,1,6,2,0,2,0,25,17,0
/home/luana-martins/.jnose_projects/okhttp/samples/guide/src/main/java/okhttp3/recipes/ParseResponseWithMoshi.java,okhttp3.recipes.ParseResponseWithMoshi$Gist,innerclass,1,0,1,0,0,-1.0,-1.0,0,0,0,0,0,0,0,0,0,0,1,0,0,0,0,1,0,0,0,3,0,0,0,0,0,0,0,0,0,1,0,0,0,0,2,8,0
/home/luana-martins/.jnose_projects/okhttp/samples/guide/src/main/java/okhttp3/recipes/ParseResponseWithMoshi.java,okhttp3.recipes.ParseResponseWithMoshi$GistFile,innerclass,0,0,1,0,0,-1.0,-1.0,0,0,0,0,0,0,0,0,0,0,1,0,0,0,0,1,0,0,0,3,0,0,0,0,0,0,0,0,0,1,0,0,0,0,3,8,0
/home/luana-martins/.jnose_projects/okhttp/samples/guide/src/main/java/okhttp3/recipes/PostStreamingWithPipe.java,okhttp3.recipes.PostStreamingWithPipe$Anonymous1,anonymous,1,6,1,8,1,NaN,NaN,2,0,1,1,0,0,1,0,0,0,0,0,0,0,0,0,0,0,3,24,2,2,1,1,0,4,4,3,3,3,2,0,0,0,10,-1,0
/home/luana-martins/.jnose_projects/okhttp/samples/guide/src/main/java/okhttp3/recipes/PostStreamingWithPipe.java,okhttp3.recipes.PostStreamingWithPipe$PipeBody,innerclass,4,3,2,4,1,0.0,0.0,3,0,3,0,0,0,3,0,0,0,2,0,0,2,0,0,2,0,0,13,2,0,0,0,0,0,1,2,0,2,0,0,0,0,54,24,0
/home/luana-martins/.jnose_projects/okhttp/samples/guide/src/main/java/okhttp3/recipes/PostStreamingWithPipe.java,okhttp3.recipes.PostStreamingWithPipe,class,7,4,2,14,3,0.0,0.0,3,1,2,1,0,0,2,0,0,0,2,1,1,1,0,0,2,0,0,57,0,0,0,1,0,4,0,6,1,6,2,1,1,0,48,17,0
/home/luana-martins/.jnose_projects/okhttp/samples/guide/src/main/java/okhttp3/recipes/PerCallSettings.java,okhttp3.recipes.PerCallSettings,class,3,4,1,9,1,0.0,0.0,2,1,2,0,0,0,2,0,0,0,1,0,0,1,0,0,1,0,0,23,0,0,0,2,0,5,2,6,4,6,1,0,0,0,21,17,0
/home/luana-martins/.jnose_projects/okhttp/samples/guide/src/main/java/okhttp3/recipes/AccessHeaders.java,okhttp3.recipes.AccessHeaders,class,3,3,1,10,1,0.0,0.0,2,1,2,0,0,0,2,0,0,0,1,0,0,1,0,0,1,0,0,15,0,0,0,1,0,14,0,3,4,3,2,0,0,0,22,17,0
/home/luana-martins/.jnose_projects/okhttp/samples/guide/src/main/java/okhttp3/recipes/ConfigureTimeouts.java,okhttp3.recipes.ConfigureTimeouts,class,3,3,1,10,1,0.0,0.0,3,1,3,0,0,0,3,0,0,0,1,0,0,1,0,0,1,0,0,15,0,0,0,1,0,2,4,3,1,3,1,0,0,0,15,17,0
/home/luana-martins/.jnose_projects/okhttp/samples/guide/src/main/java/okhttp3/recipes/CertificatePinning.java,okhttp3.recipes.CertificatePinning,class,4,4,1,12,1,0.0,0.0,2,1,2,0,0,0,2,0,0,0,1,0,0,1,0,0,1,0,0,15,0,1,0,1,0,4,0,3,1,3,2,0,0,0,33,17,0
/home/luana-martins/.jnose_projects/okhttp/samples/guide/src/main/java/okhttp3/recipes/Progress.java,okhttp3.recipes.Progress$ProgressResponseBody,innerclass,8,6,2,5,0,0.0,0.0,5,0,3,1,0,1,4,0,0,0,3,0,0,3,0,0,2,0,0,33,4,0,1,0,0,0,0,3,0,3,1,1,0,0,16,10,0
/home/luana-martins/.jnose_projects/okhttp/samples/guide/src/main/java/okhttp3/recipes/Progress.java,okhttp3.recipes.Progress$ProgressListener,interface,0,1,1,0,0,NaN,NaN,1,0,0,0,0,1,1,0,0,0,0,0,0,0,0,0,0,0,0,3,0,0,0,0,0,0,0,0,0,0,0,0,0,0,4,0,0
/home/luana-martins/.jnose_projects/okhttp/samples/guide/src/main/java/okhttp3/recipes/Progress.java,okhttp3.recipes.Progress$Anonymous1,anonymous,0,5,1,3,0,NaN,NaN,1,0,1,0,0,0,1,0,0,0,1,0,0,0,0,1,0,0,0,23,0,0,2,0,1,4,3,2,2,1,3,0,0,0,10,-1,0
/home/luana-martins/.jnose_projects/okhttp/samples/guide/src/main/java/okhttp3/recipes/Progress.java,okhttp3.recipes.Progress,class,7,3,2,13,1,0.0,0.0,2,1,2,0,0,0,2,0,0,0,0,0,0,0,0,0,0,0,0,77,1,0,0,1,0,2,0,5,1,6,2,1,2,1,21,17,0
/home/luana-martins/.jnose_projects/okhttp/samples/guide/src/main/java/okhttp3/recipes/Progress.java,okhttp3.recipes.Progress$ProgressResponseBody$Anonymous2,anonymous,2,3,1,3,0,NaN,NaN,1,0,1,0,0,0,1,0,0,0,1,0,0,0,0,1,0,0,0,9,1,0,2,0,0,0,4,3,0,2,0,0,0,0,13,-1,0
/home/luana-martins/.jnose_projects/okhttp/samples/guide/src/main/java/okhttp3/recipes/PrintEventsNonConcurrent.java,okhttp3.recipes.PrintEventsNonConcurrent$PrintingEventListener,innerclass,9,27,2,4,325,0.0,0.0,26,0,25,1,0,0,25,0,0,0,1,0,0,0,0,1,0,0,1,86,0,0,0,0,0,27,1,3,2,3,1,0,0,0,52,26,0
/home/luana-martins/.jnose_projects/okhttp/samples/guide/src/main/java/okhttp3/recipes/PrintEventsNonConcurrent.java,okhttp3.recipes.PrintEventsNonConcurrent,class,5,2,2,10,1,0.0,0.0,2,1,2,0,0,0,2,0,0,0,1,0,0,1,0,0,1,0,0,103,0,0,0,2,0,3,0,4,0,4,1,0,1,0,41,17,0
/home/luana-martins/.jnose_projects/okhttp/samples/guide/src/main/java/okhttp3/recipes/RequestBodyCompression.java,okhttp3.recipes.RequestBodyCompression$GzipRequestInterceptor,innerclass,7,4,1,8,1,NaN,NaN,2,0,1,1,0,0,1,0,0,0,0,0,0,0,0,0,0,0,0,26,3,0,2,0,0,3,0,2,0,2,1,1,0,0,27,8,0
/home/luana-martins/.jnose_projects/okhttp/samples/guide/src/main/java/okhttp3/recipes/RequestBodyCompression.java,okhttp3.recipes.RequestBodyCompression,class,9,3,1,17,1,0.0,0.0,2,1,2,0,0,0,2,0,0,0,5,2,2,3,0,0,5,0,0,46,0,0,0,1,0,6,0,9,2,9,2,0,1,0,60,17,0
/home/luana-martins/.jnose_projects/okhttp/samples/guide/src/main/java/okhttp3/recipes/RequestBodyCompression.java,okhttp3.recipes.RequestBodyCompression$GzipRequestInterceptor$Anonymous1,anonymous,3,3,1,4,3,0.0,0.0,3,0,3,0,0,0,3,0,0,0,0,0,0,0,0,0,0,0,0,13,2,0,0,0,0,0,1,1,0,1,0,0,0,0,14,-1,0
/home/luana-martins/.jnose_projects/okhttp/samples/guide/src/main/java/okhttp3/recipes/PreemptiveAuth.java,okhttp3.recipes.PreemptiveAuth,class,5,4,1,10,1,0.0,0.0,3,1,3,0,0,0,3,0,0,0,1,0,0,1,0,0,1,0,0,31,0,0,0,1,0,5,0,3,1,3,2,0,1,0,20,17,0
/home/luana-martins/.jnose_projects/okhttp/samples/guide/src/main/java/okhttp3/recipes/PreemptiveAuth.java,okhttp3.recipes.PreemptiveAuth$BasicAuthInterceptor,innerclass,4,3,1,9,0,0.0,0.0,2,0,1,0,0,1,2,0,0,0,2,0,0,2,0,0,2,0,0,15,1,0,0,0,0,1,0,4,0,3,1,0,0,0,15,24,0
/home/luana-martins/.jnose_projects/okhttp/samples/guide/src/main/java/okhttp3/recipes/LoggingInterceptors.java,okhttp3.recipes.LoggingInterceptors$LoggingInterceptor,innerclass,4,1,1,8,0,NaN,NaN,1,0,1,0,0,0,1,0,0,0,0,0,0,0,0,0,0,0,4,11,1,0,0,0,1,2,1,4,2,4,0,0,0,0,16,10,2
/home/luana-martins/.jnose_projects/okhttp/samples/guide/src/main/java/okhttp3/recipes/LoggingInterceptors.java,okhttp3.recipes.LoggingInterceptors,class,6,2,1,10,1,0.0,0.0,2,1,2,0,0,0,2,0,0,0,2,1,0,2,0,0,2,0,1,23,0,0,0,0,0,1,0,4,0,4,0,0,1,0,17,17,0
/home/luana-martins/.jnose_projects/okhttp/samples/guide/src/main/java/okhttp3/recipes/AsynchronousGet.java,okhttp3.recipes.AsynchronousGet,class,4,2,1,5,1,0.0,0.0,2,1,2,0,0,0,2,0,0,0,1,0,0,1,0,0,1,0,0,25,0,0,0,0,0,1,0,2,0,2,0,1,0,0,13,17,0
/home/luana-martins/.jnose_projects/okhttp/samples/guide/src/main/java/okhttp3/recipes/AsynchronousGet.java,okhttp3.recipes.AsynchronousGet$Anonymous1,anonymous,3,4,1,9,1,0.0,0.0,2,0,2,0,0,0,2,0,0,0,0,0,0,0,0,0,0,0,0,15,0,1,0,1,0,2,1,4,2,4,2,0,0,0,14,-1,0
/home/luana-martins/.jnose_projects/okhttp/samples/guide/src/main/java/okhttp3/recipes/PostForm.java,okhttp3.recipes.PostForm,class,5,3,1,11,1,0.0,0.0,2,1,2,0,0,0,2,0,0,0,1,0,0,1,0,0,1,0,0,14,0,0,0,1,0,4,0,4,1,4,2,0,0,0,20,17,0
/home/luana-martins/.jnose_projects/okhttp/samples/guide/src/main/java/okhttp3/recipes/CustomTrust.java,okhttp3.recipes.CustomTrust,class,5,5,1,17,1,0.0,0.0,3,1,3,0,0,0,3,0,0,0,4,0,0,1,0,3,1,0,0,26,0,1,0,1,0,94,1,9,5,9,3,0,0,0,276,17,0
/home/luana-martins/.jnose_projects/okhttp/samples/guide/src/main/java/okhttp3/recipes/CustomCipherSuites.java,okhttp3.recipes.CustomCipherSuites$DelegatingSSLSocketFactory,innerclass,1,9,3,8,0,0.0,0.0,9,0,7,0,1,1,9,0,0,0,1,0,0,0,1,0,1,0,0,30,8,0,0,0,0,0,0,1,0,1,0,0,0,0,38,8,0
/home/luana-martins/.jnose_projects/okhttp/samples/guide/src/main/java/okhttp3/recipes/CustomCipherSuites.java,okhttp3.recipes.CustomCipherSuites,class,6,10,3,30,13,0.0,0.0,6,1,3,3,0,0,3,0,0,0,1,0,0,1,0,0,1,0,6,79,3,1,1,1,1,4,5,14,2,13,2,1,1,0,61,17,0
/home/luana-martins/.jnose_projects/okhttp/samples/guide/src/main/java/okhttp3/recipes/CustomCipherSuites.java,okhttp3.recipes.CustomCipherSuites$Anonymous1,anonymous,1,1,1,3,0,NaN,NaN,1,0,0,0,1,0,1,0,0,0,0,0,0,0,0,0,0,0,0,6,1,0,0,0,0,0,0,0,0,0,0,0,0,0,10,-1,0
/home/luana-martins/.jnose_projects/okhttp/samples/guide/src/main/java/okhttp3/recipes/CurrentDateHeader.java,okhttp3.recipes.CurrentDateHeader,class,5,2,1,9,1,0.0,0.0,2,1,2,0,0,0,2,0,0,0,1,0,0,1,0,0,1,0,0,20,0,0,0,1,0,2,0,3,0,3,1,0,1,0,16,17,0
/home/luana-martins/.jnose_projects/okhttp/samples/guide/src/main/java/okhttp3/recipes/CurrentDateHeader.java,okhttp3.recipes.CurrentDateHeader$CurrentDateInterceptor,innerclass,5,1,1,6,0,NaN,NaN,1,0,1,0,0,0,1,0,0,0,0,0,0,0,0,0,0,0,0,8,1,0,0,0,0,1,0,3,0,3,0,0,0,0,14,8,0
/home/luana-martins/.jnose_projects/okhttp/samples/guide/src/main/java/okhttp3/recipes/CancelCall.java,okhttp3.recipes.CancelCall,class,4,3,1,10,1,0.0,0.0,2,1,2,0,0,0,2,0,0,0,2,0,0,2,0,0,2,0,7,25,0,0,0,1,5,6,7,6,10,6,1,0,0,1,35,1,0
/home/luana-martins/.jnose_projects/okhttp/samples/guide/src/main/java/okhttp3/recipes/Authenticate.java,okhttp3.recipes.Authenticate$Anonymous1,anonymous,3,2,1,7,0,NaN,NaN,1,0,1,0,0,0,1,0,0,0,0,0,0,0,0,0,0,0,0,11,2,0,1,0,0,6,0,1,2,1,1,0,0,0,10,-1,0
/home/luana-martins/.jnose_projects/okhttp/samples/guide/src/main/java/okhttp3/recipes/Authenticate.java,okhttp3.recipes.Authenticate,class,4,4,1,10,1,0.0,0.0,3,1,3,0,0,0,3,0,0,0,1,0,0,1,0,0,1,0,0,27,0,0,0,1,0,2,0,3,1,3,2,1,0,0,18,17,0
/home/luana-martins/.jnose_projects/okhttp/samples/guide/src/main/java/okhttp3/recipes/PostMultipart.java,okhttp3.recipes.PostMultipart,class,6,3,1,15,1,0.0,0.0,2,1,2,0,0,0,2,0,0,0,3,2,0,3,0,0,3,0,0,16,0,0,0,1,0,11,0,6,2,6,2,0,0,0,50,17,0
/home/luana-martins/.jnose_projects/okhttp/samples/guide/src/main/java/okhttp3/recipes/PostStreaming.java,okhttp3.recipes.PostStreaming$Anonymous1,anonymous,3,6,1,4,3,0.0,0.0,3,0,2,1,0,0,2,0,0,0,0,0,0,0,0,0,0,0,2,19,3,2,1,0,0,4,3,3,3,3,2,0,0,0,27,-1,0
/home/luana-martins/.jnose_projects/okhttp/samples/guide/src/main/java/okhttp3/recipes/PostStreaming.java,okhttp3.recipes.PostStreaming,class,5,3,1,11,1,0.0,0.0,2,1,2,0,0,0,2,0,0,0,2,1,1,1,0,0,2,0,0,34,0,0,0,1,0,3,0,5,1,5,2,1,0,0,36,17,0
/home/luana-martins/.jnose_projects/okhttp/samples/guide/src/main/java/okhttp3/recipes/WebSocketEcho.java,okhttp3.recipes.WebSocketEcho,class,7,7,2,15,21,0.0,0.0,7,1,6,1,0,0,6,0,0,0,0,0,0,0,0,0,0,0,0,30,0,0,0,0,0,9,3,2,3,2,0,0,0,0,28,17,0
/home/luana-martins/.jnose_projects/okhttp/samples/guide/src/main/java/okhttp3/recipes/HttpsServer.java,okhttp3.recipes.HttpsServer,class,9,2,1,18,1,0.0,0.0,2,1,2,0,0,0,2,0,0,0,0,0,0,0,0,0,0,0,1,18,0,0,0,0,0,2,0,8,0,8,0,0,0,0,34,1,0
/home/luana-martins/.jnose_projects/okhttp/samples/guide/src/main/java/okhttp3/guide/GetExample.java,okhttp3.guide.GetExample,class,3,2,1,8,1,0.0,0.0,2,1,1,0,0,1,2,0,0,0,1,0,0,0,0,1,0,0,0,14,1,0,0,1,0,1,0,5,0,5,1,0,0,0,21,1,0
/home/luana-martins/.jnose_projects/okhttp/samples/guide/src/main/java/okhttp3/guide/PostExample.java,okhttp3.guide.PostExample,class,5,3,1,12,3,0.0,0.0,3,1,1,0,0,2,3,0,0,0,2,1,1,0,0,1,1,0,0,20,2,0,0,1,0,15,0,8,2,8,1,0,0,0,32,1,0
/home/luana-martins/.jnose_projects/okhttp/samples/unixdomainsockets/src/main/java/okhttp3/unixdomainsockets/UnixDomainSocketFactory.java,okhttp3.unixdomainsockets.UnixDomainSocketFactory,class,3,6,2,5,13,0.0,0.0,6,0,6,0,0,0,6,0,0,0,1,0,0,1,0,0,1,0,0,26,5,0,0,0,0,0,0,4,0,4,0,0,0,0,29,17,0
/home/luana-martins/.jnose_projects/okhttp/samples/unixdomainsockets/src/main/java/okhttp3/unixdomainsockets/TunnelingUnixSocket.java,okhttp3.unixdomainsockets.TunnelingUnixSocket,class,3,5,2,2,0,0.0,0.0,5,0,3,0,0,2,5,0,0,0,2,0,0,2,0,0,1,0,0,23,1,0,0,0,0,0,1,4,0,2,0,0,0,0,43,16,0
/home/luana-martins/.jnose_projects/okhttp/samples/unixdomainsockets/src/main/java/okhttp3/unixdomainsockets/UnixDomainServerSocketFactory.java,okhttp3.unixdomainsockets.UnixDomainServerSocketFactory$UnixDomainServerSocket,innerclass,4,7,2,7,5,0.0,0.0,6,0,5,0,0,1,6,0,0,0,2,0,0,2,0,0,0,0,0,33,3,0,0,1,0,0,1,5,0,5,1,0,0,0,27,16,0
/home/luana-martins/.jnose_projects/okhttp/samples/unixdomainsockets/src/main/java/okhttp3/unixdomainsockets/UnixDomainServerSocketFactory.java,okhttp3.unixdomainsockets.UnixDomainServerSocketFactory,class,2,5,3,1,10,0.0,0.0,5,0,5,0,0,0,5,0,0,0,1,0,0,1,0,0,1,0,0,51,4,0,0,0,0,0,0,1,0,1,0,0,1,0,26,17,0
/home/luana-martins/.jnose_projects/okhttp/samples/unixdomainsockets/src/main/java/okhttp3/unixdomainsockets/ClientAndServer.java,okhttp3.unixdomainsockets.ClientAndServer,class,7,2,1,18,1,0.0,0.0,2,1,2,0,0,0,2,0,0,0,0,0,0,0,0,0,0,0,2,21,0,0,0,1,0,3,0,5,0,5,1,0,0,0,41,1,0
/home/luana-martins/.jnose_projects/okhttp/samples/simple-client/src/main/java/okhttp3/sample/OkHttpContributors.java,okhttp3.sample.OkHttpContributors$Contributor,innerclass,0,0,1,0,0,-1.0,-1.0,0,0,0,0,0,0,0,0,0,0,2,0,0,0,0,2,0,0,0,4,0,0,0,0,0,0,0,0,0,2,0,0,0,0,3,8,0
/home/luana-martins/.jnose_projects/okhttp/samples/simple-client/src/main/java/okhttp3/sample/OkHttpContributors.java,okhttp3.sample.OkHttpContributors,class,6,3,1,11,1,NaN,NaN,2,1,1,1,0,0,1,0,0,0,3,3,0,3,0,0,3,0,1,23,0,1,0,1,0,2,0,8,2,10,2,0,1,1,38,1,0
/home/luana-martins/.jnose_projects/okhttp/samples/crawler/src/main/java/okhttp3/sample/Crawler.java,okhttp3.sample.Crawler,class,7,20,1,40,0,0.0,0.0,5,1,3,2,0,0,3,0,0,0,4,0,0,4,0,0,4,0,3,83,4,3,8,3,2,12,10,26,3,25,3,0,0,1,73,17,0
/home/luana-martins/.jnose_projects/okhttp/samples/slack/src/main/java/okhttp3/slack/RtmSession.java,okhttp3.slack.RtmSession,class,5,10,2,5,0,0.0,0.0,7,0,7,0,0,0,7,0,0,1,2,0,0,2,0,0,1,0,0,35,1,0,3,0,0,6,2,4,4,4,1,0,0,0,38,17,0
/home/luana-martins/.jnose_projects/okhttp/samples/slack/src/main/java/okhttp3/slack/SlackApi.java,okhttp3.slack.SlackApi$SlackJsonAdapters,innerclass,3,4,1,4,1,0.0,0.0,2,0,0,0,0,2,2,0,0,0,0,0,0,0,0,0,0,0,0,10,2,0,0,0,0,4,2,2,2,0,1,0,0,0,10,24,0
/home/luana-martins/.jnose_projects/okhttp/samples/slack/src/main/java/okhttp3/slack/SlackApi.java,okhttp3.slack.SlackApi,class,12,6,1,15,0,0.0,0.0,5,0,5,0,0,0,5,0,0,0,6,0,3,3,0,0,6,0,0,53,4,0,1,2,0,14,0,17,0,17,1,0,1,0,91,17,0
/home/luana-martins/.jnose_projects/okhttp/samples/slack/src/main/java/okhttp3/slack/OAuthSession.java,okhttp3.slack.OAuthSession,class,0,2,1,1,0,0.0,0.0,2,0,2,0,0,0,2,0,0,0,6,0,6,0,0,0,6,0,1,19,1,0,0,0,0,2,0,6,0,6,0,0,0,0,29,17,0
/home/luana-martins/.jnose_projects/okhttp/samples/slack/src/main/java/okhttp3/slack/OAuthSessionFactory.java,okhttp3.slack.OAuthSessionFactory,class,11,15,2,21,0,0.0,0.0,7,0,5,2,0,0,5,0,0,0,4,0,0,4,0,0,2,0,0,66,6,0,6,2,0,7,4,12,1,12,1,0,1,0,79,17,0
/home/luana-martins/.jnose_projects/okhttp/samples/slack/src/main/java/okhttp3/slack/OAuthSessionFactory.java,okhttp3.slack.OAuthSessionFactory$Listener,interface,1,1,1,0,0,NaN,NaN,1,0,0,0,0,1,1,0,0,0,0,0,0,0,0,0,0,0,0,3,0,0,0,0,0,0,0,0,0,0,0,0,0,0,6,1,0
/home/luana-martins/.jnose_projects/okhttp/samples/slack/src/main/java/okhttp3/slack/SlackClient.java,okhttp3.slack.SlackClient,class,7,9,1,10,0,0.0,0.0,6,1,6,0,0,0,6,0,0,2,3,0,0,3,0,0,1,0,0,54,0,1,2,0,0,13,1,13,1,14,1,0,0,1,63,17,0
/home/luana-martins/.jnose_projects/okhttp/samples/slack/src/main/java/okhttp3/slack/RtmStartResponse.java,okhttp3.slack.RtmStartResponse,class,1,0,1,0,0,-1.0,-1.0,0,0,0,0,0,0,0,0,0,0,9,0,0,0,0,9,0,0,0,11,0,0,0,0,0,0,0,0,0,9,0,0,0,0,17,17,0
/home/luana-martins/.jnose_projects/okhttp/samples/static-server/src/main/java/okhttp3/sample/SampleServer.java,okhttp3.sample.SampleServer,class,6,23,2,40,20,0.0,0.0,9,2,4,5,0,0,4,0,0,0,3,0,0,3,0,0,3,0,12,84,15,1,1,2,0,33,5,20,5,19,2,0,0,0,68,1,0
/home/luana-martins/.jnose_projects/okhttp/okhttp-brotli/src/test/java/okhttp3/brotli/BrotliInterceptorJavaApiTest.java,okhttp3.brotli.BrotliInterceptorJavaApiTest,class,2,1,1,1,0,NaN,NaN,1,0,1,0,0,0,1,0,0,0,0,0,0,0,0,0,0,0,0,5,0,0,0,0,0,1,0,0,0,0,0,0,0,0,7,1,0
